sku_id,week_start,units_sold,seasonal_naive,model_forecast
SKU0001,2025-04-15,105,122.0,121.14222576207092
SKU0001,2025-04-22,95,118.0,111.4007372403846
SKU0001,2025-04-29,116,119.0,113.20551142313113
SKU0001,2025-05-06,87,121.0,109.92352161332778
SKU0001,2025-05-13,129,112.0,105.87680311801726
SKU0001,2025-05-20,111,103.0,108.37560145562344
SKU0002,2025-04-15,122,119.0,144.54609011147352
SKU0002,2025-04-22,138,108.0,142.23498732574862
SKU0002,2025-04-29,151,153.0,134.56199571140928
SKU0002,2025-05-06,141,116.0,133.347689246442
SKU0002,2025-05-13,128,117.0,136.3916697314619
SKU0002,2025-05-20,117,123.0,133.03985657602038
SKU0003,2025-04-15,53,61.0,51.770886714686725
SKU0003,2025-04-22,38,64.0,53.174570332218174
SKU0003,2025-04-29,44,69.0,48.851005646132926
SKU0003,2025-05-06,41,58.0,47.39339912444522
SKU0003,2025-05-13,44,66.0,45.25199631084509
SKU0003,2025-05-20,43,55.0,44.416562337101766
SKU0004,2025-04-15,199,183.0,231.65946092680642
SKU0004,2025-04-22,253,182.0,225.84951235213308
SKU0004,2025-04-29,203,164.0,234.90431721858968
SKU0004,2025-05-06,240,176.0,232.0387590367631
SKU0004,2025-05-13,182,210.0,232.19472962286378
SKU0004,2025-05-20,203,178.0,217.77124823596645
SKU0005,2025-04-15,312,221.0,307.61994184925675
SKU0005,2025-04-22,271,206.0,288.48847221233206
SKU0005,2025-04-29,282,235.0,299.48382059498283
SKU0005,2025-05-06,262,210.0,294.6570669910902
SKU0005,2025-05-13,268,184.0,288.90285622643705
SKU0005,2025-05-20,242,208.0,280.09104583000055
SKU0006,2025-04-15,185,225.0,221.2047442359424
SKU0006,2025-04-22,203,201.0,205.7784545238262
SKU0006,2025-04-29,181,208.0,212.17053809229117
SKU0006,2025-05-06,184,204.0,194.69329413713524
SKU0006,2025-05-13,237,205.0,194.172328945482
SKU0006,2025-05-20,204,218.0,199.27340718089548
SKU0007,2025-04-15,95,85.0,95.63571192118441
SKU0007,2025-04-22,100,99.0,96.16970916348875
SKU0007,2025-04-29,93,81.0,95.91019581164328
SKU0007,2025-05-06,89,89.0,93.01604604870964
SKU0007,2025-05-13,81,72.0,94.82926880798954
SKU0007,2025-05-20,100,88.0,89.90239176621033
SKU0008,2025-05-20,147,157.5,150.0967121554616
SKU0009,2025-04-15,63,69.0,66.89017088816833
SKU0009,2025-04-22,67,59.0,66.308175148006
SKU0009,2025-04-29,57,70.0,67.14491352239484
SKU0009,2025-05-06,55,77.0,62.871184997654055
SKU0009,2025-05-13,69,58.0,60.382574877052164
SKU0009,2025-05-20,65,60.0,64.0266437404452
SKU0010,2025-04-15,64,46.0,54.75820401751698
SKU0010,2025-04-22,52,44.0,56.97901669115293
SKU0010,2025-04-29,55,45.0,54.49842550273209
SKU0010,2025-05-06,54,46.0,53.639099156726196
SKU0010,2025-05-13,50,52.0,52.43282219900308
SKU0010,2025-05-20,49,45.0,51.0684313395569
SKU0011,2025-04-15,60,77.0,65.09245512735541
SKU0011,2025-04-22,65,65.0,62.500169790871084
SKU0011,2025-04-29,58,60.0,64.61221260143549
SKU0011,2025-05-06,51,61.0,61.33312166887933
SKU0011,2025-05-13,50,68.0,56.25100285546716
SKU0011,2025-05-20,63,63.0,53.390307900106585
SKU0012,2025-04-15,115,124.0,90.08336591015659
SKU0012,2025-04-22,95,115.0,95.45378527848534
SKU0012,2025-04-29,87,111.0,91.14419020019346
SKU0012,2025-05-06,89,110.0,87.22802276773767
SKU0012,2025-05-13,66,108.0,89.00844062614024
SKU0012,2025-05-20,97,107.0,80.80587709294156
SKU0013,2025-04-15,49,73.0,73.64490891583117
SKU0013,2025-04-22,52,67.0,68.55522274769196
SKU0013,2025-04-29,75,78.0,64.47301519730807
SKU0013,2025-05-06,62,61.0,65.99084409686839
SKU0013,2025-05-13,63,66.0,62.166211915801405
SKU0013,2025-05-20,64,69.0,62.98855770088891
SKU0014,2025-04-15,94,114.0,105.21313904329222
SKU0014,2025-04-22,95,100.0,100.83964676606082
SKU0014,2025-04-29,83,115.0,102.59156601969667
SKU0014,2025-05-06,116,96.0,96.16667998691689
SKU0014,2025-05-13,106,113.0,105.83120630754793
SKU0014,2025-05-20,93,109.0,98.08999936195517
SKU0015,2025-04-15,174,196.0,168.19308258350716
SKU0015,2025-04-22,149,155.0,171.7121713502998
SKU0015,2025-04-29,141,112.0,165.04169829320088
SKU0015,2025-05-06,162,183.0,161.7962213171107
SKU0015,2025-05-13,182,151.0,154.63498388534887
SKU0015,2025-05-20,174,142.0,159.33316632088068
SKU0017,2025-04-15,204,193.0,224.78326936605563
SKU0017,2025-04-22,226,200.0,216.56431987037996
SKU0017,2025-04-29,215,240.0,223.2488531321535
SKU0017,2025-05-06,209,197.0,221.05430611197812
SKU0017,2025-05-13,206,214.0,216.45081782985102
SKU0017,2025-05-20,200,176.0,217.76001909754993
SKU0018,2025-04-15,162,126.0,160.05343410111007
SKU0018,2025-04-22,148,120.0,152.87370549302787
SKU0018,2025-04-29,164,136.0,159.6848853352972
SKU0018,2025-05-06,139,128.0,161.78720010481558
SKU0018,2025-05-13,142,125.0,153.00732414416186
SKU0018,2025-05-20,149,129.0,149.95182133166534
SKU0019,2025-04-15,200,144.0,171.80383892131474
SKU0019,2025-04-22,197,148.0,187.04942211574644
SKU0019,2025-04-29,171,137.0,185.4274675008063
SKU0019,2025-05-06,177,156.0,182.8618789784704
SKU0019,2025-05-13,155,122.0,174.33385359030314
SKU0019,2025-05-20,155,128.0,164.46387795891536
SKU0020,2025-04-15,251,211.0,280.33103292642596
SKU0020,2025-04-22,249,192.0,283.4862873040212
SKU0020,2025-04-29,277,210.0,289.2486297006016
SKU0020,2025-05-06,289,185.0,279.9142791125547
SKU0020,2025-05-13,218,211.0,279.8081738888807
SKU0020,2025-05-20,220,166.0,266.8553397477048
SKU0021,2025-04-15,144,106.1086956521739,133.95315215760195
SKU0021,2025-04-22,125,106.91489361702128,134.77827979576404
SKU0021,2025-04-29,121,107.29166666666669,133.06374514931963
SKU0021,2025-05-06,122,107.57142857142856,130.0885871840598
SKU0021,2025-05-13,136,107.86,122.76521688690053
SKU0021,2025-05-20,119,108.41176470588236,127.81836255128326
SKU0022,2025-04-15,59,70.0,66.00953536099023
SKU0022,2025-04-22,67,60.0,65.0889750681643
SKU0022,2025-04-29,58,76.0,67.19872331902566
SKU0022,2025-05-06,60,58.0,61.26771521826453
SKU0022,2025-05-13,54,59.0,62.297723752021746
SKU0022,2025-05-20,70,63.0,60.36586064909573
SKU0023,2025-04-15,198,179.76,220.1260969896646
SKU0023,2025-04-22,203,180.46153846153845,202.41887123029684
SKU0023,2025-04-29,200,181.2962962962963,206.19127571764398
SKU0023,2025-05-06,194,181.9642857142857,205.49266757224433
SKU0023,2025-05-13,206,182.3793103448276,197.14034293179688
SKU0023,2025-05-20,193,183.16666666666663,194.80358482896295
SKU0024,2025-04-15,168,127.0,163.35695261119952
SKU0024,2025-04-22,169,118.0,165.16133332630085
SKU0024,2025-04-29,159,115.0,162.61231002310438
SKU0024,2025-05-06,144,110.0,162.22456608130398
SKU0024,2025-05-13,141,128.0,154.837995241754
SKU0024,2025-05-20,154,119.0,149.6541143392873
SKU0025,2025-04-15,30,37.0,33.61609177216605
SKU0025,2025-04-22,44,32.0,32.94156077601746
SKU0025,2025-04-29,35,34.0,39.16958894342514
SKU0025,2025-05-06,38,45.0,35.630008187838285
SKU0025,2025-05-13,34,44.0,36.70731584351574
SKU0025,2025-05-20,37,42.0,33.154344027855075
SKU0026,2025-04-15,233,178.0,226.69314322485985
SKU0026,2025-04-22,228,156.0,214.50324893550507
SKU0026,2025-04-29,202,179.0,216.36058506454793
SKU0026,2025-05-06,194,183.0,220.02698556994824
SKU0026,2025-05-13,208,183.0,220.15592960725502
SKU0026,2025-05-20,199,157.0,212.98453335087407
SKU0027,2025-04-15,130,164.24,173.00184492092748
SKU0027,2025-04-22,157,162.92307692307693,159.57426657143606
SKU0027,2025-04-29,193,162.7037037037037,153.65201246857816
SKU0027,2025-05-06,196,163.78571428571428,169.81393448271544
SKU0027,2025-05-13,159,164.89655172413794,174.2265505503999
SKU0027,2025-05-20,168,164.7,158.98248956839842
SKU0028,2025-04-15,105,85.0,111.99684844420455
SKU0028,2025-04-22,103,92.0,113.57827297044771
SKU0028,2025-04-29,112,89.0,108.81040026254887
SKU0028,2025-05-06,96,97.0,108.49230086573462
SKU0028,2025-05-13,107,97.0,112.29942021835733
SKU0028,2025-05-20,104,92.0,107.3233234853605
SKU0029,2025-04-15,172,134.0,166.19638618254072
SKU0029,2025-04-22,178,150.0,165.49624320380548
SKU0029,2025-04-29,180,144.0,165.07451245456892
SKU0029,2025-05-06,156,120.0,166.59459997740643
SKU0029,2025-05-13,166,134.0,156.32265218014237
SKU0029,2025-05-20,151,125.0,160.83059082717958
SKU0030,2025-04-15,66,51.0,56.42158568320444
SKU0030,2025-04-22,59,40.0,60.81822154573701
SKU0030,2025-04-29,63,52.0,59.157001081758466
SKU0030,2025-05-06,48,47.0,60.89009480440234
SKU0030,2025-05-13,57,48.0,56.73711475807543
SKU0030,2025-05-20,56,50.0,54.26703189277997
SKU0031,2025-04-15,107,92.0,109.9739451015411
SKU0031,2025-04-22,104,103.0,113.28117732816831
SKU0031,2025-04-29,96,95.0,110.37035098757777
SKU0031,2025-05-06,99,92.0,110.57729048616184
SKU0031,2025-05-13,104,119.0,104.67483984462002
SKU0031,2025-05-20,98,84.0,101.48177246152734
SKU0032,2025-04-15,146,123.0,158.3177285144327
SKU0032,2025-04-22,151,115.0,156.88611834208717
SKU0032,2025-04-29,147,122.0,159.55029066565479
SKU0032,2025-05-06,172,139.0,157.86540891206258
SKU0032,2025-05-13,171,128.0,158.93418628821286
SKU0032,2025-05-20,154,132.0,161.37859683626755
SKU0033,2025-04-15,35,27.0,33.18674050483421
SKU0033,2025-04-22,34,29.0,34.13239517107802
SKU0033,2025-04-29,36,38.0,32.77533670750742
SKU0033,2025-05-06,35,32.0,32.6104715147357
SKU0033,2025-05-13,24,30.0,32.63762508053851
SKU0033,2025-05-20,34,24.0,29.433021731130683
SKU0034,2025-04-15,180,132.28,157.7432888895115
SKU0034,2025-04-22,173,134.1153846153846,160.51944920108522
SKU0034,2025-04-29,146,135.55555555555554,162.4006730629422
SKU0034,2025-05-06,180,135.92857142857142,153.7583684593309
SKU0034,2025-05-13,143,137.44827586206895,158.1592911499261
SKU0034,2025-05-20,162,137.63333333333333,150.78247808210725
SKU0035,2025-04-15,52,41.0,47.89663451535734
SKU0035,2025-04-22,45,54.0,46.22572128571165
SKU0035,2025-04-29,58,46.0,47.73184994971196
SKU0035,2025-05-06,57,49.0,46.398799221329476
SKU0035,2025-05-13,49,40.0,49.16711229711221
SKU0035,2025-05-20,44,45.0,46.77141893203184
SKU0036,2025-04-15,194,153.0,208.84475406564331
SKU0036,2025-04-22,198,134.0,200.35985251042118
SKU0036,2025-04-29,210,172.0,199.16510669494556
SKU0036,2025-05-06,199,151.0,190.56168742276282
SKU0036,2025-05-13,202,132.0,192.59436758392516
SKU0036,2025-05-20,209,177.0,192.34722173341515
SKU0037,2025-04-15,60,58.08695652173913,85.39085625040411
SKU0037,2025-04-22,73,58.12765957446808,79.43327549479426
SKU0037,2025-04-29,67,58.4375,79.84953377841113
SKU0037,2025-05-06,96,58.61224489795919,69.40940618808486
SKU0037,2025-05-13,76,59.36,78.64513983454951
SKU0037,2025-05-20,66,59.68627450980392,71.1869313607433
SKU0038,2025-04-15,192,178.0,200.0077144176387
SKU0038,2025-04-22,203,146.0,199.5624366255745
SKU0038,2025-04-29,208,144.0,209.325557768636
SKU0038,2025-05-06,203,153.0,211.33201830564371
SKU0038,2025-05-13,216,170.0,195.97946927107856
SKU0038,2025-05-20,185,167.0,204.74252690805648
SKU0039,2025-04-15,200,192.17391304347825,220.07801358633637
SKU0039,2025-04-22,179,192.3404255319149,216.34437806853933
SKU0039,2025-04-29,214,192.0625,197.72802428876142
SKU0039,2025-05-06,240,192.51020408163265,203.265050060336
SKU0039,2025-05-13,208,193.46,203.67409762508103
SKU0039,2025-05-20,231,193.7450980392157,204.8206960535959
SKU0040,2025-05-20,22,26.5,27.66108492223176
SKU0041,2025-04-15,154,126.0,148.10162463677244
SKU0041,2025-04-22,174,139.0,144.35376427675718
SKU0041,2025-04-29,173,134.0,160.29957517243966
SKU0041,2025-05-06,129,129.0,152.4353959046968
SKU0041,2025-05-13,125,94.0,149.44989722593823
SKU0041,2025-05-20,124,104.0,148.43234100634194
SKU0042,2025-04-15,72,42.0,74.17995981982408
SKU0042,2025-04-22,67,64.0,74.85097842342894
SKU0042,2025-04-29,67,56.0,73.21718516711529
SKU0042,2025-05-06,64,51.0,71.43923558713382
SKU0042,2025-05-13,66,47.0,67.92531101610076
SKU0042,2025-05-20,62,56.0,68.11213611661012
SKU0043,2025-04-15,86,63.0,84.55845918410837
SKU0043,2025-04-22,84,79.0,85.64541676329563
SKU0043,2025-04-29,74,76.0,85.86775200826287
SKU0043,2025-05-06,62,64.0,83.63213440344505
SKU0043,2025-05-13,77,59.0,79.09458086853778
SKU0043,2025-05-20,76,79.0,76.5130381734507
SKU0044,2025-04-15,239,198.0,237.92528830864708
SKU0044,2025-04-22,240,183.0,231.9101866186037
SKU0044,2025-04-29,222,185.0,253.48253197794654
SKU0044,2025-05-06,262,167.0,231.82883479688414
SKU0044,2025-05-13,196,218.0,232.65515349493145
SKU0044,2025-05-20,206,231.0,236.02443505011615
SKU0045,2025-04-15,60,55.04,65.20080457206696
SKU0045,2025-04-22,65,55.23076923076923,63.535948734947475
SKU0045,2025-04-29,67,55.5925925925926,63.85649925122799
SKU0045,2025-05-06,61,56.0,63.812203980982346
SKU0045,2025-05-13,58,56.172413793103445,61.52760141474057
SKU0045,2025-05-20,66,56.23333333333333,62.23367130405753
SKU0046,2025-04-15,86,77.0,105.65919667783645
SKU0046,2025-04-22,95,92.0,101.22108781120428
SKU0046,2025-04-29,116,104.0,101.06979540143385
SKU0046,2025-05-06,96,93.0,105.12177053181243
SKU0046,2025-05-13,101,83.0,100.49023535446712
SKU0046,2025-05-20,100,80.0,102.58520976431853
SKU0047,2025-04-15,145,132.0,136.3108931405729
SKU0047,2025-04-22,125,137.0,140.47850013635176
SKU0047,2025-04-29,118,152.0,140.93883574784317
SKU0047,2025-05-06,121,179.0,132.97449311518972
SKU0047,2025-05-13,121,124.0,127.11998248485543
SKU0047,2025-05-20,132,156.0,123.63710930057557
SKU0048,2025-04-15,177,89.0,149.66668108808696
SKU0048,2025-04-22,156,123.0,158.80458367330553
SKU0048,2025-04-29,170,100.0,160.40253936326363
SKU0048,2025-05-06,165,108.0,165.17207568267906
SKU0048,2025-05-13,152,102.0,151.63570313450464
SKU0048,2025-05-20,146,101.0,153.15808718616972
SKU0049,2025-04-15,159,124.21739130434784,146.0685128602285
SKU0049,2025-04-22,132,124.95744680851064,142.74319018071623
SKU0049,2025-04-29,147,125.10416666666669,143.15642758229183
SKU0049,2025-05-06,133,125.55102040816328,141.46021707165988
SKU0049,2025-05-13,139,125.7,133.124168309135
SKU0049,2025-05-20,132,125.96078431372548,133.0389307496813
SKU0050,2025-04-15,163,153.0,163.54593259900568
SKU0050,2025-04-22,209,161.0,163.05843153958463
SKU0050,2025-04-29,176,162.0,179.90122377757044
SKU0050,2025-05-06,160,198.0,174.72649626635493
SKU0050,2025-05-13,147,147.0,172.2855970478434
SKU0050,2025-05-20,165,140.0,148.83578390567544
SKU0051,2025-04-15,118,94.88,115.56162509827551
SKU0051,2025-04-22,124,95.76923076923076,119.58798200978448
SKU0051,2025-04-29,103,96.8148148148148,119.26744422775572
SKU0051,2025-05-06,111,97.03571428571428,112.35612053586237
SKU0051,2025-05-13,101,97.51724137931036,109.64855288782034
SKU0051,2025-05-20,97,97.63333333333334,104.73985660292932
SKU0052,2025-04-15,237,213.0,248.78219706295394
SKU0052,2025-04-22,278,223.0,242.97939923909962
SKU0052,2025-04-29,250,224.0,256.8179274638583
SKU0052,2025-05-06,198,241.0,255.66612367152732
SKU0052,2025-05-13,204,168.0,243.8121903128189
SKU0052,2025-05-20,212,201.0,246.67131623562236
SKU0053,2025-04-15,113,104.0,124.85378974824052
SKU0053,2025-04-22,122,101.0,118.71961251323465
SKU0053,2025-04-29,105,69.0,125.49769104560171
SKU0053,2025-05-06,123,89.0,122.04450506132937
SKU0053,2025-05-13,117,88.0,116.86464898825612
SKU0053,2025-05-20,124,84.0,118.20470512941495
SKU0054,2025-04-15,277,265.0,298.8572750085658
SKU0054,2025-04-22,252,274.0,304.61140110335003
SKU0054,2025-04-29,261,247.0,289.34151848485715
SKU0054,2025-05-06,261,241.0,281.1182009747267
SKU0054,2025-05-13,233,211.0,283.86392459685464
SKU0054,2025-05-20,254,188.0,264.1300538622443
SKU0055,2025-04-15,48,62.0,39.98767285920747
SKU0055,2025-04-22,43,55.0,42.59581449016951
SKU0055,2025-04-29,47,49.0,44.74467623250638
SKU0055,2025-05-06,46,47.0,42.48028703278431
SKU0055,2025-05-13,39,49.0,44.22065668695257
SKU0055,2025-05-20,45,44.0,41.34119549309451
SKU0056,2025-04-15,35,24.0,30.280807766520315
SKU0056,2025-04-22,32,19.0,32.116851206497365
SKU0056,2025-04-29,26,25.0,30.90677837671552
SKU0056,2025-05-06,36,25.0,28.966345681750177
SKU0056,2025-05-13,31,22.0,30.922117019610198
SKU0056,2025-05-20,30,27.0,30.3621579729212
SKU0057,2025-04-15,180,148.0,173.4768940454388
SKU0057,2025-04-22,179,98.0,181.63694470853002
SKU0057,2025-04-29,164,137.0,185.0277610570211
SKU0057,2025-05-06,177,174.0,175.50297628236808
SKU0057,2025-05-13,190,132.0,175.016931733642
SKU0057,2025-05-20,185,163.0,178.76460050210554
SKU0058,2025-04-15,291,297.0,313.60460307507776
SKU0058,2025-04-22,297,239.0,305.98556809341426
SKU0058,2025-04-29,300,234.0,306.52626645416547
SKU0058,2025-05-06,343,268.0,301.7039593498308
SKU0058,2025-05-13,272,249.0,320.0269713142231
SKU0058,2025-05-20,330,205.0,296.5267477335912
SKU0059,2025-04-15,210,186.68,175.7464236544378
SKU0059,2025-04-22,164,187.57692307692307,173.78101039431633
SKU0059,2025-04-29,204,186.7037037037037,171.53649868923816
SKU0059,2025-05-06,209,187.32142857142856,175.63398523427617
SKU0059,2025-05-13,217,188.06896551724137,185.3716022065116
SKU0059,2025-05-20,162,189.03333333333333,183.31871862865
SKU0060,2025-04-15,121,82.0,121.46142285644997
SKU0060,2025-04-22,108,91.0,122.82126635742571
SKU0060,2025-04-29,113,99.0,119.2868770422568
SKU0060,2025-05-06,104,76.0,118.57350945151215
SKU0060,2025-05-13,105,106.0,111.44974519179573
SKU0060,2025-05-20,115,82.0,106.02149597998938
SKU0061,2025-05-20,76,98.25,92.61383263693251
SKU0062,2025-04-15,136,132.0,160.6826667201856
SKU0062,2025-04-22,141,178.0,155.772925827862
SKU0062,2025-04-29,149,144.0,152.50374888344697
SKU0062,2025-05-06,152,129.0,146.57261206557268
SKU0062,2025-05-13,107,139.0,142.09926549112944
SKU0062,2025-05-20,178,145.0,128.6422920280476
SKU0063,2025-04-15,143,177.0,143.76452500341315
SKU0063,2025-04-22,161,156.0,141.19215027225025
SKU0063,2025-04-29,114,165.0,143.47912198827305
SKU0063,2025-05-06,135,160.0,134.46836175064084
SKU0063,2025-05-13,161,168.0,133.45977523645723
SKU0063,2025-05-20,126,133.0,138.25706362280667
SKU0064,2025-04-15,171,155.0,168.0463622510142
SKU0064,2025-04-22,182,203.0,175.53470120862755
SKU0064,2025-04-29,188,164.0,169.32107100553364
SKU0064,2025-05-06,177,171.0,183.31582755370786
SKU0064,2025-05-13,175,193.0,185.20606960260338
SKU0064,2025-05-20,129,209.0,173.2911934981739
SKU0065,2025-04-15,169,150.0,142.50120697511915
SKU0065,2025-04-22,129,165.0,147.01058711810572
SKU0065,2025-04-29,112,195.0,143.50451020522348
SKU0065,2025-05-06,170,170.0,135.7861349989782
SKU0065,2025-05-13,133,189.0,141.3706669551674
SKU0065,2025-05-20,118,191.0,134.34169253796057
SKU0066,2025-04-15,8,12.73913043478261,13.745237204903907
SKU0066,2025-04-22,14,12.638297872340424,12.775741785689393
SKU0066,2025-04-29,19,12.666666666666666,12.392301497683787
SKU0066,2025-05-06,12,12.79591836734694,12.567934931736367
SKU0066,2025-05-13,12,12.78,11.272890798293693
SKU0066,2025-05-20,10,12.764705882352942,12.238680569831411
SKU0067,2025-04-15,171,168.0,159.41998833489566
SKU0067,2025-04-22,168,162.0,152.91839646674566
SKU0067,2025-04-29,186,118.0,156.93174675894116
SKU0067,2025-05-06,143,143.0,169.9846603356178
SKU0067,2025-05-13,170,146.0,150.9251591979366
SKU0067,2025-05-20,115,133.0,159.74747772799074
SKU0068,2025-04-15,182,143.0,195.46490149578457
SKU0068,2025-04-22,209,167.0,185.99791020830364
SKU0068,2025-04-29,209,157.0,188.9175286309467
SKU0068,2025-05-06,178,146.0,193.4874449204677
SKU0068,2025-05-13,214,167.0,187.35813104948497
SKU0068,2025-05-20,196,131.0,195.02269207053803
SKU0069,2025-04-15,185,223.0,231.52114567861156
SKU0069,2025-04-22,159,187.0,213.1178353469014
SKU0069,2025-04-29,205,192.0,200.91194750714254
SKU0069,2025-05-06,253,207.0,198.37212866784827
SKU0069,2025-05-13,228,165.0,207.0930182497145
SKU0069,2025-05-20,131,163.0,196.74789465986896
SKU0070,2025-04-15,222,251.0,266.2982688200469
SKU0070,2025-04-22,219,232.0,257.21386631493345
SKU0070,2025-04-29,212,197.0,252.65612570703465
SKU0070,2025-05-06,203,245.0,245.70599885632186
SKU0070,2025-05-13,227,238.0,244.32297740774072
SKU0070,2025-05-20,217,200.0,230.61817315496546
SKU0071,2025-04-15,73,60.0,70.6402992369537
SKU0071,2025-04-22,68,56.0,73.3480738127668
SKU0071,2025-04-29,59,61.0,69.38961227105968
SKU0071,2025-05-06,73,56.0,64.13407141834621
SKU0071,2025-05-13,69,43.0,65.90049154929923
SKU0071,2025-05-20,70,48.0,67.30257849771304
SKU0072,2025-05-20,170,176.125,167.48538574811317
SKU0073,2025-04-15,309,256.0,313.94949570254875
SKU0073,2025-04-22,272,236.0,294.4049163688337
SKU0073,2025-04-29,326,209.0,301.85486018355965
SKU0073,2025-05-06,289,224.0,299.8583602647154
SKU0073,2025-05-13,294,274.0,302.4212290803653
SKU0073,2025-05-20,263,188.0,285.52234767115795
SKU0074,2025-04-15,132,136.0,159.3967722468467
SKU0074,2025-04-22,164,149.0,153.79389045961366
SKU0074,2025-04-29,156,151.0,152.88002753723907
SKU0074,2025-05-06,150,131.0,155.76172229483757
SKU0074,2025-05-13,109,137.0,151.63346851231725
SKU0074,2025-05-20,167,134.0,133.99877689917645
SKU0075,2025-04-15,250,146.76,185.66831433418915
SKU0075,2025-04-22,179,150.73076923076923,189.54882210832832
SKU0075,2025-04-29,211,151.77777777777777,176.15593077739896
SKU0075,2025-05-06,202,153.89285714285714,185.0296505305408
SKU0075,2025-05-13,194,155.55172413793105,199.02243628814938
SKU0075,2025-05-20,168,156.83333333333334,187.35967222081385
SKU0076,2025-04-15,266,188.8913043478261,269.2534233203742
SKU0076,2025-04-22,277,190.53191489361703,276.75297070092137
SKU0076,2025-04-29,214,192.33333333333331,273.84873928476304
SKU0076,2025-05-06,274,192.77551020408163,238.5188490756507
SKU0076,2025-05-13,264,194.4,256.95712102646587
SKU0076,2025-05-20,266,195.76470588235293,232.020997234264
SKU0077,2025-04-15,172,127.0,185.8128162022455
SKU0077,2025-04-22,171,137.0,181.85861138696768
SKU0077,2025-04-29,162,139.0,179.03548963038546
SKU0077,2025-05-06,173,142.0,173.78934519056193
SKU0077,2025-05-13,158,129.0,178.38972741843259
SKU0077,2025-05-20,159,150.0,165.2369854381387
SKU0078,2025-05-20,16,18.5,18.285134813696214
SKU0079,2025-04-15,118,142.0,128.07390830900925
SKU0079,2025-04-22,102,147.0,124.12172106033789
SKU0079,2025-04-29,86,151.0,117.51448302968151
SKU0079,2025-05-06,137,132.0,109.695927920822
SKU0079,2025-05-13,117,126.0,113.89292792631375
SKU0079,2025-05-20,104,138.0,114.12361111306555
SKU0080,2025-04-15,74,51.26086956521739,63.1969554579647
SKU0080,2025-04-22,63,51.74468085106383,63.102134287240474
SKU0080,2025-04-29,73,51.97916666666666,63.273206155527845
SKU0080,2025-05-06,56,52.40816326530612,61.57895317256256
SKU0080,2025-05-13,65,52.48,60.378109388453176
SKU0080,2025-05-20,70,52.72549019607843,61.10305767885323
SKU0081,2025-04-15,42,34.0,34.331939418765685
SKU0081,2025-04-22,34,31.0,38.12619724776777
SKU0081,2025-04-29,35,27.0,35.282773405086715
SKU0081,2025-05-06,35,32.0,35.388866123584364
SKU0081,2025-05-13,26,28.0,34.93073856743888
SKU0081,2025-05-20,35,23.0,31.07516133342709
SKU0082,2025-04-15,20,15.0,24.45645943066826
SKU0082,2025-04-22,20,17.0,24.557908575533848
SKU0082,2025-04-29,24,17.0,23.87905087194539
SKU0082,2025-05-06,21,17.0,22.844848321192266
SKU0082,2025-05-13,22,14.0,23.124125592248873
SKU0082,2025-05-20,22,14.0,22.944586741502423
SKU0083,2025-04-15,75,89.0,85.39391447359506
SKU0083,2025-04-22,79,60.0,81.5474873035566
SKU0083,2025-04-29,68,79.0,85.08365000211353
SKU0083,2025-05-06,88,68.0,82.21544993431904
SKU0083,2025-05-13,92,93.0,81.33453749319669
SKU0083,2025-05-20,75,78.0,80.10426856389536
SKU0084,2025-04-15,120,159.0,132.3860020019318
SKU0084,2025-04-22,102,154.0,135.52576220075892
SKU0084,2025-04-29,152,158.0,130.0869901290282
SKU0084,2025-05-06,150,139.0,132.00581269138965
SKU0084,2025-05-13,109,113.0,132.38897084492413
SKU0084,2025-05-20,140,142.0,128.18771987627147
SKU0085,2025-04-15,66,51.0,53.45713834679778
SKU0085,2025-04-22,48,67.0,57.152124147270754
SKU0085,2025-04-29,54,61.0,54.18792112049949
SKU0085,2025-05-06,62,55.0,53.00919474510942
SKU0085,2025-05-13,52,68.0,53.296902432791946
SKU0085,2025-05-20,61,50.0,51.36759497755541
SKU0088,2025-04-15,115,79.64,103.13900046661496
SKU0088,2025-04-22,94,81.0,104.34400379175263
SKU0088,2025-04-29,105,81.48148148148148,100.98380543704901
SKU0088,2025-05-06,98,82.32142857142857,100.26676861306312
SKU0088,2025-05-13,102,82.86206896551724,101.88494015148235
SKU0088,2025-05-20,100,83.5,94.00943059300634
SKU0089,2025-04-15,209,159.0,190.41646536425904
SKU0089,2025-04-22,187,135.0,189.82850264272489
SKU0089,2025-04-29,215,165.0,196.72116868750322
SKU0089,2025-05-06,193,179.0,191.11410737641665
SKU0089,2025-05-13,210,147.0,191.67508461406052
SKU0089,2025-05-20,169,133.0,192.56830736557035
SKU0090,2025-04-15,221,231.0,280.2081074145489
SKU0090,2025-04-22,240,209.0,245.5748946682387
SKU0090,2025-04-29,219,215.0,273.5047550180672
SKU0090,2025-05-06,248,245.0,255.02270909674448
SKU0090,2025-05-13,223,218.0,252.12578664399274
SKU0090,2025-05-20,202,181.0,246.51056712050465
SKU0091,2025-04-15,175,173.96,192.6729026347543
SKU0091,2025-04-22,161,174.0,189.41032067595413
SKU0091,2025-04-29,200,173.5185185185185,182.3568362847069
SKU0091,2025-05-06,178,174.46428571428572,175.9815973706341
SKU0091,2025-05-13,168,174.58620689655172,177.34034090478485
SKU0091,2025-05-20,189,174.36666666666667,173.27771111044567
SKU0092,2025-04-15,172,139.0,168.179524747488
SKU0092,2025-04-22,185,140.0,170.53942693016427
SKU0092,2025-04-29,167,133.0,175.278747219467
SKU0092,2025-05-06,174,142.0,178.00142181420355
SKU0092,2025-05-13,167,146.0,175.62200733789157
SKU0092,2025-05-20,143,146.0,173.08956017716883
SKU0093,2025-04-15,134,92.0,129.89306345895076
SKU0093,2025-04-22,133,93.0,133.83243866876103
SKU0093,2025-04-29,130,95.0,134.73949750429045
SKU0093,2025-05-06,115,97.0,136.83619789689072
SKU0093,2025-05-13,92,89.0,124.33188764286798
SKU0093,2025-05-20,130,80.0,116.51156634732901
SKU0094,2025-05-20,50,42.375,36.91466707622274
SKU0095,2025-04-15,27,27.52,31.13041605479352
SKU0095,2025-04-22,30,27.5,28.75161279801461
SKU0095,2025-04-29,29,27.59259259259259,29.585202415768112
SKU0095,2025-05-06,25,27.642857142857142,28.9489596676714
SKU0095,2025-05-13,26,27.55172413793104,27.691430054869976
SKU0095,2025-05-20,27,27.5,28.035623409246487
SKU0096,2025-04-15,195,122.7608695652174,183.51119407748763
SKU0096,2025-04-22,195,124.29787234042551,180.40382404266205
SKU0096,2025-04-29,180,125.77083333333331,184.56483781135879
SKU0096,2025-05-06,193,126.87755102040816,183.09328291665742
SKU0096,2025-05-13,179,128.2,181.03934511859075
SKU0096,2025-05-20,175,129.19607843137254,178.42526995781205
SKU0097,2025-04-15,143,145.0,145.3095341746611
SKU0097,2025-04-22,137,152.0,142.77214755729275
SKU0097,2025-04-29,127,156.0,140.55356042739652
SKU0097,2025-05-06,132,137.0,134.1402399593993
SKU0097,2025-05-13,203,149.0,129.3363192740249
SKU0097,2025-05-20,154,141.0,143.6179256059978
SKU0098,2025-04-15,163,199.0,160.54574571988326
SKU0098,2025-04-22,161,137.0,158.44811788263922
SKU0098,2025-04-29,136,153.0,163.81512513569766
SKU0098,2025-05-06,141,133.0,157.6075675592627
SKU0098,2025-05-13,134,137.0,145.88762986720158
SKU0098,2025-05-20,153,133.0,138.11535799621217
SKU0099,2025-05-20,122,163.25,149.8923736987512
SKU0100,2025-04-15,95,62.0,89.32682079356823
SKU0100,2025-04-22,79,81.0,92.42179911344141
SKU0100,2025-04-29,95,62.0,93.68037956443214
SKU0100,2025-05-06,83,67.0,91.35934862972744
SKU0100,2025-05-13,85,74.0,91.02459877154614
SKU0100,2025-05-20,77,74.0,82.94631596247478
SKU0101,2025-04-15,83,77.0,76.65557497269718
SKU0101,2025-04-22,69,74.0,75.32820184150398
SKU0101,2025-04-29,76,62.0,75.71563455090502
SKU0101,2025-05-06,73,56.0,72.29806618819472
SKU0101,2025-05-13,57,54.0,73.25332021527981
SKU0101,2025-05-20,61,66.0,67.10054199593769
SKU0102,2025-04-15,75,77.0,86.0007527913106
SKU0102,2025-04-22,83,89.0,84.46744130995609
SKU0102,2025-04-29,95,61.0,81.25446681424278
SKU0102,2025-05-06,81,86.0,82.89408606210846
SKU0102,2025-05-13,76,66.0,82.6104135980188
SKU0102,2025-05-20,66,68.0,81.06880519661469
SKU0103,2025-04-15,219,182.0,192.32279293663365
SKU0103,2025-04-22,200,172.0,201.52567977217518
SKU0103,2025-04-29,184,164.0,196.26502545295148
SKU0103,2025-05-06,179,170.0,196.30372635423475
SKU0103,2025-05-13,197,158.0,191.7631229358317
SKU0103,2025-05-20,175,149.0,191.90901104512938
SKU0104,2025-04-15,190,180.0,175.78695754921594
SKU0104,2025-04-22,178,159.0,179.76162211739825
SKU0104,2025-04-29,154,156.0,177.3829554804518
SKU0104,2025-05-06,157,173.0,162.99381325643117
SKU0104,2025-05-13,131,179.0,168.0472158466201
SKU0104,2025-05-20,192,195.0,152.56114708595814
SKU0105,2025-04-15,163,175.0,194.17903712954796
SKU0105,2025-04-22,194,177.0,193.4453081676252
SKU0105,2025-04-29,189,159.0,193.3952002866789
SKU0105,2025-05-06,176,161.0,187.40606826493533
SKU0105,2025-05-13,194,157.0,193.09569789726183
SKU0105,2025-05-20,139,147.0,190.9954083759123
SKU0106,2025-04-15,46,37.0,49.07096451775198
SKU0106,2025-04-22,61,52.0,48.16183497613191
SKU0106,2025-04-29,47,39.0,50.70510832471457
SKU0106,2025-05-06,43,53.0,50.443019668973776
SKU0106,2025-05-13,44,40.0,47.99941428003074
SKU0106,2025-05-20,58,45.0,46.0282439249239
SKU0107,2025-04-15,220,234.0,244.65868053746019
SKU0107,2025-04-22,199,200.0,238.93918186731486
SKU0107,2025-04-29,188,201.0,235.95280621629502
SKU0107,2025-05-06,221,192.0,237.3229450256322
SKU0107,2025-05-13,196,176.0,212.91278266035525
SKU0107,2025-05-20,173,184.0,205.9664065105053
SKU0108,2025-04-15,145,98.0,134.88536495423116
SKU0108,2025-04-22,147,98.0,134.42571788234423
SKU0108,2025-04-29,126,121.0,135.17413839940428
SKU0108,2025-05-06,147,105.0,133.35809722180448
SKU0108,2025-05-13,127,114.0,129.35294330019104
SKU0108,2025-05-20,95,110.0,127.99625654313392
SKU0109,2025-04-15,148,166.0,165.78064914078672
SKU0109,2025-04-22,147,158.0,164.84558026396604
SKU0109,2025-04-29,166,170.0,159.31390739868226
SKU0109,2025-05-06,161,168.0,160.3164834678479
SKU0109,2025-05-13,153,148.0,159.1191516001028
SKU0109,2025-05-20,133,162.0,154.63259466673043
SKU0110,2025-04-15,52,61.0,60.302599676916145
SKU0110,2025-04-22,53,67.0,53.03287539696462
SKU0110,2025-04-29,48,63.0,53.63329045901233
SKU0110,2025-05-06,50,48.0,53.14609912026347
SKU0110,2025-05-13,54,55.0,50.154100425753185
SKU0110,2025-05-20,31,63.0,51.00259971931794
SKU0112,2025-04-15,25,17.0,25.85744364469353
SKU0112,2025-04-22,25,15.0,26.35525590746868
SKU0112,2025-04-29,25,18.0,26.35525590746868
SKU0112,2025-05-06,25,18.0,25.469949267784248
SKU0112,2025-05-13,22,18.0,25.3316323095621
SKU0112,2025-05-20,21,16.0,23.513673954566006
SKU0113,2025-05-20,188,167.25,151.64619062212205
SKU0114,2025-04-15,176,152.64,155.10551755713075
SKU0114,2025-04-22,159,153.53846153846155,154.70510386165262
SKU0114,2025-04-29,122,153.74074074074073,154.39750302066747
SKU0114,2025-05-06,150,152.60714285714286,147.43210705598705
SKU0114,2025-05-13,159,152.51724137931035,144.09112817509993
SKU0114,2025-05-20,160,152.73333333333332,147.92699585337178
SKU0115,2025-04-15,81,71.8695652173913,99.73035892000657
SKU0115,2025-04-22,99,72.06382978723404,92.42702487851082
SKU0115,2025-04-29,90,72.625,93.65563228508904
SKU0115,2025-05-06,88,72.9795918367347,91.49769511973409
SKU0115,2025-05-13,86,73.28,90.24534336896207
SKU0115,2025-05-20,80,73.52941176470588,87.23496193187542
SKU0116,2025-04-15,145,138.0,177.99876492267393
SKU0116,2025-04-22,154,166.0,171.37100365856745
SKU0116,2025-04-29,193,144.0,164.60057906556503
SKU0116,2025-05-06,174,156.0,184.85282175889404
SKU0116,2025-05-13,149,130.0,179.18700328900857
SKU0116,2025-05-20,160,152.0,171.98911152033173
SKU0117,2025-04-15,307,252.0,313.9163310608335
SKU0117,2025-04-22,303,239.0,297.30517798700464
SKU0117,2025-04-29,272,249.0,305.39430389580497
SKU0117,2025-05-06,278,212.0,288.3720259768513
SKU0117,2025-05-13,276,236.0,314.594677733018
SKU0117,2025-05-20,295,198.0,300.4239456893653
SKU0118,2025-04-15,107,100.0,99.02734938127948
SKU0118,2025-04-22,79,109.0,96.21881023906413
SKU0118,2025-04-29,87,92.0,95.7545461217062
SKU0118,2025-05-06,101,92.0,91.7546326327105
SKU0118,2025-05-13,92,103.0,92.77581171573397
SKU0118,2025-05-20,78,84.0,88.70024674391253
SKU0119,2025-05-20,168,162.125,152.1134239770848
SKU0120,2025-04-15,41,41.0,43.52401694662416
SKU0120,2025-04-22,37,39.0,41.496241809088616
SKU0120,2025-04-29,40,38.0,41.09805614686864
SKU0120,2025-05-06,38,39.0,40.37928312454654
SKU0120,2025-05-13,43,37.0,39.936875812048534
SKU0120,2025-05-20,38,39.0,40.35976609559682
SKU0121,2025-04-15,253,241.0,264.92557216534493
SKU0121,2025-04-22,264,240.0,273.1059968439395
SKU0121,2025-04-29,229,230.0,260.8262329956712
SKU0121,2025-05-06,254,174.0,266.2864975902564
SKU0121,2025-05-13,206,196.0,255.50341315596867
SKU0121,2025-05-20,242,210.0,240.23505965425903
SKU0122,2025-04-15,129,116.97826086956522,142.35261282798166
SKU0122,2025-04-22,125,117.23404255319149,141.18722189983666
SKU0122,2025-04-29,120,117.39583333333331,140.1827899554754
SKU0122,2025-05-06,140,117.44897959183672,133.95789676109752
SKU0122,2025-05-13,156,117.9,128.80887790220498
SKU0122,2025-05-20,132,118.6470588235294,133.58069833863033
SKU0123,2025-04-15,72,70.96,71.29802014625385
SKU0123,2025-04-22,80,71.0,71.68101264853475
SKU0123,2025-04-29,76,71.33333333333333,73.67339855441584
SKU0123,2025-05-06,76,71.5,70.93060227695364
SKU0123,2025-05-13,74,71.65517241379311,70.13816107038743
SKU0123,2025-05-20,70,71.73333333333333,68.57350755594973
SKU0124,2025-04-15,24,26.67391304347826,30.611096319190683
SKU0124,2025-04-22,28,26.617021276595743,27.452263172535137
SKU0124,2025-04-29,30,26.64583333333333,28.640645597281733
SKU0124,2025-05-06,37,26.714285714285715,28.625439026541333
SKU0124,2025-05-13,31,26.92,30.10036173437239
SKU0124,2025-05-20,22,27.0,28.1416341769271
SKU0125,2025-04-15,167,165.0,137.65570837347053
SKU0125,2025-04-22,152,174.0,143.8116938771509
SKU0125,2025-04-29,154,168.0,142.43476967141902
SKU0125,2025-05-06,149,175.0,145.9863546688048
SKU0125,2025-05-13,161,113.0,138.6142479818312
SKU0125,2025-05-20,109,115.0,145.5550657784613
SKU0126,2025-04-15,175,160.0,184.52732731857452
SKU0126,2025-04-22,166,181.0,183.2759057472849
SKU0126,2025-04-29,181,147.0,183.43305400112504
SKU0126,2025-05-06,171,152.0,177.88629698669254
SKU0126,2025-05-13,180,148.0,176.21830955330006
SKU0126,2025-05-20,173,164.0,173.8716303102679
SKU0127,2025-04-15,182,146.0,180.6893150424802
SKU0127,2025-04-22,168,143.0,183.26827118719345
SKU0127,2025-04-29,168,145.0,180.24332629459727
SKU0127,2025-05-06,168,140.0,177.1242647913168
SKU0127,2025-05-13,167,149.0,168.13973817556723
SKU0127,2025-05-20,188,144.0,169.43770777292934
SKU0128,2025-04-15,109,71.84782608695652,103.52308308093104
SKU0128,2025-04-22,125,72.63829787234043,104.28088412883729
SKU0128,2025-04-29,98,73.72916666666667,111.16408548443057
SKU0128,2025-05-06,101,74.22448979591837,106.9617060883181
SKU0128,2025-05-13,102,74.76,106.33713906458844
SKU0128,2025-05-20,103,75.29411764705883,102.62998470749145
SKU0129,2025-04-15,185,146.0,193.4926035922813
SKU0129,2025-04-22,185,153.0,183.71331964748336
SKU0129,2025-04-29,186,143.0,186.4136505228548
SKU0129,2025-05-06,182,154.0,185.7452889632391
SKU0129,2025-05-13,195,132.0,182.0607885387014
SKU0129,2025-05-20,150,150.0,183.64085439545704
SKU0130,2025-04-15,37,46.0,40.0164107344975
SKU0130,2025-04-22,37,37.0,40.71393042615169
SKU0130,2025-04-29,33,42.0,40.14809128141606
SKU0130,2025-05-06,30,38.0,33.91759385594765
SKU0130,2025-05-13,30,39.0,34.4040609770152
SKU0130,2025-05-20,34,50.0,33.687472290540654
SKU0131,2025-04-15,70,89.0,75.56544379886893
SKU0131,2025-04-22,91,69.0,74.58621251615719
SKU0131,2025-04-29,58,84.0,75.82502871836468
SKU0131,2025-05-06,70,70.0,73.75002449818159
SKU0131,2025-05-13,58,70.0,72.0429907537484
SKU0131,2025-05-20,70,85.0,69.42958851435046
SKU0132,2025-04-15,46,55.0,47.93145587541867
SKU0132,2025-04-22,45,46.0,47.82622203345199
SKU0132,2025-04-29,45,44.0,46.72177315759567
SKU0132,2025-05-06,47,51.0,45.389592089911886
SKU0132,2025-05-13,39,45.0,44.87560438678035
SKU0132,2025-05-20,34,42.0,43.295171410747706
SKU0133,2025-04-15,217,177.0,192.7991877505567
SKU0133,2025-04-22,204,181.0,201.7529626615923
SKU0133,2025-04-29,186,180.0,200.56637196696826
SKU0133,2025-05-06,147,154.0,201.63376742973873
SKU0133,2025-05-13,178,135.0,181.7720229260363
SKU0133,2025-05-20,165,151.0,184.01109043478453
SKU0134,2025-04-15,167,211.0,176.8663343688787
SKU0134,2025-04-22,135,161.0,172.91232945566415
SKU0134,2025-04-29,130,227.0,159.62668709306277
SKU0134,2025-05-06,152,168.0,157.59206798275443
SKU0134,2025-05-13,166,139.0,150.3364836881295
SKU0134,2025-05-20,149,211.0,158.46205707368662
SKU0135,2025-04-15,107,145.0,112.81410329030496
SKU0135,2025-04-22,93,138.0,112.3623520922885
SKU0135,2025-04-29,97,131.0,111.30372651116407
SKU0135,2025-05-06,99,118.0,107.85318678896772
SKU0135,2025-05-13,88,107.0,101.06990932434822
SKU0135,2025-05-20,96,113.0,95.7804036256324
SKU0136,2025-04-15,101,108.0,105.66475066511379
SKU0136,2025-04-22,107,108.0,106.17409764440566
SKU0136,2025-04-29,108,105.0,108.63450106168428
SKU0136,2025-05-06,108,97.0,112.38865330231724
SKU0136,2025-05-13,112,90.0,111.19471231507154
SKU0136,2025-05-20,93,92.0,108.92142494247001
SKU0137,2025-04-15,186,181.4782608695652,198.53860395737462
SKU0137,2025-04-22,199,181.5744680851064,190.75704987174862
SKU0137,2025-04-29,224,181.9375,195.8415574554659
SKU0137,2025-05-06,222,182.79591836734693,194.81690068824503
SKU0137,2025-05-13,185,183.58,194.84755346444243
SKU0137,2025-05-20,174,183.6078431372549,192.58965577387852
SKU0138,2025-05-20,147,152.125,145.7973303209833
SKU0139,2025-04-15,26,26.0,23.30912497627003
SKU0139,2025-04-22,19,28.0,24.09539443895914
SKU0139,2025-04-29,24,19.0,23.00306418920354
SKU0139,2025-05-06,26,21.0,21.621232972233486
SKU0139,2025-05-13,21,21.0,23.78767885910036
SKU0139,2025-05-20,21,23.0,22.80904000820055
SKU0140,2025-04-15,215,138.41304347826087,186.22660583696717
SKU0140,2025-04-22,198,140.04255319148936,190.623291443317
SKU0140,2025-04-29,211,141.25,186.4190650816407
SKU0140,2025-05-06,197,142.6734693877551,192.43109994724023
SKU0140,2025-05-13,195,143.76,202.89181672021567
SKU0140,2025-05-20,196,144.76470588235293,193.13246794543124
SKU0141,2025-04-15,85,78.0,89.46437448042927
SKU0141,2025-04-22,88,87.0,88.60783764617655
SKU0141,2025-04-29,79,77.0,89.18461102113699
SKU0141,2025-05-06,69,53.0,85.86024189713348
SKU0141,2025-05-13,75,60.0,84.32590596368182
SKU0141,2025-05-20,83,62.0,78.83036052383137
SKU0142,2025-04-15,137,142.0,131.67762747588705
SKU0142,2025-04-22,113,113.0,134.83320682808818
SKU0142,2025-04-29,122,117.0,130.17066330859328
SKU0142,2025-05-06,133,107.0,126.5246373588813
SKU0142,2025-05-13,132,108.0,123.13766300078849
SKU0142,2025-05-20,99,93.0,119.30271293009605
SKU0143,2025-04-15,142,140.32,152.90544409979287
SKU0143,2025-04-22,148,140.3846153846154,151.42435332181486
SKU0143,2025-04-29,152,140.66666666666666,146.8377602346108
SKU0143,2025-05-06,124,141.07142857142858,146.1671853235964
SKU0143,2025-05-13,153,140.48275862068965,133.66063273018307
SKU0143,2025-05-20,155,140.9,132.5039931169827
SKU0144,2025-04-15,194,150.0,167.63708481348672
SKU0144,2025-04-22,150,134.0,181.04143845840733
SKU0144,2025-04-29,153,132.0,163.337747386545
SKU0144,2025-05-06,199,114.0,165.26700338958656
SKU0144,2025-05-13,149,156.0,175.74473635285847
SKU0144,2025-05-20,188,129.0,155.73006130729325
SKU0145,2025-04-15,219,230.0,263.4218597630876
SKU0145,2025-04-22,247,193.0,262.4979097657209
SKU0145,2025-04-29,212,171.0,271.01294419817395
SKU0145,2025-05-06,257,195.0,241.66482515959228
SKU0145,2025-05-13,237,198.0,243.17959197409263
SKU0145,2025-05-20,222,169.0,249.83544679082019
SKU0146,2025-04-15,113,201.0,134.11757452265954
SKU0146,2025-04-22,129,178.0,134.04950086271768
SKU0146,2025-04-29,113,159.0,133.27588068603916
SKU0146,2025-05-06,106,133.0,122.5862933251268
SKU0146,2025-05-13,96,125.0,114.95981347225774
SKU0146,2025-05-20,110,151.0,110.2093697660485
SKU0147,2025-04-15,212,223.0,237.68655397289953
SKU0147,2025-04-22,252,181.0,230.70165326625386
SKU0147,2025-04-29,255,230.0,227.05325009319156
SKU0147,2025-05-06,219,183.0,246.6685178141447
SKU0147,2025-05-13,188,184.0,248.39071246087775
SKU0147,2025-05-20,187,190.0,234.0497878884694
SKU0148,2025-04-15,151,125.24,144.9507159426675
SKU0148,2025-04-22,159,126.23076923076924,148.5861005205106
SKU0148,2025-04-29,153,127.44444444444444,151.27323715991116
SKU0148,2025-05-06,137,128.35714285714286,150.52403923119314
SKU0148,2025-05-13,150,128.6551724137931,144.81905901957765
SKU0148,2025-05-20,142,129.36666666666667,139.62291765533138
SKU0149,2025-04-15,65,47.0,63.31345912460823
SKU0149,2025-04-22,67,56.0,64.48471144138344
SKU0149,2025-04-29,55,45.0,64.81858049245422
SKU0149,2025-05-06,62,49.0,60.65926859856585
SKU0149,2025-05-13,51,46.0,61.50258158921808
SKU0149,2025-05-20,51,44.0,59.64516773492808
SKU0150,2025-04-15,96,75.64,90.76272406147241
SKU0150,2025-04-22,88,76.42307692307692,90.51025780291472
SKU0150,2025-04-29,86,76.85185185185185,91.34246458475232
SKU0150,2025-05-06,77,77.17857142857143,87.26779813640259
SKU0150,2025-05-13,76,77.17241379310344,87.49246925422207
SKU0150,2025-05-20,83,77.13333333333334,80.62748546444904
SKU0151,2025-04-15,185,165.0,181.55054007836213
SKU0151,2025-04-22,209,173.0,183.3834949576835
SKU0151,2025-04-29,199,183.0,192.65055520623676
SKU0151,2025-05-06,165,169.0,179.1189330870049
SKU0151,2025-05-13,165,156.0,183.70114969719532
SKU0151,2025-05-20,151,133.0,187.40060733238752
SKU0152,2025-04-15,144,139.0,137.5583490911802
SKU0152,2025-04-22,136,133.0,139.36805588886952
SKU0152,2025-04-29,115,154.0,136.36353969715995
SKU0152,2025-05-06,110,148.0,136.58767354235877
SKU0152,2025-05-13,110,109.0,125.57376740993915
SKU0152,2025-05-20,110,144.0,121.37326345221173
SKU0153,2025-04-15,94,65.0,89.77747803446617
SKU0153,2025-04-22,81,77.0,90.26431247076887
SKU0153,2025-04-29,85,73.0,90.74561088807692
SKU0153,2025-05-06,83,75.0,88.27143041933282
SKU0153,2025-05-13,89,66.0,86.85973133717
SKU0153,2025-05-20,93,71.0,85.12968947061387
SKU0154,2025-04-15,114,96.0,103.54406771183343
SKU0154,2025-04-22,101,91.0,109.12070930873574
SKU0154,2025-04-29,103,81.0,108.41979894635365
SKU0154,2025-05-06,93,83.0,105.1911528368222
SKU0154,2025-05-13,81,82.0,102.51270644055106
SKU0154,2025-05-20,93,88.0,92.05765786027234
SKU0155,2025-04-15,91,107.0,102.1710415894772
SKU0155,2025-04-22,116,117.0,99.2955150493861
SKU0155,2025-04-29,96,92.0,106.75307484216754
SKU0155,2025-05-06,116,118.0,102.80545226450523
SKU0155,2025-05-13,84,132.0,105.67399040063546
SKU0155,2025-05-20,91,96.0,97.0354780486638
SKU0156,2025-04-15,42,37.0,41.9887683646625
SKU0156,2025-04-22,42,38.0,41.528428421846755
SKU0156,2025-04-29,40,39.0,42.004867879128334
SKU0156,2025-05-06,41,41.0,41.29227889104138
SKU0156,2025-05-13,44,41.0,41.376851143246014
SKU0156,2025-05-20,33,39.0,41.27482121777158
SKU0157,2025-04-15,77,48.0,69.85494665264697
SKU0157,2025-04-22,65,65.0,69.78402431791469
SKU0157,2025-04-29,62,51.0,67.93957524597197
SKU0157,2025-05-06,68,60.0,66.63065186164012
SKU0157,2025-05-13,66,60.0,66.35602839222744
SKU0157,2025-05-20,61,42.0,65.35367259815649
SKU0158,2025-04-15,79,82.0,76.70668732119289
SKU0158,2025-04-22,82,84.0,84.22022809765447
SKU0158,2025-04-29,80,74.0,83.97080972075675
SKU0158,2025-05-06,71,79.0,82.84982937578697
SKU0158,2025-05-13,83,66.0,81.39968054608005
SKU0158,2025-05-20,81,77.0,78.50447377457093
SKU0159,2025-04-15,24,20.0,22.375123253809015
SKU0159,2025-04-22,22,21.0,23.164571652189306
SKU0159,2025-04-29,25,24.0,23.83033108274624
SKU0159,2025-05-06,23,21.0,22.987270600094423
SKU0159,2025-05-13,18,19.0,22.4091054986363
SKU0159,2025-05-20,17,26.0,21.353840651809456
SKU0160,2025-05-20,34,58.0,65.3289684400205
SKU0161,2025-04-15,16,16.608695652173914,16.208234220541193
SKU0161,2025-04-22,15,16.595744680851062,16.796488508226236
SKU0161,2025-04-29,19,16.5625,16.566375480534063
SKU0161,2025-05-06,17,16.612244897959183,16.756549213898133
SKU0161,2025-05-13,16,16.62,16.385586249769393
SKU0161,2025-05-20,11,16.607843137254903,16.366153706844553
SKU0162,2025-04-15,124,197.0,150.03764641612807
SKU0162,2025-04-22,106,171.0,148.25786708347914
SKU0162,2025-04-29,126,187.0,134.913687627596
SKU0162,2025-05-06,145,141.0,134.48547585157425
SKU0162,2025-05-13,144,166.0,132.44665763186762
SKU0162,2025-05-20,176,161.0,135.10462325438434
SKU0163,2025-04-15,42,45.0,37.66210853701796
SKU0163,2025-04-22,47,38.0,40.10868554859338
SKU0163,2025-04-29,42,34.0,41.7779958136943
SKU0163,2025-05-06,36,39.0,41.924142382949555
SKU0163,2025-05-13,41,30.0,38.59164888042029
SKU0163,2025-05-20,43,33.0,41.04556967493645
SKU0164,2025-04-15,340,274.0,308.3297341466024
SKU0164,2025-04-22,264,229.0,298.9240753620368
SKU0164,2025-04-29,289,225.0,294.42152606791296
SKU0164,2025-05-06,321,223.0,288.88915013136597
SKU0164,2025-05-13,271,216.0,315.093095985159
SKU0164,2025-05-20,302,201.0,295.57731221997943
SKU0165,2025-04-15,177,170.76,184.73375830102984
SKU0165,2025-04-22,190,171.0,176.3021907247924
SKU0165,2025-04-29,184,171.7037037037037,187.86460899669314
SKU0165,2025-05-06,166,172.14285714285714,176.90525040621503
SKU0165,2025-05-13,129,171.93103448275863,171.42144946165078
SKU0165,2025-05-20,129,170.5,167.46884920342302
SKU0166,2025-04-15,223,221.0,278.85276150151077
SKU0166,2025-04-22,235,227.0,269.568590877291
SKU0166,2025-04-29,242,254.0,260.76851063688673
SKU0166,2025-05-06,266,230.0,251.89567070739605
SKU0166,2025-05-13,222,203.0,254.95356298610335
SKU0166,2025-05-20,258,224.0,251.56446570328347
SKU0167,2025-04-15,235,170.0,238.80442847879928
SKU0167,2025-04-22,220,151.0,246.95166520335914
SKU0167,2025-04-29,223,134.0,243.28377896880357
SKU0167,2025-05-06,218,176.0,251.19479430727688
SKU0167,2025-05-13,232,170.0,230.55076120256928
SKU0167,2025-05-20,212,167.0,238.28656318899726
SKU0168,2025-04-15,171,173.0,179.85149948063471
SKU0168,2025-04-22,178,214.0,181.22177996518315
SKU0168,2025-04-29,141,166.0,182.5609307950659
SKU0168,2025-05-06,142,172.0,173.24118190331376
SKU0168,2025-05-13,147,170.0,160.44827594132778
SKU0168,2025-05-20,108,166.0,161.2277584951979
SKU0169,2025-04-15,108,133.0,110.07373418210203
SKU0169,2025-04-22,102,128.0,108.46348927184052
SKU0169,2025-04-29,118,113.0,108.52238973778474
SKU0169,2025-05-06,98,126.0,107.95245367046581
SKU0169,2025-05-13,123,124.0,108.20671613845971
SKU0169,2025-05-20,105,90.0,105.41915000722264
SKU0170,2025-04-15,57,59.0,63.515648465106935
SKU0170,2025-04-22,75,54.0,62.38471035324066
SKU0170,2025-04-29,60,50.0,65.00219471482632
SKU0170,2025-05-06,66,61.0,61.552989823723884
SKU0170,2025-05-13,62,52.0,62.40583289048347
SKU0170,2025-05-20,61,52.0,62.84071067639731
SKU0171,2025-04-15,30,29.0,30.176313448505407
SKU0171,2025-04-22,31,30.0,30.478497699819446
SKU0171,2025-04-29,26,34.0,30.778947788020798
SKU0171,2025-05-06,34,26.0,29.04910833127805
SKU0171,2025-05-13,35,33.0,29.993688070136038
SKU0171,2025-05-20,26,26.0,31.40478587258359
SKU0172,2025-04-15,132,97.0,123.33978380552354
SKU0172,2025-04-22,115,115.0,124.51285914381033
SKU0172,2025-04-29,120,110.0,122.3481663722264
SKU0172,2025-05-06,128,114.0,122.53561612191044
SKU0172,2025-05-13,103,130.0,127.39865843698425
SKU0172,2025-05-20,134,131.0,114.53659611951913
SKU0173,2025-04-15,125,132.0,145.6889162175522
SKU0173,2025-04-22,134,144.0,140.75628713317403
SKU0173,2025-04-29,162,122.0,136.8545188067202
SKU0173,2025-05-06,140,121.0,143.32003475047378
SKU0173,2025-05-13,127,127.0,138.58961438761358
SKU0173,2025-05-20,120,97.0,138.09959337133824
SKU0174,2025-04-15,49,43.0,47.71839387053542
SKU0174,2025-04-22,46,43.0,47.5316472913501
SKU0174,2025-04-29,46,34.0,48.054972320445685
SKU0174,2025-05-06,56,38.0,46.08115232736892
SKU0174,2025-05-13,48,34.0,47.6438145733718
SKU0174,2025-05-20,52,30.0,48.05612457140177
SKU0175,2025-04-15,159,142.0,164.38800904343725
SKU0175,2025-04-22,184,151.0,165.44867902039203
SKU0175,2025-04-29,164,156.0,170.38742551092687
SKU0175,2025-05-06,146,132.0,162.92227371123064
SKU0175,2025-05-13,163,146.0,150.32685668745762
SKU0175,2025-05-20,186,128.0,150.94609206508932
SKU0176,2025-04-15,107,95.0,110.58140615740237
SKU0176,2025-04-22,98,90.0,109.18694532471021
SKU0176,2025-04-29,109,94.0,108.75596039673557
SKU0176,2025-05-06,117,72.0,106.63656392714692
SKU0176,2025-05-13,110,102.0,108.73800120419416
SKU0176,2025-05-20,99,102.0,105.81472958748309
SKU0177,2025-05-20,63,74.875,71.3581440326694
SKU0178,2025-04-15,144,106.0,148.15264370495643
SKU0178,2025-04-22,136,102.0,149.40134212673348
SKU0178,2025-04-29,142,105.0,144.37758324826086
SKU0178,2025-05-06,147,100.0,141.5596927508527
SKU0178,2025-05-13,145,112.0,136.23126903705815
SKU0178,2025-05-20,147,97.0,138.6746115546274
SKU0179,2025-04-15,38,51.0,51.26118149624957
SKU0179,2025-04-22,51,50.0,48.2226544286455
SKU0179,2025-04-29,43,68.0,48.33981793486217
SKU0179,2025-05-06,51,68.0,48.9181985172535
SKU0179,2025-05-13,51,58.0,45.1722552122255
SKU0179,2025-05-20,50,57.0,46.88518953470159
SKU0180,2025-04-15,70,62.17391304347826,65.4312409298859
SKU0180,2025-04-22,65,62.340425531914896,66.86438724277879
SKU0180,2025-04-29,57,62.395833333333336,66.20402801772498
SKU0180,2025-05-06,72,62.285714285714285,61.82952889993951
SKU0180,2025-05-13,54,62.48,63.07189989905239
SKU0180,2025-05-20,58,62.31372549019608,60.74477343022396
SKU0181,2025-04-15,309,241.0,315.5176551848934
SKU0181,2025-04-22,358,259.0,297.74206726608435
SKU0181,2025-04-29,318,258.0,306.6905843589974
SKU0181,2025-05-06,328,265.0,306.6855999882125
SKU0181,2025-05-13,315,231.0,312.04055104005766
SKU0181,2025-05-20,322,224.0,303.68767307794616
SKU0182,2025-04-15,160,140.0,174.040495652908
SKU0182,2025-04-22,163,136.0,174.63477391725405
SKU0182,2025-04-29,167,128.0,169.7892282404208
SKU0182,2025-05-06,163,136.0,168.49960751530764
SKU0182,2025-05-13,182,125.0,162.13737816882931
SKU0182,2025-05-20,178,135.0,166.88793392513801
SKU0183,2025-04-15,283,205.0,314.218578368328
SKU0183,2025-04-22,321,184.0,302.75177055614535
SKU0183,2025-04-29,272,167.0,307.33031451977894
SKU0183,2025-05-06,283,158.0,296.24686757159924
SKU0183,2025-05-13,295,203.0,295.4557163968674
SKU0183,2025-05-20,277,195.0,293.2764054744095
SKU0184,2025-04-15,120,123.0,113.65117786954339
SKU0184,2025-04-22,116,117.0,113.76841311030387
SKU0184,2025-04-29,120,116.0,114.44404963379839
SKU0184,2025-05-06,108,83.0,117.93036240679984
SKU0184,2025-05-13,101,76.0,114.40823535134447
SKU0184,2025-05-20,108,105.0,109.35933221561383
SKU0185,2025-04-15,135,147.0,149.70276309289324
SKU0185,2025-04-22,167,165.0,141.689205231704
SKU0185,2025-04-29,121,149.0,147.2159138818344
SKU0185,2025-05-06,147,168.0,139.45005125156857
SKU0185,2025-05-13,132,169.0,139.68165427946624
SKU0185,2025-05-20,185,163.0,138.45464501236603
SKU0186,2025-04-15,37,35.0,42.13843925622324
SKU0186,2025-04-22,40,35.0,39.640672642772714
SKU0186,2025-04-29,48,31.0,42.31115874141924
SKU0186,2025-05-06,39,26.0,41.57550922555295
SKU0186,2025-05-13,32,29.0,42.18204051243206
SKU0186,2025-05-20,46,26.0,36.69691597813442
SKU0187,2025-04-15,58,47.0,54.71180835500171
SKU0187,2025-04-22,59,40.0,54.731217764150024
SKU0187,2025-04-29,55,56.0,59.92353914865925
SKU0187,2025-05-06,64,65.0,53.71491794815296
SKU0187,2025-05-13,64,46.0,58.62165357161389
SKU0187,2025-05-20,49,46.0,61.13622997648929
SKU0188,2025-04-15,207,135.0,218.95557103770528
SKU0188,2025-04-22,208,159.0,202.7493217627468
SKU0188,2025-04-29,196,173.0,208.97420600522204
SKU0188,2025-05-06,198,145.0,200.75125093461347
SKU0188,2025-05-13,193,185.0,199.43556976777901
SKU0188,2025-05-20,203,187.0,197.53502475379324
SKU0189,2025-04-15,208,205.44,231.07249194700233
SKU0189,2025-04-22,217,205.53846153846155,213.86184766851235
SKU0189,2025-04-29,205,205.96296296296296,228.36107395998226
SKU0189,2025-05-06,235,205.92857142857144,211.12792017274268
SKU0189,2025-05-13,188,206.93103448275863,219.26482693689348
SKU0189,2025-05-20,218,206.3,207.63708991172632
SKU0190,2025-04-15,217,169.97826086956522,195.7057639252365
SKU0190,2025-04-22,192,170.9787234042553,201.40788248832843
SKU0190,2025-04-29,182,171.41666666666666,205.3400722750611
SKU0190,2025-05-06,169,171.6326530612245,196.76654353125048
SKU0190,2025-05-13,168,171.58,184.23497801485738
SKU0190,2025-05-20,172,171.50980392156862,182.77209451738014
SKU0191,2025-04-15,123,157.0,135.55615545668456
SKU0191,2025-04-22,123,135.0,136.1123977330585
SKU0191,2025-04-29,132,154.0,134.58668627369877
SKU0191,2025-05-06,111,145.0,131.80561782163176
SKU0191,2025-05-13,153,127.0,125.22091713980582
SKU0191,2025-05-20,131,146.0,133.5910928134551
SKU0192,2025-04-15,22,27.0,26.041774849493983
SKU0192,2025-04-22,26,22.0,25.623135123252645
SKU0192,2025-04-29,27,26.0,26.058189921552938
SKU0192,2025-05-06,24,20.0,25.541168807360425
SKU0192,2025-05-13,23,27.0,22.674579080559017
SKU0192,2025-05-20,25,22.0,24.24314178218468
SKU0193,2025-04-15,122,110.0,117.07905642936869
SKU0193,2025-04-22,122,125.0,117.58683045145764
SKU0193,2025-04-29,101,117.0,121.5089445984542
SKU0193,2025-05-06,104,109.0,112.51444700815726
SKU0193,2025-05-13,105,124.0,113.57041716285455
SKU0193,2025-05-20,97,123.0,105.59076506077146
SKU0194,2025-04-15,123,113.8695652173913,119.24874332347085
SKU0194,2025-04-22,147,114.06382978723404,121.01515200005205
SKU0194,2025-04-29,126,114.75,124.07750107430537
SKU0194,2025-05-06,123,114.9795918367347,127.16062361317564
SKU0194,2025-05-13,116,115.14,120.61921457897293
SKU0194,2025-05-20,110,115.15686274509804,110.89256711143861
SKU0195,2025-04-15,31,18.0,30.957189780061906
SKU0195,2025-04-22,29,20.0,31.0544762766255
SKU0195,2025-04-29,34,20.0,30.051894979309875
SKU0195,2025-05-06,26,19.0,30.21405720960454
SKU0195,2025-05-13,29,19.0,29.0975451790683
SKU0195,2025-05-20,25,21.0,29.310679958119174
SKU0196,2025-04-15,303,210.0,313.57307021623484
SKU0196,2025-04-22,330,250.0,311.26151993121226
SKU0196,2025-04-29,277,243.0,316.8575362065472
SKU0196,2025-05-06,334,195.0,316.4340806591903
SKU0196,2025-05-13,306,241.0,314.5827323078853
SKU0196,2025-05-20,299,230.0,304.59015444890355
SKU0197,2025-04-15,170,165.0,190.03097203402137
SKU0197,2025-04-22,185,165.0,194.4137625775883
SKU0197,2025-04-29,170,164.0,191.23560776765916
SKU0197,2025-05-06,188,152.0,190.2056742530903
SKU0197,2025-05-13,167,184.0,186.51762453303024
SKU0197,2025-05-20,157,168.0,182.15147264217893
SKU0198,2025-05-20,167,229.375,217.97044712279524
SKU0199,2025-04-15,149,127.0,132.4198662373191
SKU0199,2025-04-22,132,121.0,138.1478447007974
SKU0199,2025-04-29,127,126.0,137.4570038611234
SKU0199,2025-05-06,127,139.0,136.53008045626126
SKU0199,2025-05-13,144,124.0,131.5686990271109
SKU0199,2025-05-20,123,115.0,133.03742998710365
SKU0200,2025-04-15,41,46.48,52.31955711749069
SKU0200,2025-04-22,55,46.26923076923077,50.64611323656582
SKU0200,2025-04-29,55,46.5925925925926,50.24525778488293
SKU0200,2025-05-06,47,46.892857142857146,50.12317952600782
SKU0200,2025-05-13,45,46.89655172413793,48.2430030726593
SKU0200,2025-05-20,44,46.833333333333336,48.01818756958119
SKU0001,2025-05-20,111,103.0,103.51340155806464
SKU0001,2025-05-27,129,145.0,154.6247957369897
SKU0001,2025-06-03,193,184.0,169.7446976185964
SKU0001,2025-06-10,102,80.0,137.9754124314334
SKU0001,2025-06-17,81,89.0,89.77492034299091
SKU0001,2025-06-24,82,99.0,95.15177263886095
SKU0002,2025-05-20,117,123.0,133.62359360211573
SKU0002,2025-05-27,145,156.0,169.01294641774996
SKU0002,2025-06-03,199,218.0,214.18084595582948
SKU0002,2025-06-10,147,111.0,195.30846234475874
SKU0002,2025-06-17,111,100.0,125.2937074724579
SKU0002,2025-06-24,100,87.0,106.41023940566872
SKU0003,2025-05-20,43,55.0,45.973329696859246
SKU0003,2025-05-27,49,72.0,65.01769502162074
SKU0003,2025-06-03,69,89.0,68.49989410130962
SKU0003,2025-06-10,45,41.0,61.95422354783754
SKU0003,2025-06-17,49,47.0,38.649080421035315
SKU0003,2025-06-24,32,55.0,37.92131567732441
SKU0004,2025-05-20,203,178.0,199.58613515979343
SKU0004,2025-05-27,233,234.0,265.0280548187072
SKU0004,2025-06-03,361,321.0,325.3704864111179
SKU0004,2025-06-10,206,195.0,260.22168342307884
SKU0004,2025-06-17,181,182.0,167.70524392353883
SKU0004,2025-06-24,183,142.0,167.20618430625044
SKU0005,2025-05-20,242,208.0,251.39576732359023
SKU0005,2025-05-27,336,242.0,293.6283222523745
SKU0005,2025-06-03,423,346.0,300.1816183092024
SKU0005,2025-06-10,284,203.0,259.35820752730666
SKU0005,2025-06-17,230,160.0,232.18308663146584
SKU0005,2025-06-24,188,183.0,250.69643633766015
SKU0006,2025-05-20,204,218.0,191.60169324128853
SKU0006,2025-05-27,240,253.0,256.9022200329526
SKU0006,2025-06-03,344,332.0,310.76969578933813
SKU0006,2025-06-10,236,178.0,200.49370738069095
SKU0006,2025-06-17,190,166.0,167.31158592320526
SKU0006,2025-06-24,167,172.0,163.49088563279525
SKU0007,2025-05-20,100,88.0,85.27044050781174
SKU0007,2025-05-27,117,112.0,120.80601863225267
SKU0007,2025-06-03,155,140.0,151.28436220289328
SKU0007,2025-06-10,77,64.0,128.2359097339885
SKU0007,2025-06-17,72,83.0,73.91390321225681
SKU0007,2025-06-24,78,52.0,79.16727486849602
SKU0008,2025-05-20,147,157.5,151.25142966118307
SKU0008,2025-05-27,186,156.33333333333334,210.03000286937407
SKU0008,2025-06-03,266,159.3,242.22764231325974
SKU0008,2025-06-10,164,169.0,225.90801012922321
SKU0008,2025-06-17,140,168.58333333333334,144.23243699551222
SKU0008,2025-06-24,153,166.3846153846154,128.04538552754894
SKU0009,2025-05-20,65,60.0,60.81361678445993
SKU0009,2025-05-27,74,100.0,82.14187618170867
SKU0009,2025-06-03,123,107.0,93.95659123656621
SKU0009,2025-06-10,74,74.0,71.63571611223216
SKU0009,2025-06-17,58,67.0,54.92690647448163
SKU0009,2025-06-24,52,70.0,54.205479008439376
SKU0010,2025-05-20,49,45.0,49.534506323105916
SKU0010,2025-05-27,73,73.0,71.43779245908195
SKU0010,2025-06-03,94,88.0,81.48403525224718
SKU0010,2025-06-10,55,47.0,76.46244388724332
SKU0010,2025-06-17,60,38.0,49.135182722151356
SKU0010,2025-06-24,50,37.0,50.16262710475289
SKU0011,2025-05-20,63,63.0,52.73157378257576
SKU0011,2025-05-27,85,100.0,76.59941015670577
SKU0011,2025-06-03,114,119.0,92.52275964290138
SKU0011,2025-06-10,74,61.0,75.87604027332517
SKU0011,2025-06-17,61,54.0,54.743548405261265
SKU0011,2025-06-24,60,63.0,54.312675443078774
SKU0012,2025-05-20,97,107.0,79.59612461121544
SKU0012,2025-05-27,115,162.0,107.8064685066668
SKU0012,2025-06-03,161,170.0,124.05960537867992
SKU0012,2025-06-10,86,122.0,123.82412783459989
SKU0012,2025-06-17,94,86.0,73.34691874541991
SKU0012,2025-06-24,86,108.0,76.54117305735423
SKU0013,2025-05-20,64,69.0,61.46716714273476
SKU0013,2025-05-27,82,94.0,84.23176983535264
SKU0013,2025-06-03,113,105.0,97.01158556111127
SKU0013,2025-06-10,55,56.0,73.25548542688364
SKU0013,2025-06-17,52,59.0,55.79302518157186
SKU0013,2025-06-24,55,34.0,57.007755081184136
SKU0014,2025-05-20,93,109.0,92.74672221851252
SKU0014,2025-05-27,102,146.0,135.78073046686598
SKU0014,2025-06-03,141,202.0,153.9066421336249
SKU0014,2025-06-10,83,111.0,137.7278778884218
SKU0014,2025-06-17,74,91.0,83.54857332846109
SKU0014,2025-06-24,78,82.0,79.13811098239712
SKU0015,2025-05-20,174,142.0,161.0523603734219
SKU0015,2025-05-27,234,202.0,207.61295695738167
SKU0015,2025-06-03,251,245.0,254.52794987930272
SKU0015,2025-06-10,180,130.0,191.3837435870291
SKU0015,2025-06-17,129,161.0,156.31957632380346
SKU0015,2025-06-24,158,114.0,141.86061842612554
SKU0017,2025-05-20,200,176.0,206.37954452034913
SKU0017,2025-05-27,270,258.0,272.7414188309673
SKU0017,2025-06-03,371,322.0,346.0301279486473
SKU0017,2025-06-10,240,200.0,211.88728957132932
SKU0017,2025-06-17,198,155.0,174.10206562133328
SKU0017,2025-06-24,195,196.0,176.8659519624417
SKU0018,2025-05-20,149,129.0,154.25455387732262
SKU0018,2025-05-27,192,158.0,204.50021605901622
SKU0018,2025-06-03,263,231.0,248.39999045464333
SKU0018,2025-06-10,173,143.0,203.8419896308127
SKU0018,2025-06-17,145,115.0,134.06107337588253
SKU0018,2025-06-24,154,107.0,130.62768339033107
SKU0019,2025-05-20,155,128.0,162.312590115159
SKU0019,2025-05-27,173,205.0,216.38994392540616
SKU0019,2025-06-03,265,221.0,244.13456108387692
SKU0019,2025-06-10,163,130.0,243.11672732619212
SKU0019,2025-06-17,125,138.0,153.2632550848411
SKU0019,2025-06-24,145,135.0,129.7352699858834
SKU0020,2025-05-20,220,166.0,242.34746271259445
SKU0020,2025-05-27,276,228.0,305.33905566000834
SKU0020,2025-06-03,417,350.0,357.2384656328441
SKU0020,2025-06-10,263,183.0,241.0309439020076
SKU0020,2025-06-17,224,145.0,229.11757637561865
SKU0020,2025-06-24,225,141.0,231.0615102108498
SKU0021,2025-05-20,119,108.41176470588236,127.71654908252147
SKU0021,2025-05-27,140,164.0,170.69354814979093
SKU0021,2025-06-03,184,226.0,210.49423667290054
SKU0021,2025-06-10,122,108.0,190.3607374642337
SKU0021,2025-06-17,119,109.0,114.65941643797694
SKU0021,2025-06-24,96,115.0,113.83215998388518
SKU0022,2025-05-20,70,63.0,58.66700912247564
SKU0022,2025-05-27,67,80.0,81.09773625606809
SKU0022,2025-06-03,102,122.0,90.24128475793565
SKU0022,2025-06-10,71,63.0,81.35610629234993
SKU0022,2025-06-17,59,54.0,55.643120758052255
SKU0022,2025-06-24,45,54.0,52.25891715535484
SKU0023,2025-05-20,193,183.16666666666663,196.2384069042391
SKU0023,2025-05-27,247,183.48387096774192,274.9145154400971
SKU0023,2025-06-03,373,185.46875,327.7397166413492
SKU0023,2025-06-10,186,191.1515151515152,231.24768773573768
SKU0023,2025-06-17,202,191.0,168.83368969142373
SKU0023,2025-06-24,158,191.3142857142857,167.45091838440823
SKU0024,2025-05-20,154,119.0,153.7848067221226
SKU0024,2025-05-27,184,176.0,212.11573794535818
SKU0024,2025-06-03,256,228.0,238.77283945630342
SKU0024,2025-06-10,147,102.0,213.57332817563955
SKU0024,2025-06-17,149,117.0,130.4989062068447
SKU0024,2025-06-24,148,102.0,120.87756677425789
SKU0025,2025-05-20,37,42.0,31.615569982581032
SKU0025,2025-05-27,34,48.0,45.35625642238265
SKU0025,2025-06-03,65,62.0,52.3082225552593
SKU0025,2025-06-10,37,40.0,49.29316409524247
SKU0025,2025-06-17,29,41.0,33.48557384492351
SKU0025,2025-06-24,28,33.0,31.474524014556568
SKU0026,2025-05-20,199,157.0,204.3211942287805
SKU0026,2025-05-27,218,213.0,267.17040751651325
SKU0026,2025-06-03,345,266.0,320.76361554131023
SKU0026,2025-06-10,197,138.0,271.6443911441561
SKU0026,2025-06-17,163,145.0,160.43642525400023
SKU0026,2025-06-24,165,129.0,162.93382445232515
SKU0027,2025-05-20,168,164.7,162.235917967447
SKU0027,2025-05-27,217,164.80645161290323,230.98160058081058
SKU0027,2025-06-03,258,166.4375,280.63894896581104
SKU0027,2025-06-10,211,169.21212121212122,259.3217993039535
SKU0027,2025-06-17,163,170.44117647058823,173.1299654601151
SKU0027,2025-06-24,144,170.22857142857143,165.88034320863278
SKU0028,2025-05-20,104,92.0,100.58305664233028
SKU0028,2025-05-27,143,135.0,143.61344153894228
SKU0028,2025-06-03,199,147.0,170.51436103192384
SKU0028,2025-06-10,108,87.0,119.7831072321831
SKU0028,2025-06-17,122,83.0,91.66655942633017
SKU0028,2025-06-24,109,90.0,94.66291997008709
SKU0029,2025-05-20,151,125.0,158.77617610135474
SKU0029,2025-05-27,205,166.0,211.94809358562773
SKU0029,2025-06-03,292,236.0,246.7236194445318
SKU0029,2025-06-10,143,118.0,244.19524764498973
SKU0029,2025-06-17,150,122.0,148.32447716977512
SKU0029,2025-06-24,139,128.0,136.662662905269
SKU0030,2025-05-20,56,50.0,53.122865348905265
SKU0030,2025-05-27,65,64.0,71.30789710499148
SKU0030,2025-06-03,98,78.0,83.28467384057534
SKU0030,2025-06-10,58,45.0,74.02926213545616
SKU0030,2025-06-17,59,42.0,51.41374726350041
SKU0030,2025-06-24,56,32.0,50.94542143929974
SKU0031,2025-05-20,98,84.0,97.785590221567
SKU0031,2025-05-27,132,124.0,134.26574091974248
SKU0031,2025-06-03,165,153.0,159.26116861542147
SKU0031,2025-06-10,127,91.0,141.39505453913583
SKU0031,2025-06-17,59,70.0,93.31469066026216
SKU0031,2025-06-24,93,81.0,86.16455943092976
SKU0032,2025-05-20,154,132.0,155.65507247155253
SKU0032,2025-05-27,196,177.0,198.7893329847909
SKU0032,2025-06-03,279,226.0,244.84230404208887
SKU0032,2025-06-10,162,138.0,172.34567397035826
SKU0032,2025-06-17,161,143.0,150.3475478221836
SKU0032,2025-06-24,160,98.0,139.83252867118256
SKU0033,2025-05-20,34,24.0,28.07209865190924
SKU0033,2025-05-27,39,42.0,39.3370560939051
SKU0033,2025-06-03,54,52.0,51.481894870057374
SKU0033,2025-06-10,33,29.0,46.057016870538014
SKU0033,2025-06-17,26,19.0,28.22016972850814
SKU0033,2025-06-24,26,26.0,25.193384890780873
SKU0034,2025-05-20,162,137.63333333333333,152.63730915641156
SKU0034,2025-05-27,184,138.4193548387097,217.44082643780513
SKU0034,2025-06-03,258,139.84375,245.14031333049448
SKU0034,2025-06-10,149,143.42424242424244,258.79451195437525
SKU0034,2025-06-17,126,143.58823529411765,144.04483902777008
SKU0034,2025-06-24,112,143.0857142857143,120.1723343939415
SKU0035,2025-05-20,44,45.0,45.12147849728506
SKU0035,2025-05-27,53,66.0,67.6648663576314
SKU0035,2025-06-03,83,90.0,75.309124811768
SKU0035,2025-06-10,63,47.0,64.68464308247884
SKU0035,2025-06-17,49,42.0,45.893582910999164
SKU0035,2025-06-24,42,41.0,43.11423805513295
SKU0036,2025-05-20,209,177.0,194.55992244043995
SKU0036,2025-05-27,233,195.0,260.76539967192593
SKU0036,2025-06-03,320,269.0,314.317284590549
SKU0036,2025-06-10,178,137.0,230.70126642865725
SKU0036,2025-06-17,157,114.0,171.10766094230434
SKU0036,2025-06-24,177,134.0,168.95437009573763
SKU0037,2025-05-20,66,59.68627450980392,74.36648890975682
SKU0037,2025-05-27,85,68.0,109.38852640498312
SKU0037,2025-06-03,114,131.0,118.26741708810674
SKU0037,2025-06-10,77,67.0,104.20233605080371
SKU0037,2025-06-17,52,63.0,62.58135187005202
SKU0037,2025-06-24,55,47.0,61.64551161112826
SKU0038,2025-05-20,185,167.0,192.8415820557765
SKU0038,2025-05-27,248,204.0,261.01014195904844
SKU0038,2025-06-03,303,259.0,308.7820499904968
SKU0038,2025-06-10,185,149.0,292.89215432297954
SKU0038,2025-06-17,175,152.0,165.26854780107377
SKU0038,2025-06-24,222,105.0,160.87573296804484
SKU0039,2025-05-20,231,193.7450980392157,202.26784702746988
SKU0039,2025-05-27,214,156.0,288.8253495335447
SKU0039,2025-06-03,340,348.0,332.692068400884
SKU0039,2025-06-10,173,213.0,246.7275132197757
SKU0039,2025-06-17,219,145.0,173.92615234228245
SKU0039,2025-06-24,175,191.0,171.47033069405992
SKU0040,2025-05-20,22,26.5,27.959364330719275
SKU0040,2025-05-27,31,26.0,33.94315645023553
SKU0040,2025-06-03,46,26.5,42.7211897110645
SKU0040,2025-06-10,23,28.272727272727277,40.59962286267591
SKU0040,2025-06-17,23,27.83333333333333,23.142002712684906
SKU0040,2025-06-24,23,27.46153846153846,21.35465738974538
SKU0041,2025-05-20,124,104.0,142.90776416120477
SKU0041,2025-05-27,179,157.0,180.57356047166223
SKU0041,2025-06-03,230,184.0,215.22159458604958
SKU0041,2025-06-10,153,108.0,225.17570355820132
SKU0041,2025-06-17,121,78.0,122.65831079295552
SKU0041,2025-06-24,114,76.0,110.46589253833022
SKU0042,2025-05-20,62,56.0,66.29867201552658
SKU0042,2025-05-27,77,73.0,85.24153696103765
SKU0042,2025-06-03,112,87.0,95.57285454656237
SKU0042,2025-06-10,62,44.0,88.98323476079874
SKU0042,2025-06-17,52,45.0,56.90670926122545
SKU0042,2025-06-24,55,46.0,54.9435570239094
SKU0043,2025-05-20,76,79.0,76.02530262535652
SKU0043,2025-05-27,95,107.0,110.30740087358946
SKU0043,2025-06-03,143,113.0,108.63958651954003
SKU0043,2025-06-10,88,72.0,90.46989141417517
SKU0043,2025-06-17,73,69.0,66.14298433329431
SKU0043,2025-06-24,64,66.0,62.83394672341098
SKU0044,2025-05-20,206,231.0,218.1326511443009
SKU0044,2025-05-27,288,261.0,287.15999937816866
SKU0044,2025-06-03,397,307.0,366.49397493095296
SKU0044,2025-06-10,222,158.0,243.01563238442424
SKU0044,2025-06-17,213,155.0,195.65739068154917
SKU0044,2025-06-24,215,180.0,210.09279822959076
SKU0045,2025-05-20,66,56.23333333333333,60.57104916840986
SKU0045,2025-05-27,67,56.54838709677419,89.9135205579725
SKU0045,2025-06-03,98,56.875,102.05379920850315
SKU0045,2025-06-10,55,58.121212121212125,92.42581666684808
SKU0045,2025-06-17,44,58.02941176470589,52.05163499911914
SKU0045,2025-06-24,42,57.62857142857143,51.18362142417767
SKU0046,2025-05-20,100,80.0,96.01796105914926
SKU0046,2025-05-27,116,103.0,140.32913272197516
SKU0046,2025-06-03,168,162.0,154.63484291381073
SKU0046,2025-06-10,98,76.0,132.70025235528084
SKU0046,2025-06-17,72,76.0,88.57125513935087
SKU0046,2025-06-24,94,68.0,86.89553249539628
SKU0047,2025-05-20,132,156.0,127.91114729833996
SKU0047,2025-05-27,141,201.0,166.64650043973717
SKU0047,2025-06-03,238,233.0,203.4754434907196
SKU0047,2025-06-10,150,153.0,171.8755108617352
SKU0047,2025-06-17,114,126.0,117.40487777286751
SKU0047,2025-06-24,117,78.0,110.57109375010899
SKU0048,2025-05-20,146,101.0,148.13410378828652
SKU0048,2025-05-27,175,146.0,197.18389616404716
SKU0048,2025-06-03,256,187.0,228.39175252101086
SKU0048,2025-06-10,166,100.0,234.55466158929497
SKU0048,2025-06-17,125,97.0,137.7771973608837
SKU0048,2025-06-24,121,93.0,121.3563264355938
SKU0049,2025-05-20,132,125.96078431372548,134.83232881310244
SKU0049,2025-05-27,170,167.0,182.0062060401371
SKU0049,2025-06-03,241,247.0,223.0599343717995
SKU0049,2025-06-10,130,128.0,220.6077226547807
SKU0049,2025-06-17,106,138.0,123.7001940487595
SKU0049,2025-06-24,128,124.0,116.16807191659393
SKU0050,2025-05-20,165,140.0,147.90605712042563
SKU0050,2025-05-27,191,193.0,200.5465543987214
SKU0050,2025-06-03,277,244.0,231.3110928488281
SKU0050,2025-06-10,180,145.0,241.78469656892025
SKU0050,2025-06-17,122,164.0,153.8058540262738
SKU0050,2025-06-24,114,93.0,136.27066974374716
SKU0051,2025-05-20,97,97.63333333333334,103.4687229892172
SKU0051,2025-05-27,121,97.61290322580643,149.2147567837216
SKU0051,2025-06-03,175,98.34375,176.51852765019476
SKU0051,2025-06-10,116,100.66666666666669,166.80015040479242
SKU0051,2025-06-17,84,101.11764705882354,92.66142683861277
SKU0051,2025-06-24,66,100.62857142857143,87.09547679119741
SKU0052,2025-05-20,212,201.0,219.79771917233893
SKU0052,2025-05-27,223,243.0,292.67863907259937
SKU0052,2025-06-03,378,331.0,321.8593312469072
SKU0052,2025-06-10,215,139.0,285.6693985557913
SKU0052,2025-06-17,186,139.0,174.4600526199458
SKU0052,2025-06-24,154,154.0,180.7993138152717
SKU0053,2025-05-20,124,84.0,114.04295139885267
SKU0053,2025-05-27,145,119.0,154.51728373285636
SKU0053,2025-06-03,187,169.0,190.11832727837927
SKU0053,2025-06-10,100,75.0,160.38434777738408
SKU0053,2025-06-17,121,73.0,96.69697236219736
SKU0053,2025-06-24,107,80.0,97.17194880312687
SKU0054,2025-05-20,254,188.0,234.97437548584816
SKU0054,2025-05-27,324,291.0,300.4195989213675
SKU0054,2025-06-03,453,388.0,300.2562852491888
SKU0054,2025-06-10,254,208.0,246.00333889208332
SKU0054,2025-06-17,204,184.0,234.53764604868337
SKU0054,2025-06-24,204,172.0,244.93323271363437
SKU0055,2025-05-20,45,44.0,40.29361665531467
SKU0055,2025-05-27,49,62.0,58.7065741569627
SKU0055,2025-06-03,67,79.0,65.54333362549919
SKU0055,2025-06-10,40,40.0,63.808173217503644
SKU0055,2025-06-17,33,32.0,38.06488975925657
SKU0055,2025-06-24,30,46.0,34.49537881078797
SKU0056,2025-05-20,30,27.0,29.324100809880534
SKU0056,2025-05-27,37,40.0,36.129331643679585
SKU0056,2025-06-03,53,40.0,46.84637325010511
SKU0056,2025-06-10,38,27.0,41.503306802437066
SKU0056,2025-06-17,25,19.0,28.81622029834078
SKU0056,2025-06-24,30,20.0,23.563367436510358
SKU0057,2025-05-20,185,163.0,174.57368700148527
SKU0057,2025-05-27,186,203.0,227.7730767108747
SKU0057,2025-06-03,316,240.0,262.0182173354479
SKU0057,2025-06-10,192,104.0,219.83405186214318
SKU0057,2025-06-17,148,133.0,168.91564401507756
SKU0057,2025-06-24,164,92.0,154.7335689459939
SKU0058,2025-05-20,330,205.0,293.43023472163816
SKU0058,2025-05-27,387,267.0,289.73826485304784
SKU0058,2025-06-03,478,358.0,302.61125571560683
SKU0058,2025-06-10,275,220.0,249.05273562606172
SKU0058,2025-06-17,259,199.0,253.1754398841404
SKU0058,2025-06-24,280,195.0,253.1856022226674
SKU0059,2025-05-20,162,189.03333333333333,186.66244431270331
SKU0059,2025-05-27,221,188.16129032258064,259.06892568719394
SKU0059,2025-06-03,326,189.1875,311.3935658305458
SKU0059,2025-06-10,186,193.33333333333331,300.5312376249758
SKU0059,2025-06-17,157,193.11764705882356,171.84895729903377
SKU0059,2025-06-24,169,192.0857142857143,163.05853335590484
SKU0060,2025-05-20,115,82.0,104.61137945792318
SKU0060,2025-05-27,131,109.0,151.18807878412395
SKU0060,2025-06-03,199,143.0,180.19086563399406
SKU0060,2025-06-10,117,85.0,157.76049260448252
SKU0060,2025-06-17,113,80.0,94.46827484753109
SKU0060,2025-06-24,110,77.0,92.63679548362903
SKU0061,2025-05-20,76,98.25,95.20314498820441
SKU0061,2025-05-27,91,95.77777777777776,131.87245701189548
SKU0061,2025-06-03,165,95.3,140.43897480887705
SKU0061,2025-06-10,95,101.63636363636364,128.37433320981776
SKU0061,2025-06-17,92,101.08333333333331,84.21773527039522
SKU0061,2025-06-24,89,100.3846153846154,79.04217436451798
SKU0062,2025-05-20,178,145.0,132.77593998712578
SKU0062,2025-05-27,178,196.0,199.73845697743877
SKU0062,2025-06-03,265,272.0,219.99756870827116
SKU0062,2025-06-10,156,161.0,169.8306646002053
SKU0062,2025-06-17,137,132.0,133.1739744132315
SKU0062,2025-06-24,132,113.0,125.89622241925122
SKU0063,2025-05-20,126,133.0,135.93695943134745
SKU0063,2025-05-27,111,204.0,172.85340380108616
SKU0063,2025-06-03,233,227.0,206.9492157614632
SKU0063,2025-06-10,142,150.0,192.91423879633044
SKU0063,2025-06-17,118,117.0,127.93467823293561
SKU0063,2025-06-24,99,113.0,115.16889235792422
SKU0064,2025-05-20,129,209.0,168.31747808503434
SKU0064,2025-05-27,213,240.0,211.08177901981273
SKU0064,2025-06-03,309,272.0,259.5126759803441
SKU0064,2025-06-10,165,173.0,268.988100209376
SKU0064,2025-06-17,128,164.0,159.30112060170086
SKU0064,2025-06-24,157,175.0,141.33537884677756
SKU0065,2025-05-20,118,191.0,132.88890304857293
SKU0065,2025-05-27,191,248.0,169.7483660038872
SKU0065,2025-06-03,265,259.0,217.9747721475321
SKU0065,2025-06-10,155,128.0,183.56874815546996
SKU0065,2025-06-17,173,168.0,130.21113921414323
SKU0065,2025-06-24,114,189.0,129.42258446224596
SKU0066,2025-05-20,10,12.764705882352942,12.544500268357373
SKU0066,2025-05-27,19,16.0,18.914071716970255
SKU0066,2025-06-03,24,25.0,24.831794863750044
SKU0066,2025-06-10,10,12.0,22.053562759737808
SKU0066,2025-06-17,11,11.0,13.109054130000864
SKU0066,2025-06-24,12,10.0,12.686375620452997
SKU0067,2025-05-20,115,133.0,158.35450715697573
SKU0067,2025-05-27,175,173.0,205.23546486641587
SKU0067,2025-06-03,273,242.0,238.67033156884813
SKU0067,2025-06-10,171,133.0,216.78718763487487
SKU0067,2025-06-17,168,143.0,152.97406635124779
SKU0067,2025-06-24,161,129.0,142.90843516612898
SKU0068,2025-05-20,196,131.0,188.54372101668736
SKU0068,2025-05-27,204,208.0,240.6233036528117
SKU0068,2025-06-03,315,268.0,278.1145334291501
SKU0068,2025-06-10,174,130.0,266.8242122463776
SKU0068,2025-06-17,150,128.0,175.95208135351547
SKU0068,2025-06-24,185,120.0,162.52091525693277
SKU0069,2025-05-20,131,163.0,198.30302021340432
SKU0069,2025-05-27,226,254.0,269.03873001610975
SKU0069,2025-06-03,344,315.0,295.7946591783711
SKU0069,2025-06-10,230,185.0,276.7589443136625
SKU0069,2025-06-17,199,190.0,166.86398549072146
SKU0069,2025-06-24,140,131.0,163.07769171643844
SKU0070,2025-05-20,217,200.0,216.29813364741784
SKU0070,2025-05-27,242,279.0,292.75652920924443
SKU0070,2025-06-03,354,384.0,324.3624299577786
SKU0070,2025-06-10,181,168.0,210.5179466690982
SKU0070,2025-06-17,185,214.0,169.69838946015687
SKU0070,2025-06-24,180,163.0,164.17060050320694
SKU0071,2025-05-20,70,48.0,64.14217837650939
SKU0071,2025-05-27,90,71.0,87.5997481544984
SKU0071,2025-06-03,121,99.0,100.12354678339568
SKU0071,2025-06-10,75,50.0,89.35194257078346
SKU0071,2025-06-17,64,46.0,59.87555523216319
SKU0071,2025-06-24,56,53.0,62.36427108162628
SKU0072,2025-05-20,170,176.125,172.4878516780212
SKU0072,2025-05-27,173,175.44444444444446,241.33681488785848
SKU0072,2025-06-03,265,175.2,259.85094152050374
SKU0072,2025-06-10,159,183.3636363636364,255.6604759787009
SKU0072,2025-06-17,137,181.33333333333331,155.57132962959696
SKU0072,2025-06-24,103,177.92307692307693,132.95335373689096
SKU0073,2025-05-20,263,188.0,283.63281427326206
SKU0073,2025-05-27,365,263.0,293.37750285117903
SKU0073,2025-06-03,479,386.0,307.711426149556
SKU0073,2025-06-10,260,184.0,253.73376695183163
SKU0073,2025-06-17,272,202.0,233.79593394727635
SKU0073,2025-06-24,238,203.0,252.65737128496562
SKU0074,2025-05-20,167,134.0,132.73882369974075
SKU0074,2025-05-27,178,195.0,192.23599676086536
SKU0074,2025-06-03,227,253.0,230.1429765866858
SKU0074,2025-06-10,130,129.0,200.78716819003728
SKU0074,2025-06-17,122,142.0,121.03810306620782
SKU0074,2025-06-24,122,144.0,114.23768154094635
SKU0075,2025-05-20,168,156.83333333333334,189.92729796226524
SKU0075,2025-05-27,211,157.19354838709677,262.82615880968604
SKU0075,2025-06-03,302,158.875,305.220804459413
SKU0075,2025-06-10,169,163.21212121212122,344.13546255135805
SKU0075,2025-06-17,127,163.38235294117646,169.76846228072785
SKU0075,2025-06-24,139,162.34285714285716,150.9524299361653
SKU0076,2025-05-20,266,195.76470588235293,246.944532749403
SKU0076,2025-05-27,280,249.0,324.6371041399987
SKU0076,2025-06-03,390,392.0,350.8245086515673
SKU0076,2025-06-10,214,181.0,257.0946462243129
SKU0076,2025-06-17,182,176.0,226.2253929457045
SKU0076,2025-06-24,202,198.0,203.61988028062527
SKU0077,2025-05-20,159,150.0,164.71982848460362
SKU0077,2025-05-27,202,188.0,215.96338417478742
SKU0077,2025-06-03,281,224.0,248.32629330112346
SKU0077,2025-06-10,184,123.0,244.14736965506725
SKU0077,2025-06-17,166,103.0,154.87027987178263
SKU0077,2025-06-24,164,152.0,141.11022735152602
SKU0078,2025-05-20,16,18.5,18.530659818873286
SKU0078,2025-05-27,23,18.22222222222222,23.54153760757681
SKU0078,2025-06-03,29,18.7,30.874389858931313
SKU0078,2025-06-10,17,19.63636363636364,29.624780864916424
SKU0078,2025-06-17,12,19.416666666666668,16.250192230809805
SKU0078,2025-06-24,12,18.846153846153847,13.468200294727424
SKU0079,2025-05-20,104,138.0,112.98584918833758
SKU0079,2025-05-27,144,174.0,147.3241665712847
SKU0079,2025-06-03,172,228.0,184.47017973425147
SKU0079,2025-06-10,91,114.0,165.20308512007028
SKU0079,2025-06-17,107,111.0,92.9809132990798
SKU0079,2025-06-24,115,64.0,92.28451106470051
SKU0080,2025-05-20,70,52.72549019607843,60.42619607705934
SKU0080,2025-05-27,87,49.0,93.6379324680757
SKU0080,2025-06-03,112,96.0,112.41902532214594
SKU0080,2025-06-10,65,42.0,93.4227179904511
SKU0080,2025-06-17,56,40.0,57.30817850391508
SKU0080,2025-06-24,53,52.0,54.96421827848805
SKU0081,2025-05-20,35,23.0,30.083554861440163
SKU0081,2025-05-27,42,37.0,41.81039160599108
SKU0081,2025-06-03,59,52.0,52.81652964311292
SKU0081,2025-06-10,33,21.0,52.23734314408881
SKU0081,2025-06-17,28,26.0,29.881287818387364
SKU0081,2025-06-24,32,26.0,27.371332825746048
SKU0082,2025-05-20,22,14.0,20.955057239189546
SKU0082,2025-05-27,28,21.0,27.470011567986347
SKU0082,2025-06-03,42,34.0,34.006536492348005
SKU0082,2025-06-10,24,13.0,28.169900580713016
SKU0082,2025-06-17,21,17.0,17.827963039839823
SKU0082,2025-06-24,18,17.0,18.46133563915004
SKU0083,2025-05-20,75,78.0,76.09010389566917
SKU0083,2025-05-27,98,83.0,97.0873791650637
SKU0083,2025-06-03,133,140.0,123.45879459168071
SKU0083,2025-06-10,78,77.0,92.64562483931071
SKU0083,2025-06-17,65,71.0,68.04309801572926
SKU0083,2025-06-24,62,55.0,65.97863455562283
SKU0084,2025-05-20,140,142.0,124.78954163747014
SKU0084,2025-05-27,130,203.0,164.96513524426112
SKU0084,2025-06-03,221,238.0,198.5882406495767
SKU0084,2025-06-10,90,102.0,181.8743575967835
SKU0084,2025-06-17,105,135.0,115.61172183597247
SKU0084,2025-06-24,91,95.0,105.88872737779496
SKU0085,2025-05-20,61,50.0,49.48722289749604
SKU0085,2025-05-27,56,90.0,69.95849749902729
SKU0085,2025-06-03,93,107.0,77.27021334330381
SKU0085,2025-06-10,58,64.0,73.60082954005546
SKU0085,2025-06-17,41,46.0,48.86497324624079
SKU0085,2025-06-24,56,40.0,49.019396267356036
SKU0088,2025-05-20,100,83.5,92.58413832588947
SKU0088,2025-05-27,107,84.03225806451613,146.1298377425134
SKU0088,2025-06-03,156,84.75,165.5164710687864
SKU0088,2025-06-10,86,86.9090909090909,157.58869586409702
SKU0088,2025-06-17,87,86.88235294117646,84.96941730631583
SKU0088,2025-06-24,68,86.88571428571429,83.97955949939625
SKU0089,2025-05-20,169,133.0,196.351051395569
SKU0089,2025-05-27,229,196.0,250.13277156404254
SKU0089,2025-06-03,329,248.0,304.7621494934689
SKU0089,2025-06-10,181,140.0,280.58045353426087
SKU0089,2025-06-17,161,144.0,166.1677022679326
SKU0089,2025-06-24,149,101.0,161.39775674012003
SKU0090,2025-05-20,202,181.0,222.15943155684187
SKU0090,2025-05-27,306,258.0,286.28326896149076
SKU0090,2025-06-03,353,353.0,349.1746345885605
SKU0090,2025-06-10,199,140.0,214.87490998818444
SKU0090,2025-06-17,183,175.0,174.45198090393475
SKU0090,2025-06-24,196,165.0,186.59513425800773
SKU0091,2025-05-20,189,174.36666666666667,170.00329416267772
SKU0091,2025-05-27,200,174.83870967741936,238.3363136477953
SKU0091,2025-06-03,287,175.625,274.08512231451095
SKU0091,2025-06-10,168,179.0,282.78008439192513
SKU0091,2025-06-17,163,178.6764705882353,163.54276674273314
SKU0091,2025-06-24,131,178.22857142857143,155.20129389045186
SKU0092,2025-05-20,143,146.0,163.47257434261252
SKU0092,2025-05-27,175,203.0,214.34898597239015
SKU0092,2025-06-03,264,235.0,235.2136650134128
SKU0092,2025-06-10,185,115.0,239.07985982755196
SKU0092,2025-06-17,140,109.0,155.22600188614902
SKU0092,2025-06-24,121,119.0,140.70056365405816
SKU0093,2025-05-20,130,80.0,112.01036123238676
SKU0093,2025-05-27,151,123.0,159.98988306174425
SKU0093,2025-06-03,210,163.0,194.2879227317997
SKU0093,2025-06-10,107,74.0,169.2996165827493
SKU0093,2025-06-17,89,84.0,99.68723386876664
SKU0093,2025-06-24,98,68.0,93.97771324073419
SKU0094,2025-05-20,50,42.375,36.060960392187475
SKU0094,2025-05-27,55,43.22222222222222,54.92787008674158
SKU0094,2025-06-03,84,44.4,69.9813140773762
SKU0094,2025-06-10,44,48.0,62.43232145815546
SKU0094,2025-06-17,36,47.66666666666666,43.7932974876832
SKU0094,2025-06-24,35,46.76923076923077,36.0488093368396
SKU0095,2025-05-20,27,27.5,27.50510413115941
SKU0095,2025-05-27,40,27.483870967741936,38.65389904862524
SKU0095,2025-06-03,51,27.875,50.0403619474904
SKU0095,2025-06-10,31,28.57575757575757,41.27610162972497
SKU0095,2025-06-17,23,28.647058823529413,26.30605672403124
SKU0095,2025-06-24,24,28.485714285714284,22.72517338328071
SKU0096,2025-05-20,175,129.19607843137254,182.89265769274886
SKU0096,2025-05-27,213,136.0,257.64494578710423
SKU0096,2025-06-03,311,221.0,299.4718914557709
SKU0096,2025-06-10,160,129.0,307.1474473693741
SKU0096,2025-06-17,147,140.0,167.3305108281339
SKU0096,2025-06-24,150,97.0,154.46126686276534
SKU0097,2025-05-20,154,141.0,146.83932968612407
SKU0097,2025-05-27,166,220.0,197.11944399074216
SKU0097,2025-06-03,256,274.0,233.2002804253816
SKU0097,2025-06-10,154,165.0,163.67013633425412
SKU0097,2025-06-17,120,134.0,130.6676486829854
SKU0097,2025-06-24,136,120.0,127.01021013239945
SKU0098,2025-05-20,153,133.0,142.81260848894303
SKU0098,2025-05-27,178,235.0,193.76309778375898
SKU0098,2025-06-03,246,274.0,227.61158670160336
SKU0098,2025-06-10,160,152.0,211.19731788676248
SKU0098,2025-06-17,132,141.0,129.86989590400734
SKU0098,2025-06-24,126,143.0,117.44791623833864
SKU0099,2025-05-20,122,163.25,150.78027272180825
SKU0099,2025-05-27,171,158.66666666666666,210.53258950312332
SKU0099,2025-06-03,240,159.9,239.78568454078274
SKU0099,2025-06-10,132,167.1818181818182,220.67753494529765
SKU0099,2025-06-17,137,164.25,140.05894727488777
SKU0099,2025-06-24,136,162.15384615384616,120.75708755395173
SKU0100,2025-05-20,77,74.0,82.13330539955561
SKU0100,2025-05-27,86,100.0,110.23794585155717
SKU0100,2025-06-03,141,111.0,113.19721087882316
SKU0100,2025-06-10,84,75.0,124.86344822038085
SKU0100,2025-06-17,70,50.0,72.68747697793589
SKU0100,2025-06-24,64,63.0,71.76699179408726
SKU0101,2025-05-20,61,66.0,68.45767287399059
SKU0101,2025-05-27,59,91.0,91.08064778854317
SKU0101,2025-06-03,110,106.0,94.14144767359626
SKU0101,2025-06-10,78,63.0,90.13251583051095
SKU0101,2025-06-17,67,56.0,58.65457072122178
SKU0101,2025-06-24,52,37.0,56.7237398990504
SKU0102,2025-05-20,66,68.0,78.34209612786827
SKU0102,2025-05-27,103,115.0,98.11110811106386
SKU0102,2025-06-03,143,142.0,120.28281194189876
SKU0102,2025-06-10,82,83.0,98.98660036013554
SKU0102,2025-06-17,67,76.0,69.53833666390666
SKU0102,2025-06-24,61,71.0,66.94295675053733
SKU0103,2025-05-20,175,149.0,188.49429251588933
SKU0103,2025-05-27,239,240.0,245.48087316894095
SKU0103,2025-06-03,329,271.0,300.7774654626268
SKU0103,2025-06-10,225,139.0,221.52961216624198
SKU0103,2025-06-17,183,142.0,162.55744655208494
SKU0103,2025-06-24,138,150.0,160.07578409303102
SKU0104,2025-05-20,192,195.0,151.02280148894496
SKU0104,2025-05-27,171,204.0,216.7612608447965
SKU0104,2025-06-03,265,277.0,230.81705585107215
SKU0104,2025-06-10,184,156.0,240.03249778358617
SKU0104,2025-06-17,135,150.0,147.82472105058886
SKU0104,2025-06-24,150,128.0,131.5767145988345
SKU0105,2025-05-20,139,147.0,183.10319265652743
SKU0105,2025-05-27,253,220.0,227.01220716282344
SKU0105,2025-06-03,290,287.0,271.66207357101047
SKU0105,2025-06-10,224,156.0,246.08594507077612
SKU0105,2025-06-17,148,136.0,164.16776798910874
SKU0105,2025-06-24,156,119.0,154.62198208856208
SKU0106,2025-05-20,58,45.0,45.530127877536145
SKU0106,2025-05-27,54,52.0,68.25081709013513
SKU0106,2025-06-03,84,77.0,79.53436030570536
SKU0106,2025-06-10,47,31.0,66.93007627213214
SKU0106,2025-06-17,42,40.0,45.79506094906105
SKU0106,2025-06-24,48,32.0,39.558215596705686
SKU0107,2025-05-20,173,184.0,199.4360590785876
SKU0107,2025-05-27,251,285.0,261.96085278997356
SKU0107,2025-06-03,383,362.0,319.69245074012355
SKU0107,2025-06-10,251,154.0,213.21502174881832
SKU0107,2025-06-17,197,188.0,172.5855584928584
SKU0107,2025-06-24,173,148.0,179.19876413735147
SKU0108,2025-05-20,95,110.0,130.98977267849753
SKU0108,2025-05-27,162,143.0,171.74119724324788
SKU0108,2025-06-03,206,171.0,202.78402794777506
SKU0108,2025-06-10,122,83.0,181.29819324039957
SKU0108,2025-06-17,83,91.0,121.06499475208174
SKU0108,2025-06-24,98,71.0,102.23504044954632
SKU0109,2025-05-20,133,162.0,152.5107346940907
SKU0109,2025-05-27,158,189.0,201.08424783231254
SKU0109,2025-06-03,217,229.0,234.85992725842772
SKU0109,2025-06-10,123,153.0,212.50392057717923
SKU0109,2025-06-17,132,117.0,137.87256632434003
SKU0109,2025-06-24,115,128.0,118.9686754301055
SKU0110,2025-05-20,31,63.0,49.3589249554892
SKU0110,2025-05-27,54,70.0,66.78476814501386
SKU0110,2025-06-03,85,87.0,78.42840553121177
SKU0110,2025-06-10,41,50.0,64.57976802623622
SKU0110,2025-06-17,48,47.0,44.2813779267639
SKU0110,2025-06-24,26,44.0,39.06878158583066
SKU0112,2025-05-20,21,16.0,22.473016732987077
SKU0112,2025-05-27,30,24.0,28.561847630627778
SKU0112,2025-06-03,41,32.0,36.14135055870733
SKU0112,2025-06-10,21,16.0,34.0234659079806
SKU0112,2025-06-17,18,19.0,21.470874988827887
SKU0112,2025-06-24,21,12.0,17.626927409268724
SKU0113,2025-05-20,188,167.25,158.17893878224888
SKU0113,2025-05-27,242,169.55555555555554,219.46509367991936
SKU0113,2025-06-03,258,176.8,291.7919955782042
SKU0113,2025-06-10,215,184.1818181818182,269.94006027482123
SKU0113,2025-06-17,177,186.75,182.76683360286015
SKU0113,2025-06-24,151,186.0,166.46615493201054
SKU0114,2025-05-20,160,152.73333333333332,150.79169467001262
SKU0114,2025-05-27,215,152.96774193548387,209.18832519254784
SKU0114,2025-06-03,259,154.90625,259.2742009116896
SKU0114,2025-06-10,154,158.06060606060606,207.40401967689414
SKU0114,2025-06-17,156,157.94117647058823,143.9931613774366
SKU0114,2025-06-24,142,157.88571428571427,128.46036083754774
SKU0115,2025-05-20,80,73.52941176470588,86.38867613736264
SKU0115,2025-05-27,103,81.0,120.06460720561239
SKU0115,2025-06-03,160,135.0,135.14123638236583
SKU0115,2025-06-10,93,70.0,108.76229267693185
SKU0115,2025-06-17,66,52.0,77.89372682244108
SKU0115,2025-06-24,75,64.0,75.18565653395272
SKU0116,2025-05-20,160,152.0,165.27514309540487
SKU0116,2025-05-27,166,170.0,209.28347176391998
SKU0116,2025-06-03,280,275.0,241.27707403630632
SKU0116,2025-06-10,197,157.0,215.13300403325505
SKU0116,2025-06-17,143,138.0,146.71465050684336
SKU0116,2025-06-24,173,151.0,144.3938495961553
SKU0117,2025-05-20,295,198.0,285.01871944720034
SKU0117,2025-05-27,337,300.0,315.5598857518566
SKU0117,2025-06-03,472,418.0,303.8836016215988
SKU0117,2025-06-10,236,182.0,255.8097092442033
SKU0117,2025-06-17,200,195.0,251.22006406691574
SKU0117,2025-06-24,228,192.0,248.76245555996883
SKU0118,2025-05-20,78,84.0,87.47292859112396
SKU0118,2025-05-27,84,121.0,107.21429817329616
SKU0118,2025-06-03,131,165.0,134.0862688892831
SKU0118,2025-06-10,78,73.0,129.12312310416038
SKU0118,2025-06-17,70,71.0,73.72293069787564
SKU0118,2025-06-24,78,85.0,72.18120121815879
SKU0119,2025-05-20,168,162.125,151.49674054981588
SKU0119,2025-05-27,211,162.77777777777777,209.923653754026
SKU0119,2025-06-03,254,167.6,259.37115608328025
SKU0119,2025-06-10,152,175.45454545454547,202.78044431534585
SKU0119,2025-06-17,108,173.5,152.26761299275276
SKU0119,2025-06-24,155,168.46153846153845,118.83050949906169
SKU0120,2025-05-20,38,39.0,39.122829058812535
SKU0120,2025-05-27,46,55.0,51.72343471819208
SKU0120,2025-06-03,71,61.0,65.01383562823726
SKU0120,2025-06-10,36,39.0,50.236809553986106
SKU0120,2025-06-17,27,34.0,35.81414293971902
SKU0120,2025-06-24,33,19.0,29.982197033775563
SKU0121,2025-05-20,242,210.0,228.5694115075716
SKU0121,2025-05-27,294,269.0,290.31915913882983
SKU0121,2025-06-03,429,334.0,361.1907329772158
SKU0121,2025-06-10,205,210.0,234.38975603755387
SKU0121,2025-06-17,224,177.0,219.96571354549874
SKU0121,2025-06-24,186,134.0,229.34936520156816
SKU0122,2025-05-20,132,118.6470588235294,134.9830970719823
SKU0122,2025-05-27,138,163.0,184.05302018724757
SKU0122,2025-06-03,227,250.0,215.21376955527123
SKU0122,2025-06-10,126,116.0,189.12706531024998
SKU0122,2025-06-17,89,128.0,117.78246873366133
SKU0122,2025-06-24,98,112.0,115.27015736349486
SKU0123,2025-05-20,70,71.73333333333333,68.71223478550381
SKU0123,2025-05-27,79,71.6774193548387,103.77758455508021
SKU0123,2025-06-03,119,71.90625,118.58793675449641
SKU0123,2025-06-10,71,73.33333333333333,102.4909114687199
SKU0123,2025-06-17,55,73.26470588235294,61.75588027442529
SKU0123,2025-06-24,75,72.74285714285715,58.214587725916424
SKU0124,2025-05-20,22,27.0,28.043946165932045
SKU0124,2025-05-27,35,30.0,36.6586904276758
SKU0124,2025-06-03,53,39.0,47.52899641772417
SKU0124,2025-06-10,35,22.0,42.549928279850036
SKU0124,2025-06-17,26,25.0,28.29135194639211
SKU0124,2025-06-24,19,21.0,24.63221010198426
SKU0125,2025-05-20,109,115.0,141.0593921984727
SKU0125,2025-05-27,140,193.0,176.36110991614146
SKU0125,2025-06-03,222,213.0,206.10260870149511
SKU0125,2025-06-10,137,130.0,218.283765768422
SKU0125,2025-06-17,94,121.0,130.2951463883568
SKU0125,2025-06-24,81,82.0,116.00291765420182
SKU0126,2025-05-20,173,164.0,175.08981110964876
SKU0126,2025-05-27,230,204.0,233.780107290747
SKU0126,2025-06-03,265,224.0,278.51453844916773
SKU0126,2025-06-10,147,128.0,210.5415522356415
SKU0126,2025-06-17,136,143.0,157.47447512602633
SKU0126,2025-06-24,106,120.0,139.76701687893768
SKU0127,2025-05-20,188,144.0,169.80388136700967
SKU0127,2025-05-27,220,181.0,222.02005568338524
SKU0127,2025-06-03,283,257.0,274.9363873832389
SKU0127,2025-06-10,184,105.0,216.20742144652831
SKU0127,2025-06-17,148,131.0,153.39120587833463
SKU0127,2025-06-24,136,108.0,150.3631777682358
SKU0128,2025-05-20,103,75.29411764705883,101.46839099085041
SKU0128,2025-05-27,118,79.0,150.70432174924989
SKU0128,2025-06-03,159,127.0,172.9585570307364
SKU0128,2025-06-10,104,72.0,163.3695882129758
SKU0128,2025-06-17,88,67.0,92.80866063398771
SKU0128,2025-06-24,92,50.0,89.59834971818303
SKU0129,2025-05-20,150,150.0,180.67722486179716
SKU0129,2025-05-27,218,154.0,230.2960882657375
SKU0129,2025-06-03,307,229.0,270.6407650759803
SKU0129,2025-06-10,173,128.0,302.8806185399969
SKU0129,2025-06-17,135,135.0,162.96994940535234
SKU0129,2025-06-24,140,81.0,148.2031532491884
SKU0130,2025-05-20,34,50.0,32.826451096082145
SKU0130,2025-05-27,32,58.0,39.95773292214486
SKU0130,2025-06-03,65,65.0,47.398837863953446
SKU0130,2025-06-10,31,29.0,45.33240263664262
SKU0130,2025-06-17,30,27.0,30.806436925942826
SKU0130,2025-06-24,25,43.0,26.324518552032387
SKU0131,2025-05-20,70,85.0,69.1759529892393
SKU0131,2025-05-27,81,101.0,90.72019435151084
SKU0131,2025-06-03,129,134.0,103.35250954826365
SKU0131,2025-06-10,75,76.0,89.48476856588483
SKU0131,2025-06-17,53,67.0,63.17068807339415
SKU0131,2025-06-24,61,85.0,58.00689406709607
SKU0132,2025-05-20,34,42.0,42.021455320997106
SKU0132,2025-05-27,51,65.0,54.84608333077504
SKU0132,2025-06-03,78,80.0,66.55865403318651
SKU0132,2025-06-10,44,48.0,62.288461074517
SKU0132,2025-06-17,33,39.0,38.72148755397045
SKU0132,2025-06-24,35,40.0,34.012850005130844
SKU0133,2025-05-20,165,151.0,177.45871355801208
SKU0133,2025-05-27,202,235.0,224.48194722057247
SKU0133,2025-06-03,279,279.0,260.6375732070044
SKU0133,2025-06-10,180,167.0,282.26072379795806
SKU0133,2025-06-17,156,128.0,160.47178371492845
SKU0133,2025-06-24,136,121.0,149.01443237316357
SKU0134,2025-05-20,149,211.0,154.6661634764811
SKU0134,2025-05-27,158,248.0,205.83010103358583
SKU0134,2025-06-03,265,316.0,235.18725699804392
SKU0134,2025-06-10,130,143.0,188.1800494357136
SKU0134,2025-06-17,135,186.0,126.159936727838
SKU0134,2025-06-24,129,130.0,117.78115588123477
SKU0135,2025-05-20,96,113.0,94.04883869364154
SKU0135,2025-05-27,98,149.0,129.17341222221205
SKU0135,2025-06-03,130,189.0,147.9151082537425
SKU0135,2025-06-10,76,99.0,132.80404846522612
SKU0135,2025-06-17,70,87.0,77.7385816453779
SKU0135,2025-06-24,50,104.0,78.23984707633531
SKU0136,2025-05-20,93,92.0,102.26912094363763
SKU0136,2025-05-27,119,128.0,145.0833225362326
SKU0136,2025-06-03,159,167.0,171.639764455689
SKU0136,2025-06-10,106,83.0,149.5200114479159
SKU0136,2025-06-17,79,64.0,96.87416466713218
SKU0136,2025-06-24,97,81.0,90.85687286891216
SKU0137,2025-05-20,174,183.6078431372549,189.19350180123567
SKU0137,2025-05-27,272,231.0,272.52238875514126
SKU0137,2025-06-03,299,322.0,346.47918475809763
SKU0137,2025-06-10,170,177.0,328.6573831831204
SKU0137,2025-06-17,171,198.0,173.1416114730873
SKU0137,2025-06-24,151,165.0,165.27749592416046
SKU0138,2025-05-20,147,152.125,148.5102881801671
SKU0138,2025-05-27,181,151.55555555555554,206.2863151856383
SKU0138,2025-06-03,272,154.5,238.3097346929531
SKU0138,2025-06-10,132,165.1818181818182,203.09456345136988
SKU0138,2025-06-17,109,162.41666666666666,132.22175266300673
SKU0138,2025-06-24,78,158.30769230769232,124.5372990112924
SKU0139,2025-05-20,21,23.0,21.60845888711512
SKU0139,2025-05-27,31,30.0,28.254138807328122
SKU0139,2025-06-03,37,37.0,37.41255585740734
SKU0139,2025-06-10,21,13.0,31.033718950937693
SKU0139,2025-06-17,20,20.0,18.88007608348328
SKU0139,2025-06-24,20,14.0,18.866590334144853
SKU0140,2025-05-20,196,144.76470588235293,196.216348220186
SKU0140,2025-05-27,215,182.0,261.8200195927408
SKU0140,2025-06-03,309,283.0,316.808771325473
SKU0140,2025-06-10,182,123.0,333.37102369579287
SKU0140,2025-06-17,149,128.0,172.61812369228684
SKU0140,2025-06-24,157,130.0,164.9030477531227
SKU0141,2025-05-20,83,62.0,78.48160588136373
SKU0141,2025-05-27,87,74.0,107.63740341127254
SKU0141,2025-06-03,134,129.0,122.08924339798955
SKU0141,2025-06-10,74,57.0,100.23422048854361
SKU0141,2025-06-17,70,65.0,67.94742643565881
SKU0141,2025-06-24,67,64.0,66.35217607447822
SKU0142,2025-05-20,99,93.0,116.05471628433511
SKU0142,2025-05-27,150,144.0,161.08639817434747
SKU0142,2025-06-03,200,185.0,190.66744866354733
SKU0142,2025-06-10,109,88.0,175.1483412855485
SKU0142,2025-06-17,110,106.0,108.45531688752962
SKU0142,2025-06-24,92,81.0,96.0744265570682
SKU0143,2025-05-20,155,140.9,134.9469142824083
SKU0143,2025-05-27,160,141.3548387096774,202.40177145644955
SKU0143,2025-06-03,257,141.9375,237.13469685164688
SKU0143,2025-06-10,149,145.42424242424244,201.2737530736066
SKU0143,2025-06-17,107,145.52941176470588,134.83589400857153
SKU0143,2025-06-24,86,144.42857142857142,118.08418269073475
SKU0144,2025-05-20,188,129.0,155.57812939656446
SKU0144,2025-05-27,196,157.0,211.11515917700982
SKU0144,2025-06-03,296,239.0,256.92140232258015
SKU0144,2025-06-10,174,127.0,259.98621966086847
SKU0144,2025-06-17,145,112.0,156.52357245884852
SKU0144,2025-06-24,148,114.0,146.88183338714387
SKU0145,2025-05-20,222,169.0,219.21447927247954
SKU0145,2025-05-27,271,297.0,290.230774256887
SKU0145,2025-06-03,424,347.0,341.02323407064017
SKU0145,2025-06-10,258,183.0,227.39221843733748
SKU0145,2025-06-17,209,158.0,218.85995001384393
SKU0145,2025-06-24,232,194.0,224.45785897637083
SKU0146,2025-05-20,110,151.0,110.97512244432022
SKU0146,2025-05-27,103,212.0,158.76326557425773
SKU0146,2025-06-03,209,293.0,176.17336245915166
SKU0146,2025-06-10,151,147.0,152.32486706216162
SKU0146,2025-06-17,119,133.0,103.63658444933495
SKU0146,2025-06-24,106,128.0,100.19349841921276
SKU0147,2025-05-20,187,190.0,219.91451110671287
SKU0147,2025-05-27,235,257.0,273.4189062197855
SKU0147,2025-06-03,330,294.0,318.89421907130213
SKU0147,2025-06-10,208,154.0,305.10301810182807
SKU0147,2025-06-17,195,167.0,179.30961602423454
SKU0147,2025-06-24,170,102.0,169.88162070078758
SKU0148,2025-05-20,142,129.36666666666667,143.88919329699095
SKU0148,2025-05-27,157,129.7741935483871,191.2457475842748
SKU0148,2025-06-03,231,130.625,236.118758239814
SKU0148,2025-06-10,139,133.66666666666666,227.92395244148335
SKU0148,2025-06-17,115,133.8235294117647,130.16562127195397
SKU0148,2025-06-24,122,133.28571428571428,111.51963642189884
SKU0149,2025-05-20,51,44.0,56.94593997863328
SKU0149,2025-05-27,73,69.0,75.98145140761702
SKU0149,2025-06-03,95,78.0,91.04335836268069
SKU0149,2025-06-10,66,44.0,77.85412670315189
SKU0149,2025-06-17,45,31.0,52.09574174491118
SKU0149,2025-06-24,41,47.0,50.912175810171355
SKU0150,2025-05-20,83,77.13333333333334,79.81665941387132
SKU0150,2025-05-27,97,77.3225806451613,114.18129185980659
SKU0150,2025-06-03,131,77.9375,121.37715851129467
SKU0150,2025-06-10,84,79.54545454545455,130.38572343998123
SKU0150,2025-06-17,66,79.67647058823529,69.90924012783564
SKU0150,2025-06-24,78,79.28571428571429,66.74139855748129
SKU0151,2025-05-20,151,133.0,170.52531421283018
SKU0151,2025-05-27,189,195.0,219.79834634409906
SKU0151,2025-06-03,299,279.0,250.97674862666764
SKU0151,2025-06-10,159,189.0,281.5382487479069
SKU0151,2025-06-17,177,174.0,160.48328154080932
SKU0151,2025-06-24,178,137.0,153.0496818716657
SKU0152,2025-05-20,110,144.0,121.30554645570575
SKU0152,2025-05-27,160,161.0,159.49832195718187
SKU0152,2025-06-03,188,230.0,188.02536859354026
SKU0152,2025-06-10,127,122.0,169.16005847346014
SKU0152,2025-06-17,91,100.0,103.39419277355327
SKU0152,2025-06-24,94,106.0,90.98789858241327
SKU0153,2025-05-20,93,71.0,81.23327089868305
SKU0153,2025-05-27,103,84.0,113.46860853111113
SKU0153,2025-06-03,134,133.0,121.09691158312906
SKU0153,2025-06-10,87,48.0,125.50555100522574
SKU0153,2025-06-17,61,51.0,80.7771414439453
SKU0153,2025-06-24,60,56.0,71.04990493475624
SKU0154,2025-05-20,93,88.0,91.11526107233144
SKU0154,2025-05-27,100,139.0,130.31311691946902
SKU0154,2025-06-03,156,124.0,142.27191243745241
SKU0154,2025-06-10,84,74.0,139.61940943581754
SKU0154,2025-06-17,94,72.0,79.37356475280684
SKU0154,2025-06-24,91,51.0,81.81544352788502
SKU0155,2025-05-20,91,96.0,93.71790876499796
SKU0155,2025-05-27,120,139.0,127.88287875632102
SKU0155,2025-06-03,138,181.0,155.44269019640817
SKU0155,2025-06-10,78,93.0,146.39732001632365
SKU0155,2025-06-17,81,85.0,83.11323497758188
SKU0155,2025-06-24,94,116.0,82.89435087990587
SKU0156,2025-05-20,33,39.0,40.33512542166563
SKU0156,2025-05-27,51,52.0,48.54231300195675
SKU0156,2025-06-03,67,79.0,65.4161210061727
SKU0156,2025-06-10,35,36.0,56.910667790050255
SKU0156,2025-06-17,30,40.0,36.74941855312962
SKU0156,2025-06-24,30,23.0,31.74911559062709
SKU0157,2025-05-20,61,42.0,63.82321448171848
SKU0157,2025-05-27,77,78.0,86.02862213970612
SKU0157,2025-06-03,122,108.0,96.43623728871168
SKU0157,2025-06-10,65,60.0,84.48422410660314
SKU0157,2025-06-17,60,54.0,58.256870349086945
SKU0157,2025-06-24,61,45.0,55.508182455374396
SKU0158,2025-05-20,81,77.0,75.02867407533546
SKU0158,2025-05-27,101,97.0,96.9754396572959
SKU0158,2025-06-03,138,116.0,122.18307708176447
SKU0158,2025-06-10,88,57.0,97.67811129309733
SKU0158,2025-06-17,64,68.0,71.99606567498454
SKU0158,2025-06-24,52,38.0,65.84629451772925
SKU0159,2025-05-20,17,26.0,19.69690673230109
SKU0159,2025-05-27,26,27.0,26.89453694562256
SKU0159,2025-06-03,37,35.0,32.923170974069336
SKU0159,2025-06-10,21,20.0,29.50128735819271
SKU0159,2025-06-17,21,23.0,18.820480560031275
SKU0159,2025-06-24,18,14.0,18.220828919294956
SKU0160,2025-05-20,34,58.0,65.48148743616991
SKU0160,2025-05-27,64,55.333333333333336,75.7033437142413
SKU0160,2025-06-03,100,56.2,85.76012459953472
SKU0160,2025-06-10,48,60.18181818181818,85.40810478732368
SKU0160,2025-06-17,49,59.16666666666666,50.84008081388504
SKU0160,2025-06-24,57,58.38461538461539,44.35781849253026
SKU0161,2025-05-20,11,16.607843137254903,16.110084856763148
SKU0161,2025-05-27,22,20.0,22.414802011660413
SKU0161,2025-06-03,32,28.0,30.285059632240714
SKU0161,2025-06-10,15,17.0,26.99503257873757
SKU0161,2025-06-17,11,11.0,14.347505158269314
SKU0161,2025-06-24,13,16.0,13.44340827195103
SKU0162,2025-05-20,176,161.0,132.26599778332994
SKU0162,2025-05-27,133,222.0,199.93749881816518
SKU0162,2025-06-03,231,283.0,221.71384443930413
SKU0162,2025-06-10,116,123.0,166.32669191185954
SKU0162,2025-06-17,98,148.0,110.87376747114645
SKU0162,2025-06-24,124,118.0,113.19786761089337
SKU0163,2025-05-20,43,33.0,40.19600841844054
SKU0163,2025-05-27,55,44.0,57.643846301411344
SKU0163,2025-06-03,66,56.0,63.67939456744319
SKU0163,2025-06-10,42,38.0,56.296395431405095
SKU0163,2025-06-17,35,30.0,37.67676671370876
SKU0163,2025-06-24,26,33.0,33.90804436398432
SKU0164,2025-05-20,302,201.0,292.13193311843594
SKU0164,2025-05-27,339,276.0,319.41775297254026
SKU0164,2025-06-03,473,401.0,307.1014811513978
SKU0164,2025-06-10,268,216.0,259.1799176043656
SKU0164,2025-06-17,269,174.0,250.38213026472155
SKU0164,2025-06-24,228,205.0,253.66471887655283
SKU0165,2025-05-20,129,170.5,161.01428704320426
SKU0165,2025-05-27,222,169.16129032258064,217.32690577378082
SKU0165,2025-06-03,254,170.8125,263.2722042217373
SKU0165,2025-06-10,189,173.33333333333334,234.85993727560745
SKU0165,2025-06-17,150,173.7941176470588,157.54282078924066
SKU0165,2025-06-24,133,173.11428571428573,141.7632798954124
SKU0166,2025-05-20,258,224.0,217.31962709957665
SKU0166,2025-05-27,277,273.0,298.4872201401894
SKU0166,2025-06-03,404,330.0,327.51845947251985
SKU0166,2025-06-10,267,216.0,225.92110229828856
SKU0166,2025-06-17,174,203.0,232.59317114597866
SKU0166,2025-06-24,139,193.0,202.27486051571532
SKU0167,2025-05-20,212,167.0,213.6323266985675
SKU0167,2025-05-27,289,231.0,296.111858447731
SKU0167,2025-06-03,400,306.0,358.22206963662944
SKU0167,2025-06-10,225,157.0,224.21548677042048
SKU0167,2025-06-17,184,192.0,196.91250036645636
SKU0167,2025-06-24,216,162.0,198.22830431767935
SKU0168,2025-05-20,108,166.0,154.96976682588115
SKU0168,2025-05-27,126,205.0,196.71226829502376
SKU0168,2025-06-03,237,269.0,215.85318530986623
SKU0168,2025-06-10,139,128.0,221.20074628907517
SKU0168,2025-06-17,103,148.0,131.0871688200507
SKU0168,2025-06-24,118,107.0,109.90236114483662
SKU0169,2025-05-20,105,90.0,103.98436208306353
SKU0169,2025-05-27,122,169.0,148.2181408525921
SKU0169,2025-06-03,155,191.0,170.02418149575337
SKU0169,2025-06-10,81,114.0,167.67137478840664
SKU0169,2025-06-17,103,107.0,91.41803314758755
SKU0169,2025-06-24,93,107.0,92.8672421250445
SKU0170,2025-05-20,61,52.0,61.649458312978226
SKU0170,2025-05-27,83,83.0,81.98016329178506
SKU0170,2025-06-03,114,89.0,94.46755310172325
SKU0170,2025-06-10,65,45.0,80.22362143124141
SKU0170,2025-06-17,60,48.0,57.191603600978596
SKU0170,2025-06-24,65,57.0,55.450946803661864
SKU0171,2025-05-20,26,26.0,30.221502838550318
SKU0171,2025-05-27,35,34.0,34.88808525003745
SKU0171,2025-06-03,55,47.0,44.82309408147973
SKU0171,2025-06-10,29,24.0,39.6093439912139
SKU0171,2025-06-17,27,25.0,26.469916546068706
SKU0171,2025-06-24,28,22.0,24.392345030106558
SKU0172,2025-05-20,134,131.0,113.74381827521816
SKU0172,2025-05-27,143,165.0,157.3950954409894
SKU0172,2025-06-03,177,191.0,194.93203997954376
SKU0172,2025-06-10,126,121.0,180.00663122264402
SKU0172,2025-06-17,87,123.0,112.4396494578527
SKU0172,2025-06-24,99,105.0,98.05703017263995
SKU0173,2025-05-20,120,97.0,132.90189145102548
SKU0173,2025-05-27,167,177.0,168.22100396822938
SKU0173,2025-06-03,218,207.0,213.10369065423666
SKU0173,2025-06-10,139,110.0,189.2384289319498
SKU0173,2025-06-17,115,122.0,126.44090798291785
SKU0173,2025-06-24,107,126.0,104.1165708893251
SKU0174,2025-05-20,52,30.0,46.504150776778246
SKU0174,2025-05-27,64,52.0,68.76081289517766
SKU0174,2025-06-03,91,69.0,76.42974192472913
SKU0174,2025-06-10,50,32.0,61.66888998504837
SKU0174,2025-06-17,39,27.0,43.62282502006892
SKU0174,2025-06-24,39,32.0,43.845241041825034
SKU0175,2025-05-20,186,128.0,152.21429271824292
SKU0175,2025-05-27,201,175.0,208.23177865352324
SKU0175,2025-06-03,294,231.0,246.86482844780699
SKU0175,2025-06-10,169,112.0,177.66152283636333
SKU0175,2025-06-17,162,140.0,150.61966049538805
SKU0175,2025-06-24,127,126.0,140.90084327865128
SKU0176,2025-05-20,99,102.0,102.40236749461646
SKU0176,2025-05-27,114,126.0,145.9201188574266
SKU0176,2025-06-03,159,175.0,173.3143935726953
SKU0176,2025-06-10,100,61.0,156.74146550153813
SKU0176,2025-06-17,100,84.0,94.40695302435685
SKU0176,2025-06-24,82,75.0,92.98926099711102
SKU0177,2025-05-20,63,74.875,73.84756336563996
SKU0177,2025-05-27,82,73.55555555555556,104.86641785313152
SKU0177,2025-06-03,93,74.4,117.7757256299281
SKU0177,2025-06-10,66,76.0909090909091,103.38726689583906
SKU0177,2025-06-17,59,75.25,61.61967665636799
SKU0177,2025-06-24,47,74.0,56.76571991299949
SKU0178,2025-05-20,147,97.0,136.2214163063129
SKU0178,2025-05-27,161,136.0,180.05581286964488
SKU0178,2025-06-03,238,158.0,221.03658261671788
SKU0178,2025-06-10,120,95.0,188.8485559881407
SKU0178,2025-06-17,110,77.0,116.43858715661638
SKU0178,2025-06-24,107,93.0,119.42198941591919
SKU0179,2025-05-20,50,57.0,46.29940302841335
SKU0179,2025-05-27,51,73.0,68.76081289517766
SKU0179,2025-06-03,77,86.0,77.11415579464291
SKU0179,2025-06-10,56,44.0,57.93693086585332
SKU0179,2025-06-17,23,56.0,43.08625327844924
SKU0179,2025-06-24,39,46.0,39.072194799625954
SKU0180,2025-05-20,58,62.31372549019608,61.340055089928896
SKU0180,2025-05-27,71,68.0,91.35140967739986
SKU0180,2025-06-03,111,119.0,100.72694891487653
SKU0180,2025-06-10,54,74.0,92.27809154338183
SKU0180,2025-06-17,48,65.0,52.20901305587428
SKU0180,2025-06-24,53,57.0,49.82614543809082
SKU0181,2025-05-20,322,224.0,297.2026532621309
SKU0181,2025-05-27,344,300.0,295.34006335016704
SKU0181,2025-06-03,511,389.0,315.4486867958599
SKU0181,2025-06-10,300,164.0,262.27042505576424
SKU0181,2025-06-17,236,200.0,260.28426584370175
SKU0181,2025-06-24,205,180.0,255.39839692639242
SKU0182,2025-05-20,178,135.0,167.57569046344972
SKU0182,2025-05-27,196,193.0,217.83085376467758
SKU0182,2025-06-03,273,259.0,249.2457674989612
SKU0182,2025-06-10,157,113.0,195.5101778503481
SKU0182,2025-06-17,138,154.0,152.9724945692146
SKU0182,2025-06-24,108,101.0,141.29057683134437
SKU0183,2025-05-20,277,195.0,286.26561467485305
SKU0183,2025-05-27,313,233.0,313.78284743592513
SKU0183,2025-06-03,472,342.0,294.01561449614286
SKU0183,2025-06-10,263,168.0,259.9688072000413
SKU0183,2025-06-17,213,162.0,250.70704961346587
SKU0183,2025-06-24,217,136.0,247.40341887851844
SKU0184,2025-05-20,108,105.0,100.15031738137296
SKU0184,2025-05-27,130,138.0,151.6372749397308
SKU0184,2025-06-03,170,149.0,168.05567754644647
SKU0184,2025-06-10,98,103.0,168.25825902839503
SKU0184,2025-06-17,84,107.0,96.08221734133788
SKU0184,2025-06-24,83,87.0,93.40174165487122
SKU0185,2025-05-20,185,163.0,135.76780192137517
SKU0185,2025-05-27,182,228.0,207.8946698965593
SKU0185,2025-06-03,253,309.0,226.76223354828986
SKU0185,2025-06-10,152,127.0,163.1735860100161
SKU0185,2025-06-17,116,183.0,125.20522924588735
SKU0185,2025-06-24,105,175.0,119.94593957420528
SKU0186,2025-05-20,46,26.0,35.1703766523235
SKU0186,2025-05-27,46,39.0,57.335094006369495
SKU0186,2025-06-03,69,52.0,66.14730127802913
SKU0186,2025-06-10,39,29.0,55.092827454272395
SKU0186,2025-06-17,46,25.0,35.9107258699562
SKU0186,2025-06-24,40,23.0,35.14776982597061
SKU0187,2025-05-20,49,46.0,58.55625029995657
SKU0187,2025-05-27,73,64.0,74.6343338883117
SKU0187,2025-06-03,108,87.0,90.18523968307879
SKU0187,2025-06-10,56,49.0,79.53568023690822
SKU0187,2025-06-17,54,46.0,52.51972383786508
SKU0187,2025-06-24,64,44.0,51.190829476798584
SKU0188,2025-05-20,203,187.0,199.62128586224753
SKU0188,2025-05-27,234,247.0,256.83575284544685
SKU0188,2025-06-03,332,311.0,309.8734870009851
SKU0188,2025-06-10,186,161.0,224.08736345336638
SKU0188,2025-06-17,178,144.0,163.2039897299484
SKU0188,2025-06-24,177,143.0,160.57124409023112
SKU0189,2025-05-20,218,206.3,203.7180648761459
SKU0189,2025-05-27,266,206.67741935483872,276.36557941278954
SKU0189,2025-06-03,380,208.53125,365.1062687316345
SKU0189,2025-06-10,236,213.72727272727272,236.65733794765114
SKU0189,2025-06-17,189,214.3823529411765,184.268117139227
SKU0189,2025-06-24,203,213.65714285714284,190.39381538042184
SKU0190,2025-05-20,172,171.50980392156862,184.83158338622607
SKU0190,2025-05-27,220,182.0,259.73283761627573
SKU0190,2025-06-03,347,299.0,298.24719068417613
SKU0190,2025-06-10,138,141.0,264.9088859658546
SKU0190,2025-06-17,153,165.0,165.2951542606269
SKU0190,2025-06-24,168,176.0,155.08309533180986
SKU0191,2025-05-20,131,146.0,129.5380486233683
SKU0191,2025-05-27,133,181.0,168.41114533666854
SKU0191,2025-06-03,176,222.0,204.3450651162197
SKU0191,2025-06-10,100,134.0,190.08786718820025
SKU0191,2025-06-17,93,114.0,112.5776946488038
SKU0191,2025-06-24,75,103.0,103.99951642426386
SKU0192,2025-05-20,25,22.0,23.37832693536609
SKU0192,2025-05-27,22,36.0,30.160797939572195
SKU0192,2025-06-03,33,43.0,34.68106147589084
SKU0192,2025-06-10,15,21.0,30.750826935903557
SKU0192,2025-06-17,18,21.0,17.752209152615404
SKU0192,2025-06-24,16,21.0,17.22089082135341
SKU0193,2025-05-20,97,123.0,103.37763010774766
SKU0193,2025-05-27,122,151.0,151.1968014486392
SKU0193,2025-06-03,175,195.0,169.95021787036177
SKU0193,2025-06-10,110,114.0,162.32807341620236
SKU0193,2025-06-17,80,90.0,95.55888791622942
SKU0193,2025-06-24,92,88.0,89.6632101785564
SKU0194,2025-05-20,110,115.15686274509804,111.79983755590516
SKU0194,2025-05-27,141,147.0,167.8437910693268
SKU0194,2025-06-03,217,214.0,196.06531852472992
SKU0194,2025-06-10,100,120.0,187.66649610129036
SKU0194,2025-06-17,114,101.0,110.90439041159286
SKU0194,2025-06-24,97,91.0,100.52125791072491
SKU0195,2025-05-20,25,21.0,27.979171828602006
SKU0195,2025-05-27,37,35.0,35.08134836798697
SKU0195,2025-06-03,49,45.0,45.91668950389609
SKU0195,2025-06-10,32,24.0,40.120910790324686
SKU0195,2025-06-17,26,20.0,26.974254370597833
SKU0195,2025-06-24,26,19.0,24.015056867457027
SKU0196,2025-05-20,299,230.0,301.8229019897448
SKU0196,2025-05-27,388,275.0,312.0895296344343
SKU0196,2025-06-03,486,397.0,302.2872378994809
SKU0196,2025-06-10,292,230.0,255.51739257578868
SKU0196,2025-06-17,295,165.0,256.1301675218074
SKU0196,2025-06-24,212,193.0,251.64673553581787
SKU0197,2025-05-20,157,168.0,176.41511284126827
SKU0197,2025-05-27,223,207.0,220.7201432475191
SKU0197,2025-06-03,267,270.0,277.0280409439406
SKU0197,2025-06-10,162,163.0,257.52180821226256
SKU0197,2025-06-17,125,152.0,156.72465307339314
SKU0197,2025-06-24,147,158.0,132.12412910886093
SKU0198,2025-05-20,167,229.375,215.402345955389
SKU0198,2025-05-27,222,222.44444444444449,278.33609466342386
SKU0198,2025-06-03,392,222.4,309.2335981911976
SKU0198,2025-06-10,229,237.8181818181818,297.95125933676115
SKU0198,2025-06-17,150,237.08333333333331,178.8835223556068
SKU0198,2025-06-24,211,230.3846153846154,178.37383677424884
SKU0199,2025-05-20,123,115.0,129.88595043314558
SKU0199,2025-05-27,169,141.0,167.36280089443878
SKU0199,2025-06-03,204,193.0,206.50925253592547
SKU0199,2025-06-10,137,86.0,194.32565929203412
SKU0199,2025-06-17,90,100.0,113.61573691866505
SKU0199,2025-06-24,107,106.0,109.09761947095265
SKU0200,2025-05-20,44,46.833333333333336,47.4943297161817
SKU0200,2025-05-27,51,46.74193548387097,71.1838966890977
SKU0200,2025-06-03,85,46.875,78.80853950384865
SKU0200,2025-06-10,52,48.03030303030303,67.23340696341157
SKU0200,2025-06-17,41,48.14705882352941,40.46146655163573
SKU0200,2025-06-24,32,47.94285714285714,39.37075856946718
SKU0001,2025-06-24,82,99.0,90.83911179620048
SKU0001,2025-07-01,87,82.0,92.97079470590802
SKU0001,2025-07-08,80,81.0,81.75704081417075
SKU0001,2025-07-15,68,93.0,77.26689937592866
SKU0001,2025-07-22,81,102.0,71.49436443864515
SKU0001,2025-07-29,66,99.0,71.47105776000286
SKU0002,2025-06-24,100,87.0,96.16851061468824
SKU0002,2025-07-01,107,87.0,102.20951110534976
SKU0002,2025-07-08,82,124.0,96.36741884719221
SKU0002,2025-07-15,69,87.0,90.44926574651736
SKU0002,2025-07-22,105,90.0,87.59562502314546
SKU0002,2025-07-29,85,82.0,82.06298461323219
SKU0003,2025-06-24,32,55.0,36.72669427023354
SKU0003,2025-07-01,44,35.0,32.96592491454282
SKU0003,2025-07-08,25,32.0,37.480266132250605
SKU0003,2025-07-15,38,39.0,30.05594073056525
SKU0003,2025-07-22,15,31.0,32.6521842971303
SKU0003,2025-07-29,30,26.0,25.652536241707573
SKU0004,2025-06-24,183,142.0,174.11993026804214
SKU0004,2025-07-01,199,147.0,167.4612703539597
SKU0004,2025-07-08,211,185.0,172.69651140844087
SKU0004,2025-07-15,176,154.0,179.4613859082099
SKU0004,2025-07-22,171,145.0,176.43775979305286
SKU0004,2025-07-29,165,201.0,169.68604873338955
SKU0005,2025-06-24,188,183.0,240.99736395214106
SKU0005,2025-07-01,192,174.0,232.53497154202404
SKU0005,2025-07-08,165,158.0,222.78111472384202
SKU0005,2025-07-15,147,147.0,174.19957351340759
SKU0005,2025-07-22,172,147.0,141.13417988868446
SKU0005,2025-07-29,169,118.0,131.3752013326579
SKU0006,2025-06-24,167,172.0,183.10135890368414
SKU0006,2025-07-01,167,163.0,178.5115881096985
SKU0006,2025-07-08,118,119.0,161.56102797559126
SKU0006,2025-07-15,126,145.0,137.52501729388194
SKU0006,2025-07-22,117,132.0,127.80275189870802
SKU0006,2025-07-29,134,101.0,112.68682297471119
SKU0007,2025-06-24,78,52.0,79.90200279357622
SKU0007,2025-07-01,80,72.0,72.6935160248776
SKU0007,2025-07-08,66,48.0,70.35881200124255
SKU0007,2025-07-15,77,51.0,67.88648271292682
SKU0007,2025-07-22,56,48.0,69.14081478060002
SKU0007,2025-07-29,52,62.0,63.466014858035145
SKU0008,2025-06-24,153,166.3846153846154,127.58935384838476
SKU0008,2025-07-01,134,165.42857142857142,124.48646453868952
SKU0008,2025-07-08,124,163.33333333333334,131.39757099917503
SKU0008,2025-07-15,116,160.875,125.59165864156552
SKU0008,2025-07-22,87,158.23529411764707,121.38129857210681
SKU0008,2025-07-29,100,154.27777777777777,101.18477915843171
SKU0009,2025-06-24,52,70.0,54.191910335109064
SKU0009,2025-07-01,75,59.0,54.043503300397745
SKU0009,2025-07-08,61,63.0,56.50642257041143
SKU0009,2025-07-15,71,77.0,54.1962534615863
SKU0009,2025-07-22,69,52.0,57.858960030815204
SKU0009,2025-07-29,47,42.0,58.45043144375221
SKU0010,2025-06-24,50,37.0,48.67479338747713
SKU0010,2025-07-01,46,45.0,46.766383463493206
SKU0010,2025-07-08,54,46.0,45.873924712040626
SKU0010,2025-07-15,47,43.0,46.93961709465881
SKU0010,2025-07-22,43,34.0,45.797881369147824
SKU0010,2025-07-29,48,39.0,41.1293800584342
SKU0011,2025-06-24,60,63.0,51.99965846649064
SKU0011,2025-07-01,54,55.0,52.35243008438597
SKU0011,2025-07-08,59,67.0,53.75603629885697
SKU0011,2025-07-15,62,62.0,52.335816341673755
SKU0011,2025-07-22,53,57.0,54.103120189368006
SKU0011,2025-07-29,43,40.0,47.95186329877491
SKU0012,2025-06-24,86,108.0,79.12601134839167
SKU0012,2025-07-01,67,100.0,75.41684944400315
SKU0012,2025-07-08,58,89.0,72.68131738469707
SKU0012,2025-07-15,60,84.0,69.46991261304515
SKU0012,2025-07-22,75,77.0,65.63588997545875
SKU0012,2025-07-29,72,69.0,55.63626402795845
SKU0013,2025-06-24,55,34.0,52.173448575669696
SKU0013,2025-07-01,54,52.0,49.9322506272027
SKU0013,2025-07-08,47,50.0,48.64964959791008
SKU0013,2025-07-15,41,57.0,48.38096632296103
SKU0013,2025-07-22,40,38.0,45.579082425221166
SKU0013,2025-07-29,52,42.0,40.93503304689363
SKU0014,2025-06-24,78,82.0,74.28181514793204
SKU0014,2025-07-01,75,106.0,79.26621878605467
SKU0014,2025-07-08,69,77.0,70.33955063433183
SKU0014,2025-07-15,59,65.0,65.76224904466406
SKU0014,2025-07-22,53,94.0,61.86345479381511
SKU0014,2025-07-29,81,77.0,58.75101900837545
SKU0015,2025-06-24,158,114.0,142.6500028795216
SKU0015,2025-07-01,130,134.0,136.62131169904416
SKU0015,2025-07-08,140,101.0,131.060706013583
SKU0015,2025-07-15,186,155.0,137.20371348474978
SKU0015,2025-07-22,121,104.0,146.3179737064983
SKU0015,2025-07-29,128,104.0,123.9992419816196
SKU0017,2025-06-24,195,196.0,196.09344595859653
SKU0017,2025-07-01,168,203.0,189.69376494157137
SKU0017,2025-07-08,206,163.0,179.85563617766374
SKU0017,2025-07-15,207,198.0,160.78593457580752
SKU0017,2025-07-22,151,133.0,177.32057652815075
SKU0017,2025-07-29,158,167.0,171.9351409403917
SKU0018,2025-06-24,154,107.0,126.25925814959321
SKU0018,2025-07-01,126,133.0,138.57642306008688
SKU0018,2025-07-08,148,112.0,122.63636697910073
SKU0018,2025-07-15,140,127.0,122.55974994251757
SKU0018,2025-07-22,134,125.0,120.01484530950937
SKU0018,2025-07-29,130,106.0,113.28180343305803
SKU0019,2025-06-24,145,135.0,135.82096075221625
SKU0019,2025-07-01,141,115.0,130.26799297464373
SKU0019,2025-07-08,109,129.0,120.76915369612946
SKU0019,2025-07-15,108,130.0,118.15884436028156
SKU0019,2025-07-22,105,104.0,110.92939175919791
SKU0019,2025-07-29,91,106.0,99.6886266162841
SKU0020,2025-06-24,225,141.0,224.21823096208558
SKU0020,2025-07-01,217,169.0,212.3371654830945
SKU0020,2025-07-08,201,150.0,220.47685216468568
SKU0020,2025-07-15,177,151.0,219.60667722632286
SKU0020,2025-07-22,197,157.0,172.1620076773075
SKU0020,2025-07-29,161,128.0,172.45647716027756
SKU0021,2025-06-24,96,115.0,99.42898071541171
SKU0021,2025-07-01,113,93.0,99.57679796745029
SKU0021,2025-07-08,94,92.0,96.79160308299409
SKU0021,2025-07-15,77,80.0,95.47935512498364
SKU0021,2025-07-22,78,97.0,85.10218290843146
SKU0021,2025-07-29,49,78.0,85.49141420393738
SKU0022,2025-06-24,45,54.0,51.36623793095602
SKU0022,2025-07-01,55,50.0,50.68922729367037
SKU0022,2025-07-08,56,54.0,48.511740278762296
SKU0022,2025-07-15,46,54.0,49.485752227620246
SKU0022,2025-07-22,50,62.0,48.792039868137756
SKU0022,2025-07-29,47,53.0,45.83926670629981
SKU0023,2025-06-24,158,191.3142857142857,169.95549780738529
SKU0023,2025-07-01,168,190.38888888888889,179.40988729989238
SKU0023,2025-07-08,122,189.78378378378375,155.39553279615706
SKU0023,2025-07-15,181,188.0,142.33612024156722
SKU0023,2025-07-22,177,187.8205128205128,141.906376307363
SKU0023,2025-07-29,148,187.55,161.0157635581485
SKU0024,2025-06-24,148,102.0,119.82670016332759
SKU0024,2025-07-01,126,98.0,131.9976387230219
SKU0024,2025-07-08,108,71.0,118.42262380981656
SKU0024,2025-07-15,110,77.0,114.96552832623189
SKU0024,2025-07-22,101,86.0,105.25277063193846
SKU0024,2025-07-29,108,97.0,97.8497128990936
SKU0025,2025-06-24,28,33.0,28.797597768232688
SKU0025,2025-07-01,27,37.0,27.27693199211153
SKU0025,2025-07-08,38,33.0,27.20368769134878
SKU0025,2025-07-15,36,31.0,30.988243168990692
SKU0025,2025-07-22,19,27.0,30.078076931562382
SKU0025,2025-07-29,21,31.0,24.756921368490378
SKU0026,2025-06-24,165,129.0,173.15762579374686
SKU0026,2025-07-01,145,144.0,163.55586450188443
SKU0026,2025-07-08,129,112.0,150.24115151922504
SKU0026,2025-07-15,136,113.0,129.38600871525915
SKU0026,2025-07-22,125,120.0,114.30393927614512
SKU0026,2025-07-29,102,76.0,115.2467971311816
SKU0027,2025-06-24,144,170.22857142857143,153.73317785504022
SKU0027,2025-07-01,118,169.5,141.56615938036265
SKU0027,2025-07-08,115,168.1081081081081,137.83743753797407
SKU0027,2025-07-15,107,166.71052631578948,126.83405836872397
SKU0027,2025-07-22,108,165.17948717948718,113.02711885033952
SKU0027,2025-07-29,123,163.75,103.63850273722502
SKU0028,2025-06-24,109,90.0,95.83877617894709
SKU0028,2025-07-01,93,89.0,90.48201422895383
SKU0028,2025-07-08,107,98.0,92.40963135482222
SKU0028,2025-07-15,93,70.0,93.40657721351953
SKU0028,2025-07-22,93,83.0,90.2770847383432
SKU0028,2025-07-29,92,81.0,84.95298721011794
SKU0029,2025-06-24,139,128.0,142.59347907817994
SKU0029,2025-07-01,128,114.0,149.92311669359833
SKU0029,2025-07-08,153,129.0,123.52990686769469
SKU0029,2025-07-15,135,113.0,124.62120181653653
SKU0029,2025-07-22,142,82.0,119.665294264313
SKU0029,2025-07-29,114,100.0,117.99098132901776
SKU0030,2025-06-24,56,32.0,50.52805643795396
SKU0030,2025-07-01,51,39.0,48.47320527396627
SKU0030,2025-07-08,40,29.0,48.124520777133384
SKU0030,2025-07-15,46,32.0,47.13216511526666
SKU0030,2025-07-22,34,33.0,44.8813062489772
SKU0030,2025-07-29,44,34.0,37.20681828339936
SKU0031,2025-06-24,93,81.0,84.88545882495761
SKU0031,2025-07-01,88,75.0,81.94583262463766
SKU0031,2025-07-08,78,61.0,81.62047067898612
SKU0031,2025-07-15,64,67.0,74.22557129397119
SKU0031,2025-07-22,88,73.0,70.02472868269437
SKU0031,2025-07-29,58,73.0,75.23170904257876
SKU0032,2025-06-24,160,98.0,146.74118151715015
SKU0032,2025-07-01,139,134.0,146.34540305071562
SKU0032,2025-07-08,148,134.0,143.28124400115797
SKU0032,2025-07-15,127,84.0,134.1343759636999
SKU0032,2025-07-22,125,156.0,123.49247720411941
SKU0032,2025-07-29,114,128.0,113.2188186465128
SKU0033,2025-06-24,26,26.0,23.67017980858854
SKU0033,2025-07-01,19,30.0,24.35711235678522
SKU0033,2025-07-08,26,27.0,23.57391685713872
SKU0033,2025-07-15,23,26.0,24.686840796653254
SKU0033,2025-07-22,22,20.0,23.857172406376254
SKU0033,2025-07-29,25,25.0,21.901337991627088
SKU0034,2025-06-24,112,143.0857142857143,130.36049756739044
SKU0034,2025-07-01,122,142.22222222222223,123.38559762119752
SKU0034,2025-07-08,77,141.67567567567568,117.82684717772439
SKU0034,2025-07-15,78,139.97368421052633,103.04921197939599
SKU0034,2025-07-22,90,138.3846153846154,97.26020654544782
SKU0034,2025-07-29,104,137.175,99.0481424459112
SKU0035,2025-06-24,42,41.0,42.026017640935606
SKU0035,2025-07-01,51,44.0,40.96441856671521
SKU0035,2025-07-08,38,38.0,41.679965904639744
SKU0035,2025-07-15,43,43.0,39.98236696186295
SKU0035,2025-07-22,50,37.0,39.81372767851138
SKU0035,2025-07-29,42,26.0,40.16913898112751
SKU0036,2025-06-24,177,134.0,163.29126222050274
SKU0036,2025-07-01,144,112.0,156.8849804587249
SKU0036,2025-07-08,153,128.0,153.75911664277032
SKU0036,2025-07-15,133,98.0,147.34333678231522
SKU0036,2025-07-22,136,114.0,146.34133190576867
SKU0036,2025-07-29,141,73.0,125.29143207957108
SKU0037,2025-06-24,55,47.0,58.07320421740283
SKU0037,2025-07-01,42,57.0,59.727130692391164
SKU0037,2025-07-08,38,51.0,50.64972753373134
SKU0037,2025-07-15,40,48.0,44.55145914952572
SKU0037,2025-07-22,30,35.0,45.276740892884675
SKU0037,2025-07-29,37,51.0,35.33896144658308
SKU0038,2025-06-24,222,105.0,163.56636433455736
SKU0038,2025-07-01,171,118.0,165.2931528654711
SKU0038,2025-07-08,193,138.0,164.02552143611544
SKU0038,2025-07-15,172,146.0,157.7758661586555
SKU0038,2025-07-22,154,121.0,161.41163471162125
SKU0038,2025-07-29,136,95.0,151.2203314908141
SKU0039,2025-06-24,175,191.0,170.2602767908801
SKU0039,2025-07-01,190,166.0,164.4226909925486
SKU0039,2025-07-08,178,182.0,168.09454612235402
SKU0039,2025-07-15,208,137.0,171.07808415792454
SKU0039,2025-07-22,206,165.0,166.06492996346074
SKU0039,2025-07-29,168,98.0,190.73034050585346
SKU0040,2025-06-24,23,27.46153846153846,22.092781668384546
SKU0040,2025-07-01,30,27.142857142857142,21.623332649810834
SKU0040,2025-07-08,28,27.33333333333333,23.66847013863728
SKU0040,2025-07-15,14,27.375,24.251509316568733
SKU0040,2025-07-22,17,26.58823529411765,21.33823022705116
SKU0040,2025-07-29,24,26.05555555555556,19.640438678207502
SKU0041,2025-06-24,114,76.0,112.74141167123027
SKU0041,2025-07-01,101,93.0,118.83818791149538
SKU0041,2025-07-08,102,68.0,105.63696695286482
SKU0041,2025-07-15,92,57.0,96.84978338214052
SKU0041,2025-07-22,91,72.0,101.81503331495475
SKU0041,2025-07-29,66,63.0,88.18249257335323
SKU0042,2025-06-24,55,46.0,52.54635689515418
SKU0042,2025-07-01,48,48.0,50.9169587654561
SKU0042,2025-07-08,43,37.0,48.8165826181149
SKU0042,2025-07-15,39,35.0,47.35057382146847
SKU0042,2025-07-22,47,30.0,45.00883266503942
SKU0042,2025-07-29,38,32.0,40.20686379204202
SKU0043,2025-06-24,64,66.0,65.85680373665812
SKU0043,2025-07-01,73,76.0,66.70235358905298
SKU0043,2025-07-08,78,61.0,62.6818674703019
SKU0043,2025-07-15,75,59.0,64.23443547704031
SKU0043,2025-07-22,73,77.0,63.39691045866652
SKU0043,2025-07-29,77,43.0,69.26000157123046
SKU0044,2025-06-24,215,180.0,206.091833088104
SKU0044,2025-07-01,189,116.0,198.31452522862023
SKU0044,2025-07-08,225,168.0,187.22761549976448
SKU0044,2025-07-15,225,192.0,187.68387629398333
SKU0044,2025-07-22,177,128.0,203.17542201346842
SKU0044,2025-07-29,185,195.0,191.47752245764934
SKU0045,2025-06-24,42,57.62857142857143,50.2822640281589
SKU0045,2025-07-01,52,57.19444444444444,49.149143605533716
SKU0045,2025-07-08,45,57.054054054054056,44.59480511590208
SKU0045,2025-07-15,38,56.73684210526316,44.22410476064992
SKU0045,2025-07-22,40,56.256410256410255,40.8417970549873
SKU0045,2025-07-29,31,55.85,40.97379367517844
SKU0046,2025-06-24,94,68.0,82.34142943748324
SKU0046,2025-07-01,88,71.0,82.37337555661793
SKU0046,2025-07-08,67,83.0,75.86073443380839
SKU0046,2025-07-15,65,75.0,68.96623898974013
SKU0046,2025-07-22,63,90.0,72.14174319596654
SKU0046,2025-07-29,63,76.0,65.6852597843737
SKU0047,2025-06-24,117,78.0,118.36920339180811
SKU0047,2025-07-01,102,134.0,116.48292139183661
SKU0047,2025-07-08,104,107.0,104.79114829272336
SKU0047,2025-07-15,102,88.0,100.36327839721041
SKU0047,2025-07-22,64,99.0,98.22958861229543
SKU0047,2025-07-29,94,126.0,82.44815034281204
SKU0048,2025-06-24,121,93.0,136.1722018523543
SKU0048,2025-07-01,114,103.0,125.37510301735013
SKU0048,2025-07-08,112,96.0,112.42468547203102
SKU0048,2025-07-15,98,87.0,119.05794154430342
SKU0048,2025-07-22,97,75.0,101.89702571374585
SKU0048,2025-07-29,109,63.0,91.74259981040733
SKU0049,2025-06-24,128,124.0,110.12305848492144
SKU0049,2025-07-01,95,124.0,108.29121786323583
SKU0049,2025-07-08,101,97.0,109.09678378845322
SKU0049,2025-07-15,108,95.0,100.2618674231381
SKU0049,2025-07-22,96,104.0,102.97935226168036
SKU0049,2025-07-29,92,104.0,92.53055449421049
SKU0050,2025-06-24,114,93.0,140.08396006091746
SKU0050,2025-07-01,107,124.0,131.30739990228219
SKU0050,2025-07-08,124,124.0,121.60294668877425
SKU0050,2025-07-15,111,123.0,109.3835266394865
SKU0050,2025-07-22,113,118.0,108.13608619499993
SKU0050,2025-07-29,89,85.0,99.26846580292819
SKU0051,2025-06-24,66,100.62857142857143,87.42615670346986
SKU0051,2025-07-01,80,99.66666666666669,80.78862026657606
SKU0051,2025-07-08,77,99.13513513513512,75.06303708068587
SKU0051,2025-07-15,70,98.55263157894736,69.48467031760421
SKU0051,2025-07-22,54,97.82051282051282,70.17548566919562
SKU0051,2025-07-29,50,96.725,64.1061255687613
SKU0052,2025-06-24,154,154.0,183.8340867765058
SKU0052,2025-07-01,149,128.0,177.8882494039532
SKU0052,2025-07-08,134,140.0,153.8082563841633
SKU0052,2025-07-15,148,122.0,133.60480246998512
SKU0052,2025-07-22,139,113.0,124.00302351778812
SKU0052,2025-07-29,113,111.0,116.31844581390426
SKU0053,2025-06-24,107,80.0,94.32381408090109
SKU0053,2025-07-01,97,86.0,98.37273377762155
SKU0053,2025-07-08,93,75.0,93.39348082686257
SKU0053,2025-07-15,92,78.0,92.32435051192877
SKU0053,2025-07-22,111,67.0,91.12223668740367
SKU0053,2025-07-29,96,86.0,87.55829770324354
SKU0054,2025-06-24,204,172.0,242.96920794306988
SKU0054,2025-07-01,188,162.0,227.32721421362507
SKU0054,2025-07-08,137,142.0,212.57780847202892
SKU0054,2025-07-15,157,120.0,164.70031871585005
SKU0054,2025-07-22,170,104.0,132.42295066716025
SKU0054,2025-07-29,102,141.0,132.0931821690356
SKU0055,2025-06-24,30,46.0,31.544892008914225
SKU0055,2025-07-01,24,35.0,32.64798832972426
SKU0055,2025-07-08,31,35.0,27.21876403334371
SKU0055,2025-07-15,16,36.0,28.560575490202712
SKU0055,2025-07-22,24,29.0,24.789252170081255
SKU0055,2025-07-29,20,25.0,22.577760909070243
SKU0056,2025-06-24,30,20.0,23.405615287821863
SKU0056,2025-07-01,26,25.0,24.415605472369723
SKU0056,2025-07-08,30,14.0,25.4469913505339
SKU0056,2025-07-15,23,15.0,26.49012632202017
SKU0056,2025-07-22,27,23.0,25.022281856155185
SKU0056,2025-07-29,29,21.0,25.09375853550566
SKU0057,2025-06-24,164,92.0,158.09044852759462
SKU0057,2025-07-01,156,126.0,160.89478424678572
SKU0057,2025-07-08,165,116.0,152.25236596443753
SKU0057,2025-07-15,156,122.0,142.71136561997685
SKU0057,2025-07-22,169,121.0,142.63255504647387
SKU0057,2025-07-29,145,128.0,143.081233958913
SKU0058,2025-06-24,280,195.0,252.75414620250038
SKU0058,2025-07-01,263,181.0,251.83456484449195
SKU0058,2025-07-08,236,222.0,259.94098574962374
SKU0058,2025-07-15,175,122.0,254.1777038130756
SKU0058,2025-07-22,179,177.0,224.9870416151295
SKU0058,2025-07-29,157,151.0,207.13330518366575
SKU0059,2025-06-24,169,192.0857142857143,159.9588170766104
SKU0059,2025-07-01,163,191.44444444444449,162.5185389537275
SKU0059,2025-07-08,154,190.67567567567568,151.5494482052566
SKU0059,2025-07-15,163,189.71052631578948,149.58375807510313
SKU0059,2025-07-22,169,189.02564102564105,150.1654012726176
SKU0059,2025-07-29,163,188.525,148.00286077405127
SKU0060,2025-06-24,110,77.0,97.45127334457395
SKU0060,2025-07-01,87,87.0,89.5655205494726
SKU0060,2025-07-08,115,68.0,91.10783415055377
SKU0060,2025-07-15,97,71.0,92.44066188317076
SKU0060,2025-07-22,96,70.0,96.56305337991263
SKU0060,2025-07-29,89,71.0,84.42320126041544
SKU0061,2025-06-24,89,100.3846153846154,78.6775773857664
SKU0061,2025-07-01,74,99.57142857142856,77.82457142892218
SKU0061,2025-07-08,63,97.86666666666666,75.30073777849746
SKU0061,2025-07-15,77,95.6875,69.35629594414694
SKU0061,2025-07-22,56,94.58823529411764,70.90177091890192
SKU0061,2025-07-29,50,92.44444444444444,63.55929954016804
SKU0062,2025-06-24,132,113.0,130.06729109799656
SKU0062,2025-07-01,137,119.0,129.51399241398607
SKU0062,2025-07-08,132,114.0,119.259487307212
SKU0062,2025-07-15,110,131.0,114.99406307053812
SKU0062,2025-07-22,117,141.0,114.31067215325221
SKU0062,2025-07-29,146,128.0,106.40090262664765
SKU0063,2025-06-24,99,113.0,120.39636002439616
SKU0063,2025-07-01,103,117.0,114.9924036661401
SKU0063,2025-07-08,53,118.0,98.50562272616084
SKU0063,2025-07-15,91,86.0,81.73685133332958
SKU0063,2025-07-22,83,108.0,80.27706049957541
SKU0063,2025-07-29,100,65.0,76.58907249751418
SKU0064,2025-06-24,157,175.0,144.2073236601375
SKU0064,2025-07-01,157,148.0,148.10156272054604
SKU0064,2025-07-08,133,126.0,147.8662311934755
SKU0064,2025-07-15,127,169.0,134.71911720783166
SKU0064,2025-07-22,99,153.0,129.72670597285287
SKU0064,2025-07-29,125,91.0,114.39912538112218
SKU0065,2025-06-24,114,189.0,129.25094106115154
SKU0065,2025-07-01,123,177.0,132.3868127500158
SKU0065,2025-07-08,162,117.0,119.08253883943662
SKU0065,2025-07-15,138,138.0,129.39634038084284
SKU0065,2025-07-22,113,162.0,123.10363108752355
SKU0065,2025-07-29,98,124.0,108.87355910757505
SKU0066,2025-06-24,12,10.0,12.23921164477178
SKU0066,2025-07-01,15,9.0,11.190266812535052
SKU0066,2025-07-08,15,13.0,10.905590469256904
SKU0066,2025-07-15,10,10.0,12.727645566231772
SKU0066,2025-07-22,14,11.0,13.070384957426645
SKU0066,2025-07-29,11,11.0,11.78435569784931
SKU0067,2025-06-24,161,129.0,133.61821796807894
SKU0067,2025-07-01,110,117.0,143.71373733668196
SKU0067,2025-07-08,150,125.0,121.85696126168338
SKU0067,2025-07-15,124,93.0,126.13331562842524
SKU0067,2025-07-22,116,96.0,120.24421510579475
SKU0067,2025-07-29,136,122.0,116.9371733075314
SKU0068,2025-06-24,185,120.0,159.02083914990197
SKU0068,2025-07-01,134,117.0,160.61652305699093
SKU0068,2025-07-08,129,130.0,146.41203405017177
SKU0068,2025-07-15,154,116.0,135.73839875992456
SKU0068,2025-07-22,138,98.0,138.13804278660726
SKU0068,2025-07-29,172,120.0,130.63518344499138
SKU0069,2025-06-24,140,131.0,182.57021163197356
SKU0069,2025-07-01,128,168.0,175.3594500221627
SKU0069,2025-07-08,182,168.0,142.64180547267537
SKU0069,2025-07-15,161,169.0,153.0952187709716
SKU0069,2025-07-22,168,186.0,148.37293947993186
SKU0069,2025-07-29,164,149.0,145.80969561456428
SKU0070,2025-06-24,180,163.0,170.409897750543
SKU0070,2025-07-01,153,173.0,168.6784181655596
SKU0070,2025-07-08,138,163.0,160.6806650655813
SKU0070,2025-07-15,172,205.0,141.50933033855134
SKU0070,2025-07-22,151,133.0,135.88838155498001
SKU0070,2025-07-29,164,187.0,136.6890848064216
SKU0071,2025-06-24,56,53.0,60.72873726411078
SKU0071,2025-07-01,54,42.0,55.343531503170155
SKU0071,2025-07-08,45,52.0,54.46383248115388
SKU0071,2025-07-15,63,42.0,51.3629171738093
SKU0071,2025-07-22,58,51.0,52.23588381491667
SKU0071,2025-07-29,59,51.0,48.78003566161251
SKU0072,2025-06-24,103,177.92307692307693,131.39012973038456
SKU0072,2025-07-01,118,172.57142857142858,124.0478032596626
SKU0072,2025-07-08,99,168.93333333333334,121.16157661150991
SKU0072,2025-07-15,117,164.5625,113.18141506961541
SKU0072,2025-07-22,91,161.76470588235293,103.09211265820788
SKU0072,2025-07-29,93,157.83333333333334,101.21166210960124
SKU0073,2025-06-24,238,203.0,258.35427535940136
SKU0073,2025-07-01,225,198.0,238.41317241477228
SKU0073,2025-07-08,267,183.0,243.15646115670464
SKU0073,2025-07-15,199,133.0,253.09935573218465
SKU0073,2025-07-22,206,160.0,239.36370240514756
SKU0073,2025-07-29,205,151.0,228.49922789008758
SKU0074,2025-06-24,122,144.0,107.67289402238579
SKU0074,2025-07-01,119,124.0,110.43145432878266
SKU0074,2025-07-08,150,115.0,109.68437764420693
SKU0074,2025-07-15,154,92.0,114.71495621130032
SKU0074,2025-07-22,104,104.0,118.31800866601908
SKU0074,2025-07-29,79,115.0,103.4878504495736
SKU0075,2025-06-24,139,162.34285714285716,146.58677759852273
SKU0075,2025-07-01,131,161.69444444444446,142.15715657037262
SKU0075,2025-07-08,142,160.86486486486487,127.32499215428697
SKU0075,2025-07-15,90,160.3684210526316,127.9375203541232
SKU0075,2025-07-22,141,158.56410256410257,111.07788063712319
SKU0075,2025-07-29,109,158.125,125.22152863315908
SKU0076,2025-06-24,202,198.0,198.54542683296285
SKU0076,2025-07-01,237,179.0,207.98122096865094
SKU0076,2025-07-08,159,131.0,198.97859746247204
SKU0076,2025-07-15,140,145.0,166.7964295189822
SKU0076,2025-07-22,152,160.0,145.38505278449858
SKU0076,2025-07-29,114,120.0,143.5977296629503
SKU0077,2025-06-24,164,152.0,146.87721214825558
SKU0077,2025-07-01,139,92.0,149.28593137232323
SKU0077,2025-07-08,135,91.0,136.00410279971274
SKU0077,2025-07-15,113,81.0,140.78378625353653
SKU0077,2025-07-22,107,85.0,124.7023637088551
SKU0077,2025-07-29,129,87.0,105.53759929435749
SKU0078,2025-06-24,12,18.846153846153847,13.083593876120526
SKU0078,2025-07-01,12,18.357142857142858,14.783171846035128
SKU0078,2025-07-08,17,17.933333333333334,13.62449476506023
SKU0078,2025-07-15,11,17.875,13.83861122649772
SKU0078,2025-07-22,19,17.470588235294116,14.461571387056704
SKU0078,2025-07-29,11,17.555555555555557,15.971934833719748
SKU0079,2025-06-24,115,64.0,86.81862372222879
SKU0079,2025-07-01,61,111.0,91.91981368536764
SKU0079,2025-07-08,45,74.0,83.30798344266987
SKU0079,2025-07-15,83,70.0,73.91746812651652
SKU0079,2025-07-22,47,64.0,75.79651870519237
SKU0079,2025-07-29,55,59.0,62.45206546676152
SKU0080,2025-06-24,53,52.0,54.46906595767264
SKU0080,2025-07-01,50,49.0,54.48807204401838
SKU0080,2025-07-08,55,54.0,49.70383628766055
SKU0080,2025-07-15,44,46.0,50.08830707223561
SKU0080,2025-07-22,44,40.0,48.23652057916538
SKU0080,2025-07-29,34,49.0,45.637664604337516
SKU0081,2025-06-24,32,26.0,26.23322380112834
SKU0081,2025-07-01,28,23.0,27.061329325527172
SKU0081,2025-07-08,29,20.0,25.542056361825686
SKU0081,2025-07-15,28,24.0,26.777538947787498
SKU0081,2025-07-22,25,15.0,26.268546216416166
SKU0081,2025-07-29,26,19.0,26.462992074584083
SKU0082,2025-06-24,18,17.0,18.574623103699018
SKU0082,2025-07-01,22,16.0,15.872405150013536
SKU0082,2025-07-08,23,17.0,18.390236903649892
SKU0082,2025-07-15,17,13.0,18.719212210805093
SKU0082,2025-07-22,20,17.0,16.584721774637885
SKU0082,2025-07-29,15,13.0,17.719940207977384
SKU0083,2025-06-24,62,55.0,66.93428096026649
SKU0083,2025-07-01,53,83.0,65.46108410834867
SKU0083,2025-07-08,88,46.0,56.62815666293548
SKU0083,2025-07-15,62,61.0,61.63623110417187
SKU0083,2025-07-22,62,52.0,60.66308613425287
SKU0083,2025-07-29,45,46.0,57.65667136684078
SKU0084,2025-06-24,91,95.0,109.49013195908441
SKU0084,2025-07-01,80,121.0,103.83592672354973
SKU0084,2025-07-08,86,103.0,84.5066969324073
SKU0084,2025-07-15,96,103.0,85.31087002468723
SKU0084,2025-07-22,91,85.0,85.31179967971897
SKU0084,2025-07-29,81,86.0,76.43787277645507
SKU0085,2025-06-24,56,40.0,46.412681246624516
SKU0085,2025-07-01,41,61.0,47.502034774663485
SKU0085,2025-07-08,56,50.0,41.86707406877162
SKU0085,2025-07-15,55,36.0,41.899856686473
SKU0085,2025-07-22,51,52.0,44.557855576715994
SKU0085,2025-07-29,45,43.0,42.09305647274366
SKU0088,2025-06-24,68,86.88571428571429,78.61889950935635
SKU0088,2025-07-01,68,86.36111111111111,76.42334783452397
SKU0088,2025-07-08,55,85.86486486486487,69.45675969280212
SKU0088,2025-07-15,73,85.05263157894737,63.04707506482239
SKU0088,2025-07-22,54,84.74358974358974,64.56759096853035
SKU0088,2025-07-29,58,83.975,60.221365270080256
SKU0089,2025-06-24,149,101.0,162.51270343445663
SKU0089,2025-07-01,166,107.0,152.0570511551344
SKU0089,2025-07-08,128,109.0,160.27613948743996
SKU0089,2025-07-15,136,102.0,151.15209350128896
SKU0089,2025-07-22,154,95.0,123.84001432131268
SKU0089,2025-07-29,102,81.0,138.4970457237246
SKU0090,2025-06-24,196,165.0,187.25161318765424
SKU0090,2025-07-01,222,206.0,182.78109288336523
SKU0090,2025-07-08,147,111.0,183.4337118849822
SKU0090,2025-07-15,149,165.0,167.9728880071635
SKU0090,2025-07-22,149,177.0,142.79951728392618
SKU0090,2025-07-29,143,144.0,136.36619251668276
SKU0091,2025-06-24,131,178.22857142857143,149.4736703048948
SKU0091,2025-07-01,138,176.91666666666666,137.84245795135152
SKU0091,2025-07-08,150,175.86486486486487,145.10265051444048
SKU0091,2025-07-15,119,175.18421052631578,133.42223178605357
SKU0091,2025-07-22,105,173.74358974358975,130.5766737324925
SKU0091,2025-07-29,125,172.025,112.64047833558129
SKU0092,2025-06-24,121,119.0,135.1129239126587
SKU0092,2025-07-01,128,94.0,130.30468966683165
SKU0092,2025-07-08,107,116.0,120.01542775964953
SKU0092,2025-07-15,111,104.0,120.69857191631831
SKU0092,2025-07-22,111,104.0,102.81109103828847
SKU0092,2025-07-29,100,86.0,96.90432464613185
SKU0093,2025-06-24,98,68.0,101.92903517544462
SKU0093,2025-07-01,105,66.0,98.48541267441192
SKU0093,2025-07-08,77,70.0,88.50883494806682
SKU0093,2025-07-15,82,52.0,85.3472283878382
SKU0093,2025-07-22,73,64.0,84.01953055609985
SKU0093,2025-07-29,68,65.0,73.2705046537381
SKU0094,2025-06-24,35,46.76923076923077,36.550969688047665
SKU0094,2025-07-01,40,45.92857142857143,38.10390321560104
SKU0094,2025-07-08,35,45.53333333333333,38.136017149776
SKU0094,2025-07-15,25,44.875,34.65622604067285
SKU0094,2025-07-22,28,43.70588235294117,30.0516892911441
SKU0094,2025-07-29,15,42.833333333333336,30.17069263425755
SKU0095,2025-06-24,24,28.485714285714284,23.71157884285003
SKU0095,2025-07-01,23,28.36111111111111,23.680731884255156
SKU0095,2025-07-08,21,28.216216216216218,24.42117145050583
SKU0095,2025-07-15,26,28.026315789473685,22.84350855055592
SKU0095,2025-07-22,22,27.97435897435897,23.662870887383605
SKU0095,2025-07-29,23,27.825,23.356397518702597
SKU0096,2025-06-24,150,97.0,145.15416747004997
SKU0096,2025-07-01,134,106.0,143.68999664144363
SKU0096,2025-07-08,119,113.0,130.01348725529402
SKU0096,2025-07-15,116,108.0,131.034637264398
SKU0096,2025-07-22,125,77.0,125.7398006113582
SKU0096,2025-07-29,108,74.0,127.21255105356559
SKU0097,2025-06-24,136,120.0,137.13628846819455
SKU0097,2025-07-01,110,110.0,128.10188389058413
SKU0097,2025-07-08,118,127.0,111.5854635870429
SKU0097,2025-07-15,91,89.0,109.73925313441318
SKU0097,2025-07-22,111,119.0,104.67124581304712
SKU0097,2025-07-29,121,122.0,103.93905481891908
SKU0098,2025-06-24,126,143.0,116.2487904726198
SKU0098,2025-07-01,138,107.0,126.11735464967495
SKU0098,2025-07-08,127,106.0,120.36892280321526
SKU0098,2025-07-15,175,119.0,114.4392629835514
SKU0098,2025-07-22,134,151.0,122.41476572150778
SKU0098,2025-07-29,117,110.0,114.64732808556079
SKU0099,2025-06-24,136,162.15384615384616,119.96379352393996
SKU0099,2025-07-01,93,160.28571428571428,120.10928362203974
SKU0099,2025-07-08,84,155.8,116.2402317616795
SKU0099,2025-07-15,102,151.3125,99.27658149249194
SKU0099,2025-07-22,89,148.41176470588235,106.66903662817582
SKU0099,2025-07-29,73,145.11111111111111,90.73709601500855
SKU0100,2025-06-24,64,63.0,69.34685538339544
SKU0100,2025-07-01,75,55.0,67.06564443262761
SKU0100,2025-07-08,55,50.0,60.8490021648374
SKU0100,2025-07-15,72,71.0,59.40465878289464
SKU0100,2025-07-22,52,55.0,60.94027389439113
SKU0100,2025-07-29,52,47.0,57.535862141782516
SKU0101,2025-06-24,52,37.0,53.864287587162785
SKU0101,2025-07-01,52,52.0,51.91433635295446
SKU0101,2025-07-08,48,56.0,50.8443504129334
SKU0101,2025-07-15,39,51.0,49.39931691559248
SKU0101,2025-07-22,58,52.0,48.02222476529822
SKU0101,2025-07-29,44,47.0,46.0472863107822
SKU0102,2025-06-24,61,71.0,66.97106982703694
SKU0102,2025-07-01,64,63.0,64.04747159473655
SKU0102,2025-07-08,60,52.0,60.290893620770106
SKU0102,2025-07-15,63,66.0,58.077752653320836
SKU0102,2025-07-22,60,67.0,59.46196027060485
SKU0102,2025-07-29,80,63.0,50.14438776693887
SKU0103,2025-06-24,138,150.0,177.6248134211293
SKU0103,2025-07-01,169,152.0,168.31092174491133
SKU0103,2025-07-08,169,133.0,159.31425981396245
SKU0103,2025-07-15,154,134.0,144.65163506881345
SKU0103,2025-07-22,181,110.0,149.4377623426567
SKU0103,2025-07-29,149,115.0,147.85602657935888
SKU0104,2025-06-24,150,128.0,135.60849309597003
SKU0104,2025-07-01,131,121.0,138.61624697113416
SKU0104,2025-07-08,116,93.0,125.30398855686157
SKU0104,2025-07-15,111,126.0,122.64168717530887
SKU0104,2025-07-22,97,88.0,115.46698516972046
SKU0104,2025-07-29,58,88.0,106.61366140920234
SKU0105,2025-06-24,156,119.0,173.5943443576565
SKU0105,2025-07-01,162,130.0,162.32667267906595
SKU0105,2025-07-08,142,134.0,157.56900516073077
SKU0105,2025-07-15,152,107.0,143.08203692886886
SKU0105,2025-07-22,136,122.0,133.83276285164663
SKU0105,2025-07-29,137,126.0,129.6538852208379
SKU0106,2025-06-24,48,32.0,38.19593970519693
SKU0106,2025-07-01,41,27.0,39.50565698307771
SKU0106,2025-07-08,37,35.0,40.08791833721295
SKU0106,2025-07-15,48,31.0,37.91818619309373
SKU0106,2025-07-22,43,30.0,38.809224843280695
SKU0106,2025-07-29,40,25.0,38.9668215105885
SKU0107,2025-06-24,173,148.0,201.6579534611914
SKU0107,2025-07-01,180,156.0,184.49730724609856
SKU0107,2025-07-08,156,174.0,168.10946697394485
SKU0107,2025-07-15,143,124.0,158.57494334958778
SKU0107,2025-07-22,140,127.0,134.59211105396543
SKU0107,2025-07-29,112,161.0,125.9324685090433
SKU0108,2025-06-24,98,71.0,100.65415349815108
SKU0108,2025-07-01,108,90.0,100.85369145527464
SKU0108,2025-07-08,106,82.0,92.25829180362773
SKU0108,2025-07-15,102,98.0,90.9450414187115
SKU0108,2025-07-22,103,82.0,96.25311198447537
SKU0108,2025-07-29,82,100.0,80.73184051341222
SKU0109,2025-06-24,115,128.0,110.33128920772184
SKU0109,2025-07-01,106,96.0,102.81070038464927
SKU0109,2025-07-08,92,102.0,104.99200517514299
SKU0109,2025-07-15,104,100.0,97.00780748492387
SKU0109,2025-07-22,84,126.0,95.83994394194765
SKU0109,2025-07-29,66,104.0,80.0020123387375
SKU0110,2025-06-24,26,44.0,37.94492703038705
SKU0110,2025-07-01,30,53.0,35.24959804648826
SKU0110,2025-07-08,41,32.0,30.66407939565732
SKU0110,2025-07-15,17,30.0,34.70571973789043
SKU0110,2025-07-22,38,37.0,26.694899553773077
SKU0110,2025-07-29,30,34.0,31.409745012121967
SKU0112,2025-06-24,21,12.0,17.865389371320905
SKU0112,2025-07-01,15,16.0,18.264589229502885
SKU0112,2025-07-08,18,12.0,16.183790466887753
SKU0112,2025-07-15,15,15.0,16.292558878537015
SKU0112,2025-07-22,19,15.0,16.79793248869211
SKU0112,2025-07-29,20,17.0,17.102745143326377
SKU0113,2025-06-24,151,186.0,155.16896239476952
SKU0113,2025-07-01,146,183.5,151.38816849367228
SKU0113,2025-07-08,141,181.0,153.13689077457005
SKU0113,2025-07-15,132,178.5,145.9473459156701
SKU0113,2025-07-22,151,175.76470588235293,128.07186158232903
SKU0113,2025-07-29,134,174.38888888888889,125.09657953863011
SKU0114,2025-06-24,142,157.88571428571427,132.57977033277538
SKU0114,2025-07-01,142,157.44444444444446,134.3037742445283
SKU0114,2025-07-08,152,157.02702702702703,134.1151923951598
SKU0114,2025-07-15,129,156.89473684210526,132.8017782740873
SKU0114,2025-07-22,138,156.17948717948718,125.21124561634144
SKU0114,2025-07-29,182,155.725,117.79639772905063
SKU0115,2025-06-24,75,64.0,75.15424528277352
SKU0115,2025-07-01,74,59.0,69.37745306363588
SKU0115,2025-07-08,76,46.0,68.51441486913663
SKU0115,2025-07-15,70,62.0,68.00934934276248
SKU0115,2025-07-22,70,59.0,70.32851626311657
SKU0115,2025-07-29,63,45.0,70.51549395669905
SKU0116,2025-06-24,173,151.0,139.72921955579199
SKU0116,2025-07-01,151,128.0,145.52480890866892
SKU0116,2025-07-08,185,138.0,141.8060331900066
SKU0116,2025-07-15,117,114.0,145.5884543268383
SKU0116,2025-07-22,200,93.0,143.08180000454894
SKU0116,2025-07-29,125,123.0,141.4164712072375
SKU0117,2025-06-24,228,192.0,243.48004039019764
SKU0117,2025-07-01,269,193.0,224.55210225699398
SKU0117,2025-07-08,236,143.0,244.15520480757135
SKU0117,2025-07-15,153,166.0,233.5428519347909
SKU0117,2025-07-22,176,123.0,220.4049911950832
SKU0117,2025-07-29,211,136.0,166.618782492422
SKU0118,2025-06-24,78,85.0,68.26348276674888
SKU0118,2025-07-01,68,68.0,65.55013011050104
SKU0118,2025-07-08,45,58.0,60.32692223904526
SKU0118,2025-07-15,58,44.0,59.042658594595416
SKU0118,2025-07-22,44,58.0,57.0151220584286
SKU0118,2025-07-29,50,52.0,52.12233948566465
SKU0119,2025-06-24,155,168.46153846153845,119.94385205706766
SKU0119,2025-07-01,99,167.5,123.56306789781107
SKU0119,2025-07-08,104,162.93333333333334,128.95645942225525
SKU0119,2025-07-15,123,159.25,110.22887513694609
SKU0119,2025-07-22,115,157.11764705882354,109.1367977187065
SKU0119,2025-07-29,97,154.77777777777777,101.67696007273614
SKU0120,2025-06-24,33,19.0,29.04802674033454
SKU0120,2025-07-01,30,27.0,33.67385340645497
SKU0120,2025-07-08,27,23.0,29.691822246919028
SKU0120,2025-07-15,29,21.0,27.25979757414021
SKU0120,2025-07-22,29,25.0,29.3752951464991
SKU0120,2025-07-29,22,19.0,27.521223866942368
SKU0121,2025-06-24,186,134.0,210.65293961684722
SKU0121,2025-07-01,182,173.0,208.09417831849825
SKU0121,2025-07-08,182,164.0,160.66634479509486
SKU0121,2025-07-15,135,147.0,156.1685293526357
SKU0121,2025-07-22,143,147.0,143.59092685178496
SKU0121,2025-07-29,151,149.0,129.64138710018742
SKU0122,2025-06-24,98,112.0,108.3186134705523
SKU0122,2025-07-01,87,136.0,106.62358166159588
SKU0122,2025-07-08,93,110.0,87.81372320371734
SKU0122,2025-07-15,101,85.0,82.59583809100957
SKU0122,2025-07-22,86,103.0,90.8534637736069
SKU0122,2025-07-29,54,89.0,81.64614889522083
SKU0123,2025-06-24,75,72.74285714285715,55.503659434863316
SKU0123,2025-07-01,65,72.80555555555556,59.09433109032373
SKU0123,2025-07-08,78,72.5945945945946,56.950945449142765
SKU0123,2025-07-15,75,72.73684210526316,58.8095934832691
SKU0123,2025-07-22,60,72.7948717948718,62.557565023007776
SKU0123,2025-07-29,66,72.475,59.44647294686347
SKU0124,2025-06-24,19,21.0,24.921240525109017
SKU0124,2025-07-01,27,19.0,24.22252649507562
SKU0124,2025-07-08,29,25.0,25.25425995581099
SKU0124,2025-07-15,25,28.0,26.104558335556316
SKU0124,2025-07-22,24,24.0,25.26124204127899
SKU0124,2025-07-29,24,19.0,24.63432154961138
SKU0125,2025-06-24,81,82.0,118.85049986638808
SKU0125,2025-07-01,93,106.0,110.0037388951602
SKU0125,2025-07-08,85,123.0,95.90751926801515
SKU0125,2025-07-15,97,112.0,80.45382557920905
SKU0125,2025-07-22,67,105.0,83.18318071438247
SKU0125,2025-07-29,85,105.0,75.6083422201098
SKU0126,2025-06-24,106,120.0,136.0353836200684
SKU0126,2025-07-01,131,109.0,134.605397145323
SKU0126,2025-07-08,154,133.0,120.72271400894331
SKU0126,2025-07-15,124,134.0,119.19077852385257
SKU0126,2025-07-22,103,88.0,119.20587272096529
SKU0126,2025-07-29,124,112.0,99.76791118687018
SKU0127,2025-06-24,136,108.0,153.95365927925903
SKU0127,2025-07-01,112,141.0,139.0735819704209
SKU0127,2025-07-08,133,132.0,139.9394791791479
SKU0127,2025-07-15,125,102.0,122.31151765235794
SKU0127,2025-07-22,135,119.0,110.96750829469353
SKU0127,2025-07-29,112,88.0,108.78692136900663
SKU0128,2025-06-24,92,50.0,83.03894646756048
SKU0128,2025-07-01,74,48.0,84.90903734764511
SKU0128,2025-07-08,81,47.0,75.55986242599705
SKU0128,2025-07-15,62,51.0,71.67361795305446
SKU0128,2025-07-22,67,33.0,70.2023951934976
SKU0128,2025-07-29,63,50.0,69.66992262924211
SKU0129,2025-06-24,140,81.0,150.20875122191237
SKU0129,2025-07-01,121,109.0,140.97624282036847
SKU0129,2025-07-08,117,98.0,130.79020881327025
SKU0129,2025-07-15,139,90.0,128.05447794135296
SKU0129,2025-07-22,120,85.0,130.20492831038803
SKU0129,2025-07-29,110,104.0,116.80870614289285
SKU0130,2025-06-24,25,43.0,25.244787978298927
SKU0130,2025-07-01,26,34.0,24.315403162434123
SKU0130,2025-07-08,22,22.0,25.31643949010045
SKU0130,2025-07-15,25,21.0,24.6140307362269
SKU0130,2025-07-22,24,18.0,25.742175516874003
SKU0130,2025-07-29,25,20.0,24.377126238511796
SKU0131,2025-06-24,61,85.0,55.33222886885201
SKU0131,2025-07-01,57,75.0,54.97367299463316
SKU0131,2025-07-08,70,59.0,54.70620586404503
SKU0131,2025-07-15,55,56.0,55.69996023703242
SKU0131,2025-07-22,48,60.0,54.65175475049163
SKU0131,2025-07-29,54,65.0,49.481713594125786
SKU0132,2025-06-24,35,40.0,32.166944891932275
SKU0132,2025-07-01,31,39.0,34.100085605796174
SKU0132,2025-07-08,35,37.0,31.447987253491384
SKU0132,2025-07-15,30,34.0,31.20244587149944
SKU0132,2025-07-22,44,27.0,29.645949577585426
SKU0132,2025-07-29,29,32.0,34.149371517768934
SKU0133,2025-06-24,136,121.0,142.78578746074916
SKU0133,2025-07-01,132,111.0,140.3497008294008
SKU0133,2025-07-08,134,130.0,136.95547295328223
SKU0133,2025-07-15,153,131.0,132.50634164357962
SKU0133,2025-07-22,124,119.0,118.67363670809321
SKU0133,2025-07-29,136,98.0,114.2806472301253
SKU0134,2025-06-24,129,130.0,129.58654407494436
SKU0134,2025-07-01,112,128.0,125.5708804508511
SKU0134,2025-07-08,118,127.0,112.10680485351195
SKU0134,2025-07-15,104,103.0,115.2029961977325
SKU0134,2025-07-22,104,60.0,103.50740020876289
SKU0134,2025-07-29,96,75.0,92.66377297527723
SKU0135,2025-06-24,50,104.0,72.02364822465235
SKU0135,2025-07-01,68,93.0,65.34119661545745
SKU0135,2025-07-08,75,72.0,58.778018050091134
SKU0135,2025-07-15,38,84.0,60.90575473387493
SKU0135,2025-07-22,72,66.0,52.1989006034108
SKU0135,2025-07-29,46,47.0,56.04276230580813
SKU0136,2025-06-24,97,81.0,83.29836485440318
SKU0136,2025-07-01,75,79.0,82.80820405954266
SKU0136,2025-07-08,79,49.0,74.63012074195575
SKU0136,2025-07-15,61,72.0,70.1142930017668
SKU0136,2025-07-22,78,82.0,69.4513638315683
SKU0136,2025-07-29,73,83.0,66.78724998828541
SKU0137,2025-06-24,151,165.0,162.64458892124966
SKU0137,2025-07-01,131,127.0,155.92940607889656
SKU0137,2025-07-08,177,169.0,143.45884780618036
SKU0137,2025-07-15,98,122.0,160.91039366116695
SKU0137,2025-07-22,132,142.0,124.5693653417383
SKU0137,2025-07-29,123,175.0,113.81263308113411
SKU0138,2025-06-24,78,158.30769230769232,125.56589928808717
SKU0138,2025-07-01,94,152.57142857142858,121.46830092221842
SKU0138,2025-07-08,92,148.66666666666666,112.5481649956519
SKU0138,2025-07-15,93,145.125,93.18852103860324
SKU0138,2025-07-22,82,142.05882352941177,93.46583853922071
SKU0138,2025-07-29,115,138.72222222222223,88.77841937376353
SKU0139,2025-06-24,20,14.0,19.485910328899703
SKU0139,2025-07-01,17,15.0,19.630738527496455
SKU0139,2025-07-08,15,13.0,16.62567091007027
SKU0139,2025-07-15,16,13.0,16.68873245417584
SKU0139,2025-07-22,14,17.0,16.954358298628698
SKU0139,2025-07-29,13,15.0,13.478051504649823
SKU0140,2025-06-24,157,130.0,157.4032242268192
SKU0140,2025-07-01,132,162.0,156.0635720183251
SKU0140,2025-07-08,146,122.0,141.94440455511392
SKU0140,2025-07-15,109,119.0,131.01730465811255
SKU0140,2025-07-22,85,106.0,123.58323780500133
SKU0140,2025-07-29,104,60.0,112.390934812646
SKU0141,2025-06-24,67,64.0,67.41077098517106
SKU0141,2025-07-01,57,58.0,64.59065984085325
SKU0141,2025-07-08,49,36.0,58.31833012438614
SKU0141,2025-07-15,50,55.0,54.81199023537933
SKU0141,2025-07-22,45,48.0,53.2013409309033
SKU0141,2025-07-29,48,41.0,47.2228433960815
SKU0142,2025-06-24,92,81.0,92.22682587798916
SKU0142,2025-07-01,82,84.0,95.21757875080458
SKU0142,2025-07-08,98,67.0,85.59331398186717
SKU0142,2025-07-15,79,62.0,85.87491755378421
SKU0142,2025-07-22,77,72.0,79.07949270203524
SKU0142,2025-07-29,76,92.0,75.60941134526944
SKU0143,2025-06-24,86,144.42857142857142,115.52127434603032
SKU0143,2025-07-01,130,142.80555555555554,111.49795622273707
SKU0143,2025-07-08,107,142.45945945945945,106.57823552789303
SKU0143,2025-07-15,107,141.52631578947367,98.86074038237449
SKU0143,2025-07-22,93,140.64102564102564,102.40311128626304
SKU0143,2025-07-29,117,139.45,94.01998984203689
SKU0144,2025-06-24,148,114.0,149.6010603146313
SKU0144,2025-07-01,142,120.0,143.55268720330824
SKU0144,2025-07-08,144,121.0,146.03775011186917
SKU0144,2025-07-15,119,128.0,138.24346530124453
SKU0144,2025-07-22,108,124.0,118.57528161483721
SKU0144,2025-07-29,147,104.0,110.75016705495241
SKU0145,2025-06-24,232,194.0,215.01933762568297
SKU0145,2025-07-01,214,179.0,210.9372573058359
SKU0145,2025-07-08,252,190.0,215.89613627453687
SKU0145,2025-07-15,204,217.0,218.77616155090976
SKU0145,2025-07-22,229,189.0,218.29672673272154
SKU0145,2025-07-29,207,216.0,210.28314350986216
SKU0146,2025-06-24,106,128.0,103.68676154925988
SKU0146,2025-07-01,121,196.0,93.83623139759843
SKU0146,2025-07-08,89,139.0,98.75774752765238
SKU0146,2025-07-15,104,148.0,94.96637799774076
SKU0146,2025-07-22,100,133.0,93.9211986152306
SKU0146,2025-07-29,68,120.0,89.11020680520873
SKU0147,2025-06-24,170,102.0,174.22209781553755
SKU0147,2025-07-01,189,126.0,172.2471003935568
SKU0147,2025-07-08,155,149.0,160.6820223360598
SKU0147,2025-07-15,161,135.0,158.66899639868348
SKU0147,2025-07-22,130,118.0,141.84467477359664
SKU0147,2025-07-29,127,115.0,142.82603766796834
SKU0148,2025-06-24,122,133.28571428571428,110.53126486099023
SKU0148,2025-07-01,122,132.97222222222223,110.75211137706238
SKU0148,2025-07-08,79,132.67567567567568,111.681380188303
SKU0148,2025-07-15,87,131.26315789473685,104.16521119323357
SKU0148,2025-07-22,83,130.12820512820514,101.33203645550965
SKU0148,2025-07-29,95,128.95,92.91647513952014
SKU0149,2025-06-24,41,47.0,49.51009246919707
SKU0149,2025-07-01,42,31.0,45.793088174107616
SKU0149,2025-07-08,37,40.0,41.906972950878135
SKU0149,2025-07-15,36,30.0,39.241840292404135
SKU0149,2025-07-22,33,35.0,37.18683813349166
SKU0149,2025-07-29,36,30.0,32.95153066280243
SKU0150,2025-06-24,78,79.28571428571429,67.38215376944385
SKU0150,2025-07-01,78,79.25,68.20264390156589
SKU0150,2025-07-08,59,79.21621621621621,64.20394223739432
SKU0150,2025-07-15,51,78.6842105263158,61.39794302860728
SKU0150,2025-07-22,52,77.97435897435898,59.92171375777183
SKU0150,2025-07-29,58,77.325,56.32397572982448
SKU0151,2025-06-24,178,137.0,147.64530130211654
SKU0151,2025-07-01,202,173.0,157.3088936296162
SKU0151,2025-07-08,173,158.0,163.76640566255583
SKU0151,2025-07-15,182,142.0,160.85376742824786
SKU0151,2025-07-22,158,192.0,155.22165676119516
SKU0151,2025-07-29,167,135.0,152.43850061812032
SKU0152,2025-06-24,94,106.0,91.20194289564458
SKU0152,2025-07-01,95,103.0,91.14882042025376
SKU0152,2025-07-08,58,93.0,91.52135300670363
SKU0152,2025-07-15,89,103.0,73.65536325849645
SKU0152,2025-07-22,80,96.0,80.56986821252573
SKU0152,2025-07-29,62,76.0,69.61919385487656
SKU0153,2025-06-24,60,56.0,68.67172373635324
SKU0153,2025-07-01,57,56.0,66.56184592452959
SKU0153,2025-07-08,56,44.0,57.81620094657719
SKU0153,2025-07-15,50,46.0,51.54039981065564
SKU0153,2025-07-22,46,43.0,51.59079252150324
SKU0153,2025-07-29,35,54.0,48.819309112545014
SKU0154,2025-06-24,91,51.0,79.0724804642486
SKU0154,2025-07-01,66,78.0,77.27791471914757
SKU0154,2025-07-08,74,54.0,72.12441496379739
SKU0154,2025-07-15,75,51.0,68.87037899393455
SKU0154,2025-07-22,61,48.0,69.0219844622506
SKU0154,2025-07-29,45,44.0,57.27970430076264
SKU0155,2025-06-24,94,116.0,76.1981461374306
SKU0155,2025-07-01,81,63.0,78.52005518069785
SKU0155,2025-07-08,92,89.0,71.51302664809141
SKU0155,2025-07-15,58,83.0,75.07856423501266
SKU0155,2025-07-22,93,74.0,67.16390243197546
SKU0155,2025-07-29,75,68.0,66.82849939164879
SKU0156,2025-06-24,30,23.0,29.663239634776286
SKU0156,2025-07-01,29,26.0,31.28811825631527
SKU0156,2025-07-08,32,25.0,28.316288910288076
SKU0156,2025-07-15,26,28.0,30.011541181994854
SKU0156,2025-07-22,33,28.0,28.505659513541488
SKU0156,2025-07-29,35,39.0,27.38856482890812
SKU0157,2025-06-24,61,45.0,52.562026889273426
SKU0157,2025-07-01,47,45.0,54.112201866959694
SKU0157,2025-07-08,49,51.0,49.09092790580066
SKU0157,2025-07-15,42,51.0,48.521218173707936
SKU0157,2025-07-22,53,47.0,49.095569955283935
SKU0157,2025-07-29,32,34.0,44.92244584377702
SKU0158,2025-06-24,52,38.0,68.44817927401081
SKU0158,2025-07-01,59,40.0,62.7649109248773
SKU0158,2025-07-08,66,41.0,58.79837568276623
SKU0158,2025-07-15,51,36.0,56.88777452223883
SKU0158,2025-07-22,51,50.0,51.77385455775387
SKU0158,2025-07-29,36,31.0,51.57366928697843
SKU0159,2025-06-24,18,14.0,17.2363402062909
SKU0159,2025-07-01,17,21.0,15.694476867999526
SKU0159,2025-07-08,18,15.0,15.629907299623317
SKU0159,2025-07-15,19,14.0,15.82592572525371
SKU0159,2025-07-22,19,19.0,17.221425356540678
SKU0159,2025-07-29,10,13.0,17.35265101519668
SKU0160,2025-06-24,57,58.38461538461539,45.22644379375775
SKU0160,2025-07-01,40,58.285714285714285,47.340497967230164
SKU0160,2025-07-08,51,57.06666666666667,42.36090415587945
SKU0160,2025-07-15,43,56.6875,42.06801482654746
SKU0160,2025-07-22,41,55.88235294117647,43.394570906846305
SKU0160,2025-07-29,44,55.05555555555556,41.51520534073019
SKU0161,2025-06-24,13,16.0,13.065561358924578
SKU0161,2025-07-01,16,16.0,14.670784318136953
SKU0161,2025-07-08,18,15.0,13.541638479732315
SKU0161,2025-07-15,16,14.0,14.39338069199378
SKU0161,2025-07-22,16,16.0,15.031835950315406
SKU0161,2025-07-29,8,15.0,15.18114023011061
SKU0162,2025-06-24,124,118.0,117.22769670373047
SKU0162,2025-07-01,141,130.0,118.24321391895899
SKU0162,2025-07-08,114,151.0,116.27632856141605
SKU0162,2025-07-15,86,128.0,103.37262241890008
SKU0162,2025-07-22,109,181.0,102.98429244340794
SKU0162,2025-07-29,147,100.0,95.32044690980007
SKU0163,2025-06-24,26,33.0,31.90127742196378
SKU0163,2025-07-01,33,26.0,32.05688469376207
SKU0163,2025-07-08,28,28.0,30.572255696798837
SKU0163,2025-07-15,25,21.0,28.35615112848501
SKU0163,2025-07-22,34,24.0,27.74419394451544
SKU0163,2025-07-29,25,27.0,29.228128839431957
SKU0164,2025-06-24,228,205.0,259.73956424841526
SKU0164,2025-07-01,233,182.0,235.81885253703152
SKU0164,2025-07-08,227,212.0,245.05699451621183
SKU0164,2025-07-15,224,157.0,242.22162216509932
SKU0164,2025-07-22,211,157.0,239.51425739486947
SKU0164,2025-07-29,186,147.0,235.4763622881385
SKU0165,2025-06-24,133,173.11428571428573,138.6658448672519
SKU0165,2025-07-01,124,172.0,125.99862896731946
SKU0165,2025-07-08,168,170.7027027027027,132.60743529299876
SKU0165,2025-07-15,120,170.6315789473684,138.2657680827578
SKU0165,2025-07-22,149,169.33333333333334,131.32227676898563
SKU0165,2025-07-29,122,168.825,124.52023806448652
SKU0166,2025-06-24,139,193.0,204.38987525406327
SKU0166,2025-07-01,185,158.0,184.55753904951035
SKU0166,2025-07-08,123,159.0,144.70008038221863
SKU0166,2025-07-15,163,128.0,145.83076367699138
SKU0166,2025-07-22,143,135.0,136.18770952337718
SKU0166,2025-07-29,135,96.0,133.04125829828254
SKU0167,2025-06-24,216,162.0,198.60651301709666
SKU0167,2025-07-01,229,187.0,191.5568887154328
SKU0167,2025-07-08,249,182.0,187.8679269971147
SKU0167,2025-07-15,236,195.0,180.70276032851467
SKU0167,2025-07-22,207,154.0,207.22904097429713
SKU0167,2025-07-29,236,164.0,202.15912066374204
SKU0168,2025-06-24,118,107.0,114.8098967582661
SKU0168,2025-07-01,110,143.0,107.81592954140243
SKU0168,2025-07-08,94,89.0,106.04578072301247
SKU0168,2025-07-15,58,150.0,94.02292937352622
SKU0168,2025-07-22,75,81.0,83.74839794364512
SKU0168,2025-07-29,74,75.0,80.24019294787036
SKU0169,2025-06-24,93,107.0,88.48713884815315
SKU0169,2025-07-01,77,95.0,84.95108775822628
SKU0169,2025-07-08,86,80.0,77.1889770119361
SKU0169,2025-07-15,73,84.0,74.30723338199613
SKU0169,2025-07-22,90,87.0,74.47148536601865
SKU0169,2025-07-29,63,61.0,64.61601465737576
SKU0170,2025-06-24,65,57.0,53.29321141923327
SKU0170,2025-07-01,57,60.0,54.63541100755359
SKU0170,2025-07-08,47,43.0,52.33435254679214
SKU0170,2025-07-15,50,48.0,49.95089161943071
SKU0170,2025-07-22,48,51.0,49.776902147029695
SKU0170,2025-07-29,38,33.0,42.74280259333449
SKU0171,2025-06-24,28,22.0,23.804774538939423
SKU0171,2025-07-01,21,22.0,24.236038333830887
SKU0171,2025-07-08,27,25.0,23.932500634707274
SKU0171,2025-07-15,31,19.0,25.08206711623791
SKU0171,2025-07-22,28,28.0,26.853841033294078
SKU0171,2025-07-29,25,18.0,24.538748266165346
SKU0172,2025-06-24,99,105.0,97.85103170356709
SKU0172,2025-07-01,94,104.0,95.9537150019815
SKU0172,2025-07-08,124,113.0,92.1403018191389
SKU0172,2025-07-15,93,85.0,91.35511819956614
SKU0172,2025-07-22,74,75.0,94.87216010870459
SKU0172,2025-07-29,59,88.0,82.6830135393171
SKU0173,2025-06-24,107,126.0,99.6786860396789
SKU0173,2025-07-01,117,87.0,107.33519529478366
SKU0173,2025-07-08,113,102.0,107.24130260038419
SKU0173,2025-07-15,121,86.0,102.86107031139532
SKU0173,2025-07-22,104,80.0,103.46632847205329
SKU0173,2025-07-29,98,83.0,96.6137009121671
SKU0174,2025-06-24,39,32.0,40.64258247149821
SKU0174,2025-07-01,37,26.0,41.376275506790996
SKU0174,2025-07-08,35,35.0,37.839929564899435
SKU0174,2025-07-15,42,35.0,35.63407769926431
SKU0174,2025-07-22,37,32.0,37.21400606837638
SKU0174,2025-07-29,40,29.0,33.1444996584322
SKU0175,2025-06-24,127,126.0,149.73290472076633
SKU0175,2025-07-01,138,127.0,150.14704684795544
SKU0175,2025-07-08,139,99.0,133.44545108525278
SKU0175,2025-07-15,140,116.0,139.85371926990754
SKU0175,2025-07-22,161,103.0,130.21963922205904
SKU0175,2025-07-29,133,116.0,121.79135502519597
SKU0176,2025-06-24,82,75.0,88.45300121709593
SKU0176,2025-07-01,71,73.0,82.28347532869415
SKU0176,2025-07-08,83,68.0,75.12182972192458
SKU0176,2025-07-15,57,65.0,71.97176881388205
SKU0176,2025-07-22,71,74.0,69.83606200181495
SKU0176,2025-07-29,73,84.0,59.99143281892897
SKU0177,2025-06-24,47,74.0,54.86106900595023
SKU0177,2025-07-01,46,72.07142857142857,53.874293417822315
SKU0177,2025-07-08,50,70.33333333333333,47.806138645325404
SKU0177,2025-07-15,45,69.0625,47.86335822031855
SKU0177,2025-07-22,36,67.6470588235294,46.57379766156457
SKU0177,2025-07-29,38,65.88888888888889,39.8568913071979
SKU0178,2025-06-24,107,93.0,119.23263640604968
SKU0178,2025-07-01,100,81.0,113.16522052139068
SKU0178,2025-07-08,105,71.0,98.20737378673564
SKU0178,2025-07-15,96,66.0,96.83926619197268
SKU0178,2025-07-22,89,63.0,93.29584337321964
SKU0178,2025-07-29,71,65.0,83.15842343335841
SKU0179,2025-06-24,39,46.0,34.424399447263866
SKU0179,2025-07-01,30,42.0,38.73031441508444
SKU0179,2025-07-08,17,41.0,31.4533050718101
SKU0179,2025-07-15,23,44.0,25.766882118457563
SKU0179,2025-07-22,25,27.0,27.180500607300864
SKU0179,2025-07-29,24,27.0,26.420178458796812
SKU0180,2025-06-24,53,57.0,50.45506976566501
SKU0180,2025-07-01,48,61.0,51.376899685383904
SKU0180,2025-07-08,49,55.0,45.81505795376969
SKU0180,2025-07-15,35,59.0,46.16203469815428
SKU0180,2025-07-22,41,47.0,43.88324768488558
SKU0180,2025-07-29,54,55.0,40.78049514006364
SKU0181,2025-06-24,205,180.0,237.8265125701832
SKU0181,2025-07-01,223,189.0,244.80103029149143
SKU0181,2025-07-08,278,118.0,239.2390578697546
SKU0181,2025-07-15,166,184.0,251.65858528336932
SKU0181,2025-07-22,228,128.0,213.98469515357948
SKU0181,2025-07-29,202,151.0,211.6839248877075
SKU0182,2025-06-24,108,101.0,140.0052531130422
SKU0182,2025-07-01,121,121.0,137.42897268249325
SKU0182,2025-07-08,144,114.0,114.85517640313115
SKU0182,2025-07-15,112,117.0,120.69262858549075
SKU0182,2025-07-22,116,97.0,119.09840314570613
SKU0182,2025-07-29,138,97.0,100.92619267619088
SKU0183,2025-06-24,217,136.0,242.55966600098236
SKU0183,2025-07-01,231,151.0,222.01765184816412
SKU0183,2025-07-08,206,144.0,236.34582459698814
SKU0183,2025-07-15,208,132.0,234.2096634886622
SKU0183,2025-07-22,184,125.0,226.25702549931583
SKU0183,2025-07-29,167,148.0,181.1499474249149
SKU0184,2025-06-24,83,87.0,88.41363879354248
SKU0184,2025-07-01,66,65.0,81.62370052422483
SKU0184,2025-07-08,69,80.0,70.86924276162416
SKU0184,2025-07-15,96,47.0,70.7551369109698
SKU0184,2025-07-22,80,68.0,72.80032994386983
SKU0184,2025-07-29,70,64.0,71.78199771236115
SKU0185,2025-06-24,105,175.0,130.13117974182316
SKU0185,2025-07-01,111,150.0,124.75755941924194
SKU0185,2025-07-08,157,171.0,111.59464256969633
SKU0185,2025-07-15,166,155.0,126.36814059734029
SKU0185,2025-07-22,150,159.0,124.04543884125694
SKU0185,2025-07-29,114,136.0,117.11121094190635
SKU0186,2025-06-24,40,23.0,34.26631371264487
SKU0186,2025-07-01,30,26.0,34.19741962796849
SKU0186,2025-07-08,33,21.0,31.003430364827086
SKU0186,2025-07-15,34,25.0,31.427661255417078
SKU0186,2025-07-22,30,19.0,31.256687400955663
SKU0186,2025-07-29,31,19.0,29.41979646625156
SKU0187,2025-06-24,64,44.0,50.42123491719947
SKU0187,2025-07-01,66,41.0,50.59738935046296
SKU0187,2025-07-08,49,45.0,51.54767290983624
SKU0187,2025-07-15,60,56.0,48.83456575934101
SKU0187,2025-07-22,50,46.0,52.270592091630064
SKU0187,2025-07-29,54,51.0,49.120239001623055
SKU0188,2025-06-24,177,143.0,168.4228373492905
SKU0188,2025-07-01,175,150.0,168.96621959022852
SKU0188,2025-07-08,166,166.0,152.45622688908622
SKU0188,2025-07-15,157,131.0,152.95613188600223
SKU0188,2025-07-22,164,167.0,140.83046792200528
SKU0188,2025-07-29,142,131.0,147.73416834556966
SKU0189,2025-06-24,203,213.65714285714284,191.61260602788136
SKU0189,2025-07-01,187,213.36111111111111,183.7067249828828
SKU0189,2025-07-08,143,212.64864864864865,187.43475607759186
SKU0189,2025-07-15,166,210.81578947368425,161.12588406261457
SKU0189,2025-07-22,191,209.66666666666663,137.15251192310285
SKU0189,2025-07-29,167,209.2,149.58110501723021
SKU0190,2025-06-24,168,176.0,152.41171658739398
SKU0190,2025-07-01,181,122.0,155.29645020893028
SKU0190,2025-07-08,180,119.0,157.57679194307917
SKU0190,2025-07-15,140,153.0,163.71909860900055
SKU0190,2025-07-22,137,129.0,151.67534531458602
SKU0190,2025-07-29,161,118.0,136.16755088995518
SKU0191,2025-06-24,75,103.0,99.58693114448262
SKU0191,2025-07-01,89,135.0,84.14713084202987
SKU0191,2025-07-08,78,82.0,82.4660855477529
SKU0191,2025-07-15,87,87.0,76.23946895728615
SKU0191,2025-07-22,73,78.0,73.40437411983618
SKU0191,2025-07-29,68,70.0,73.212002454653
SKU0192,2025-06-24,16,21.0,16.192102844381914
SKU0192,2025-07-01,14,21.0,15.61477920635884
SKU0192,2025-07-08,13,20.0,16.028462097801672
SKU0192,2025-07-15,14,18.0,15.200676954879658
SKU0192,2025-07-22,12,18.0,14.254512537415252
SKU0192,2025-07-29,19,11.0,14.246385939611685
SKU0193,2025-06-24,92,88.0,89.28241706707685
SKU0193,2025-07-01,66,85.0,84.16826616120845
SKU0193,2025-07-08,91,83.0,76.39483423930284
SKU0193,2025-07-15,76,80.0,74.09428013638025
SKU0193,2025-07-22,83,72.0,70.9244984327324
SKU0193,2025-07-29,75,76.0,69.28877750086492
SKU0194,2025-06-24,97,91.0,98.88066114302845
SKU0194,2025-07-01,84,81.0,103.42491022701991
SKU0194,2025-07-08,105,111.0,86.3544320663362
SKU0194,2025-07-15,109,79.0,90.26346426988421
SKU0194,2025-07-22,95,88.0,90.60806483717072
SKU0194,2025-07-29,90,110.0,90.55099905341412
SKU0195,2025-06-24,26,19.0,23.863615461573488
SKU0195,2025-07-01,22,17.0,23.206663224340424
SKU0195,2025-07-08,25,15.0,23.589694309834236
SKU0195,2025-07-15,19,13.0,24.083908397215332
SKU0195,2025-07-22,24,15.0,22.57200140305538
SKU0195,2025-07-29,22,15.0,21.812600118243562
SKU0196,2025-06-24,212,193.0,256.7523289410972
SKU0196,2025-07-01,229,184.0,239.1174295654857
SKU0196,2025-07-08,227,182.0,246.7501178038374
SKU0196,2025-07-15,178,169.0,243.84855707457953
SKU0196,2025-07-22,178,171.0,219.2435380584772
SKU0196,2025-07-29,193,143.0,198.67502178014084
SKU0197,2025-06-24,147,158.0,139.1240715106399
SKU0197,2025-07-01,130,137.0,135.8526311716333
SKU0197,2025-07-08,121,108.0,120.84739246041167
SKU0197,2025-07-15,133,129.0,116.31805580262974
SKU0197,2025-07-22,122,97.0,112.01358118941809
SKU0197,2025-07-29,116,133.0,109.84368724522997
SKU0198,2025-06-24,211,230.3846153846154,184.51131605924255
SKU0198,2025-07-01,153,229.0,169.15891109821743
SKU0198,2025-07-08,158,223.9333333333333,169.40530038044702
SKU0198,2025-07-15,138,219.8125,152.41969703501206
SKU0198,2025-07-22,124,215.0,150.3466129449552
SKU0198,2025-07-29,94,209.94444444444449,123.77968422574858
SKU0199,2025-06-24,107,106.0,98.83873200498064
SKU0199,2025-07-01,95,90.0,104.20456326113738
SKU0199,2025-07-08,89,101.0,101.19196472638924
SKU0199,2025-07-15,112,103.0,82.4636992850734
SKU0199,2025-07-22,77,88.0,93.94639138643072
SKU0199,2025-07-29,66,69.0,84.89483680196297
SKU0200,2025-06-24,32,47.94285714285714,39.29505909082981
SKU0200,2025-07-01,41,47.5,36.590671884771304
SKU0200,2025-07-08,33,47.32432432432432,38.84151680979536
SKU0200,2025-07-15,28,46.94736842105263,34.555616057110065
SKU0200,2025-07-22,28,46.46153846153846,30.834168829272006
SKU0200,2025-07-29,23,46.0,30.655778918870517
SKU0001,2025-07-29,66,99.0,74.68282909227705
SKU0001,2025-08-05,63,65.0,67.2625436208029
SKU0001,2025-08-12,69,73.0,65.5073413367314
SKU0001,2025-08-19,54,61.0,64.09075906447224
SKU0001,2025-08-26,52,83.0,58.497300976980725
SKU0001,2025-09-02,58,49.0,55.90293882855316
SKU0002,2025-07-29,85,82.0,85.58791144837208
SKU0002,2025-08-05,77,78.0,79.68072803105296
SKU0002,2025-08-12,111,73.0,79.51076503346782
SKU0002,2025-08-19,73,58.0,79.24998044861998
SKU0002,2025-08-26,84,43.0,74.34750171825097
SKU0002,2025-09-02,54,56.0,74.56478692171154
SKU0003,2025-07-29,30,26.0,25.56088864079054
SKU0003,2025-08-05,32,22.0,28.088067036169313
SKU0003,2025-08-12,25,24.0,30.139989150213786
SKU0003,2025-08-19,19,27.0,24.93071501450885
SKU0003,2025-08-26,18,24.0,23.568788583734385
SKU0003,2025-09-02,15,23.0,20.270062689799957
SKU0004,2025-07-29,165,201.0,174.3798001243955
SKU0004,2025-08-05,185,172.0,160.04785951592103
SKU0004,2025-08-12,178,158.0,174.62925498765094
SKU0004,2025-08-19,177,145.0,170.8436151131705
SKU0004,2025-08-26,187,119.0,170.78798827623555
SKU0004,2025-09-02,202,158.0,178.44640475301782
SKU0005,2025-07-29,169,118.0,141.9815954746048
SKU0005,2025-08-05,152,108.0,153.95631415478348
SKU0005,2025-08-12,134,104.0,146.9397859814008
SKU0005,2025-08-19,117,99.0,137.1775349229473
SKU0005,2025-08-26,141,90.0,127.19610484110352
SKU0005,2025-09-02,113,93.0,129.19070485967433
SKU0006,2025-07-29,134,101.0,125.26968280078746
SKU0006,2025-08-05,106,105.0,122.82308636544812
SKU0006,2025-08-12,78,134.0,118.42834351531775
SKU0006,2025-08-19,119,108.0,100.8226889257516
SKU0006,2025-08-26,126,123.0,105.45646988771834
SKU0006,2025-09-02,147,99.0,103.5766900986574
SKU0007,2025-07-29,52,62.0,63.61621134439479
SKU0007,2025-08-05,41,63.0,54.69498024877984
SKU0007,2025-08-12,74,51.0,54.060183051161985
SKU0007,2025-08-19,50,48.0,55.86528303611395
SKU0007,2025-08-26,42,47.0,52.21499123649351
SKU0007,2025-09-02,57,39.0,48.15544768542169
SKU0008,2025-07-29,100,154.27777777777777,98.7083544842293
SKU0008,2025-08-05,109,151.42105263157896,108.25246123226826
SKU0008,2025-08-12,144,149.3,109.35256130566006
SKU0008,2025-08-19,76,149.04761904761904,111.41510137263919
SKU0008,2025-08-26,139,145.72727272727272,99.73471781774413
SKU0008,2025-09-02,94,145.43478260869566,102.61224629113538
SKU0009,2025-07-29,47,42.0,60.88945279434309
SKU0009,2025-08-05,57,75.0,52.963441725500076
SKU0009,2025-08-12,70,62.0,55.594768498223765
SKU0009,2025-08-19,66,45.0,56.405203352399916
SKU0009,2025-08-26,57,49.0,56.12739881158349
SKU0009,2025-09-02,41,65.0,55.8770244049802
SKU0010,2025-07-29,48,39.0,41.466114660979656
SKU0010,2025-08-05,46,35.0,41.61094676894735
SKU0010,2025-08-12,48,32.0,45.49608620779411
SKU0010,2025-08-19,58,44.0,42.12519482459936
SKU0010,2025-08-26,42,41.0,43.184573933832375
SKU0010,2025-09-02,42,38.0,43.45232057640486
SKU0011,2025-07-29,43,40.0,48.41481539763714
SKU0011,2025-08-05,61,49.0,46.86535977227676
SKU0011,2025-08-12,37,58.0,50.24319600492039
SKU0011,2025-08-19,51,66.0,43.526351965230205
SKU0011,2025-08-26,60,40.0,42.24007325108972
SKU0011,2025-09-02,51,47.0,46.62394383468522
SKU0012,2025-07-29,72,69.0,66.66257509929144
SKU0012,2025-08-05,78,86.0,61.390519091242176
SKU0012,2025-08-12,80,80.0,65.95014294876857
SKU0012,2025-08-19,77,90.0,63.17421043862924
SKU0012,2025-08-26,55,71.0,62.846747043850065
SKU0012,2025-09-02,91,72.0,59.47425954523893
SKU0013,2025-07-29,52,42.0,41.765346509610346
SKU0013,2025-08-05,43,34.0,39.03624790563635
SKU0013,2025-08-12,44,45.0,43.99203428915764
SKU0013,2025-08-19,46,41.0,40.186397559124
SKU0013,2025-08-26,24,36.0,40.5095133516148
SKU0013,2025-09-02,43,25.0,30.934081932658952
SKU0014,2025-07-29,81,77.0,58.360944331405186
SKU0014,2025-08-05,55,65.0,60.89683337775863
SKU0014,2025-08-12,91,75.0,58.80620859285597
SKU0014,2025-08-19,79,84.0,61.86861588395988
SKU0014,2025-08-26,56,57.0,62.039424389195325
SKU0014,2025-09-02,56,82.0,57.063922554002
SKU0015,2025-07-29,128,104.0,134.65463651385977
SKU0015,2025-08-05,119,109.0,124.1989434450188
SKU0015,2025-08-12,145,94.0,143.8174670050473
SKU0015,2025-08-19,105,118.0,123.02322072735741
SKU0015,2025-08-26,166,114.0,117.78475182719563
SKU0015,2025-09-02,121,77.0,125.06607792034698
SKU0017,2025-07-29,158,167.0,175.54573829970698
SKU0017,2025-08-05,166,169.0,153.18112963777156
SKU0017,2025-08-12,126,160.0,168.00006729057844
SKU0017,2025-08-19,169,141.0,134.60569385359784
SKU0017,2025-08-26,242,138.0,143.3095870374461
SKU0017,2025-09-02,171,168.0,164.142707913319
SKU0018,2025-07-29,130,106.0,122.24752964644645
SKU0018,2025-08-05,136,126.0,126.52934573431172
SKU0018,2025-08-12,146,106.0,143.6602224204725
SKU0018,2025-08-19,134,113.0,130.51516592141084
SKU0018,2025-08-26,131,115.0,127.17039032687325
SKU0018,2025-09-02,165,108.0,127.99521069892637
SKU0019,2025-07-29,91,106.0,96.53216121412484
SKU0019,2025-08-05,72,81.0,96.62859005404903
SKU0019,2025-08-12,97,91.0,93.58773102334982
SKU0019,2025-08-19,72,79.0,87.83952967077603
SKU0019,2025-08-26,109,79.0,81.07407990209296
SKU0019,2025-09-02,70,90.0,85.12686974649563
SKU0020,2025-07-29,161,128.0,181.27474790531102
SKU0020,2025-08-05,175,141.0,164.33801169789336
SKU0020,2025-08-12,155,135.0,167.58879719323912
SKU0020,2025-08-19,153,105.0,163.84405431233378
SKU0020,2025-08-26,97,102.0,144.05908381004411
SKU0020,2025-09-02,142,96.0,124.18453057607702
SKU0021,2025-07-29,49,78.0,79.76750232414898
SKU0021,2025-08-05,66,88.0,71.63991122271757
SKU0021,2025-08-12,63,74.0,71.81049554361573
SKU0021,2025-08-19,43,48.0,65.67103193352636
SKU0021,2025-08-26,54,65.0,55.02888438998689
SKU0021,2025-09-02,53,50.0,52.18695845446646
SKU0022,2025-07-29,47,53.0,46.60660331796261
SKU0022,2025-08-05,45,48.0,43.800477940659576
SKU0022,2025-08-12,31,41.0,45.68394604152692
SKU0022,2025-08-19,39,30.0,38.13807918313745
SKU0022,2025-08-26,38,42.0,39.38872626962775
SKU0022,2025-09-02,33,45.0,35.74364325035377
SKU0023,2025-07-29,148,187.55,163.77232097672334
SKU0023,2025-08-05,148,186.58536585365852,150.8911375454598
SKU0023,2025-08-12,178,185.66666666666663,142.33835195670179
SKU0023,2025-08-19,153,185.4883720930233,138.18871934318082
SKU0023,2025-08-26,143,184.75,142.911046663612
SKU0023,2025-09-02,138,183.82222222222225,136.1137859926647
SKU0024,2025-07-29,108,97.0,99.69397231168789
SKU0024,2025-08-05,90,63.0,100.82124962890423
SKU0024,2025-08-12,104,61.0,104.88066647926298
SKU0024,2025-08-19,101,72.0,95.8403563000192
SKU0024,2025-08-26,102,73.0,95.65478806176463
SKU0024,2025-09-02,104,64.0,91.93323887961833
SKU0025,2025-07-29,21,31.0,25.206969628689308
SKU0025,2025-08-05,29,26.0,24.370457415539263
SKU0025,2025-08-12,34,30.0,27.875007101704252
SKU0025,2025-08-19,22,27.0,26.709850443908085
SKU0025,2025-08-26,26,32.0,23.2958167755533
SKU0025,2025-09-02,28,26.0,25.84842516425827
SKU0026,2025-07-29,102,76.0,132.35755518218545
SKU0026,2025-08-05,132,98.0,111.04393893899773
SKU0026,2025-08-12,97,85.0,125.57811089067124
SKU0026,2025-08-19,94,70.0,105.47843405631586
SKU0026,2025-08-26,100,72.0,101.03215711030886
SKU0026,2025-09-02,100,81.0,102.2930675490555
SKU0027,2025-07-29,123,163.75,104.0720561901281
SKU0027,2025-08-05,85,162.7560975609756,109.5885353872651
SKU0027,2025-08-12,116,160.9047619047619,109.12150410933666
SKU0027,2025-08-19,113,159.86046511627907,102.04668540161452
SKU0027,2025-08-26,90,158.79545454545453,98.62716889190787
SKU0027,2025-09-02,113,157.26666666666668,94.85345774836387
SKU0028,2025-07-29,92,81.0,88.41187310185975
SKU0028,2025-08-05,83,88.0,86.31534525142737
SKU0028,2025-08-12,108,72.0,86.5525838598691
SKU0028,2025-08-19,82,79.0,89.4644376033444
SKU0028,2025-08-26,87,90.0,79.97270251830106
SKU0028,2025-09-02,85,61.0,80.29913682213291
SKU0029,2025-07-29,114,100.0,124.70762401178597
SKU0029,2025-08-05,97,118.0,118.58093871919228
SKU0029,2025-08-12,113,76.0,118.24551766026774
SKU0029,2025-08-19,107,85.0,105.81795730725415
SKU0029,2025-08-26,83,78.0,103.54823404625554
SKU0029,2025-09-02,90,98.0,95.87050431713084
SKU0030,2025-07-29,44,34.0,39.07345074153713
SKU0030,2025-08-05,47,36.0,40.477011279818676
SKU0030,2025-08-12,44,40.0,41.3972478424588
SKU0030,2025-08-19,28,33.0,38.62213084711366
SKU0030,2025-08-26,26,31.0,33.585623829071714
SKU0030,2025-09-02,43,35.0,30.696399920117646
SKU0031,2025-07-29,58,73.0,76.46683089983941
SKU0031,2025-08-05,60,71.0,66.05411225038503
SKU0031,2025-08-12,71,67.0,63.73379528641288
SKU0031,2025-08-19,49,58.0,64.87899943936445
SKU0031,2025-08-26,78,41.0,56.098709496455996
SKU0031,2025-09-02,76,65.0,61.09956856703831
SKU0032,2025-07-29,114,128.0,119.31180886212873
SKU0032,2025-08-05,146,110.0,116.98899671435413
SKU0032,2025-08-12,114,128.0,128.7677028739252
SKU0032,2025-08-19,140,101.0,114.33723213982391
SKU0032,2025-08-26,165,111.0,119.49333373571798
SKU0032,2025-09-02,135,117.0,122.44679279049593
SKU0033,2025-07-29,25,25.0,23.283285354024052
SKU0033,2025-08-05,20,22.0,21.728691858181314
SKU0033,2025-08-12,26,32.0,22.189405515866063
SKU0033,2025-08-19,17,22.0,21.141182137953216
SKU0033,2025-08-26,21,24.0,18.98573407628211
SKU0033,2025-09-02,28,17.0,19.50101328775931
SKU0034,2025-07-29,104,137.175,89.20749935669896
SKU0034,2025-08-05,86,136.3658536585366,84.759619024039
SKU0034,2025-08-12,109,135.16666666666666,86.61866092782637
SKU0034,2025-08-19,70,134.5581395348837,86.74719219566803
SKU0034,2025-08-26,44,133.0909090909091,78.7665670718573
SKU0034,2025-09-02,91,131.11111111111111,68.96715926654002
SKU0035,2025-07-29,42,26.0,42.02929949872333
SKU0035,2025-08-05,31,32.0,41.061288682774844
SKU0035,2025-08-12,40,40.0,37.40571243270798
SKU0035,2025-08-19,36,48.0,37.46058186235884
SKU0035,2025-08-26,42,37.0,34.24328261777965
SKU0035,2025-09-02,46,34.0,35.689547425777555
SKU0036,2025-07-29,141,73.0,126.80085716734995
SKU0036,2025-08-05,111,82.0,130.31231327476848
SKU0036,2025-08-12,121,67.0,128.83456867882273
SKU0036,2025-08-19,112,103.0,118.25685340656298
SKU0036,2025-08-26,129,88.0,112.44854886959884
SKU0036,2025-09-02,85,104.0,118.42940041908501
SKU0037,2025-07-29,37,51.0,34.48095012091974
SKU0037,2025-08-05,46,43.0,35.92234685395872
SKU0037,2025-08-12,40,43.0,38.37833117184346
SKU0037,2025-08-19,32,21.0,35.93776349857905
SKU0037,2025-08-26,30,35.0,32.768793241635336
SKU0037,2025-09-02,46,30.0,30.79663199373832
SKU0038,2025-07-29,136,95.0,154.14678271758729
SKU0038,2025-08-05,151,110.0,141.69569138275563
SKU0038,2025-08-12,175,91.0,141.13186025763844
SKU0038,2025-08-19,136,96.0,142.03315056725296
SKU0038,2025-08-26,119,101.0,140.51937590396102
SKU0038,2025-09-02,138,97.0,131.75278436242445
SKU0039,2025-07-29,168,98.0,182.1351682562289
SKU0039,2025-08-05,146,154.0,166.57795682416852
SKU0039,2025-08-12,134,170.0,169.9899139275138
SKU0039,2025-08-19,191,175.0,143.8357866601359
SKU0039,2025-08-26,158,131.0,153.47705081857325
SKU0039,2025-09-02,137,142.0,153.3143750606198
SKU0040,2025-07-29,24,26.05555555555556,17.695212302369473
SKU0040,2025-08-05,18,25.94736842105263,19.96959585948859
SKU0040,2025-08-12,20,25.55,19.07305006129436
SKU0040,2025-08-19,17,25.285714285714285,18.702222212834982
SKU0040,2025-08-26,8,24.90909090909091,16.432619805084503
SKU0040,2025-09-02,13,24.17391304347826,15.782224771607781
SKU0041,2025-07-29,66,63.0,89.77743740746003
SKU0041,2025-08-05,67,65.0,80.37841427553411
SKU0041,2025-08-12,85,82.0,81.46112825388693
SKU0041,2025-08-19,73,79.0,72.68950428616913
SKU0041,2025-08-26,71,50.0,70.70529541283308
SKU0041,2025-09-02,61,58.0,70.85124802578483
SKU0042,2025-07-29,38,32.0,41.53443315047207
SKU0042,2025-08-05,43,29.0,39.22957380196005
SKU0042,2025-08-12,42,28.0,41.06416473502444
SKU0042,2025-08-19,37,39.0,37.472905677650175
SKU0042,2025-08-26,32,27.0,34.85611226717866
SKU0042,2025-09-02,39,34.0,33.399535393212076
SKU0043,2025-07-29,77,43.0,66.69227799566785
SKU0043,2025-08-05,62,60.0,63.74609406773887
SKU0043,2025-08-12,79,64.0,62.68102865601741
SKU0043,2025-08-19,78,58.0,63.37645769756986
SKU0043,2025-08-26,71,59.0,65.44339832070628
SKU0043,2025-09-02,40,69.0,66.12832641544865
SKU0044,2025-07-29,185,195.0,191.37346289156082
SKU0044,2025-08-05,185,150.0,171.52575136794343
SKU0044,2025-08-12,197,179.0,200.93596642402014
SKU0044,2025-08-19,168,162.0,182.6990201807355
SKU0044,2025-08-26,159,147.0,173.9155978717955
SKU0044,2025-09-02,144,122.0,166.6591543404863
SKU0045,2025-07-29,31,55.85,40.37259614705135
SKU0045,2025-08-05,33,55.24390243902439,32.705497003022586
SKU0045,2025-08-12,31,54.71428571428572,35.5549546051397
SKU0045,2025-08-19,34,54.16279069767442,31.878241027992708
SKU0045,2025-08-26,41,53.70454545454545,32.22061817323482
SKU0045,2025-09-02,29,53.422222222222224,34.337386770189724
SKU0046,2025-07-29,63,76.0,69.59276207214056
SKU0046,2025-08-05,69,57.0,58.14911083108872
SKU0046,2025-08-12,78,47.0,61.90853207363924
SKU0046,2025-08-19,78,55.0,64.2026059537399
SKU0046,2025-08-26,88,67.0,63.1630912419794
SKU0046,2025-09-02,60,58.0,62.863364905923596
SKU0047,2025-07-29,94,126.0,81.41693702904671
SKU0047,2025-08-05,88,89.0,86.32509943477359
SKU0047,2025-08-12,77,122.0,83.96245843709521
SKU0047,2025-08-19,65,116.0,75.85142711683018
SKU0047,2025-08-26,78,69.0,71.30988250836913
SKU0047,2025-09-02,71,73.0,72.69669370949124
SKU0048,2025-07-29,109,63.0,91.36957949457214
SKU0048,2025-08-05,96,64.0,98.20748620893734
SKU0048,2025-08-12,102,55.0,98.85170520024545
SKU0048,2025-08-19,82,55.0,98.28345619789876
SKU0048,2025-08-26,93,63.0,83.81679089509024
SKU0048,2025-09-02,63,79.0,86.82580070827554
SKU0049,2025-07-29,92,104.0,94.94441873662718
SKU0049,2025-08-05,132,102.0,90.86904906658896
SKU0049,2025-08-12,91,114.0,107.33559119324721
SKU0049,2025-08-19,135,91.0,96.57946569963656
SKU0049,2025-08-26,79,90.0,97.23330218557757
SKU0049,2025-09-02,94,97.0,87.98446426644045
SKU0050,2025-07-29,89,85.0,98.44111810176703
SKU0050,2025-08-05,100,92.0,98.96144289454507
SKU0050,2025-08-12,119,128.0,102.26260357178514
SKU0050,2025-08-19,98,117.0,97.06816523348942
SKU0050,2025-08-26,83,71.0,98.2744476367377
SKU0050,2025-09-02,79,118.0,87.16539802071763
SKU0051,2025-07-29,50,96.725,65.42545838598262
SKU0051,2025-08-05,70,95.58536585365852,55.46925989012152
SKU0051,2025-08-12,48,94.97619047619048,59.85181317070126
SKU0051,2025-08-19,59,93.88372093023256,53.36376282726745
SKU0051,2025-08-26,48,93.0909090909091,54.044378385189624
SKU0051,2025-09-02,39,92.08888888888887,52.32996202984152
SKU0052,2025-07-29,113,111.0,133.56442609816543
SKU0052,2025-08-05,109,127.0,116.69661734511755
SKU0052,2025-08-12,128,106.0,115.61004989443514
SKU0052,2025-08-19,123,120.0,117.2430451139739
SKU0052,2025-08-26,106,112.0,118.60300090438756
SKU0052,2025-09-02,99,101.0,107.73731825324454
SKU0053,2025-07-29,96,86.0,86.89071758859149
SKU0053,2025-08-05,88,63.0,86.5763978665652
SKU0053,2025-08-12,97,93.0,89.46299486266683
SKU0053,2025-08-19,89,66.0,84.43475560597167
SKU0053,2025-08-26,77,65.0,85.90148638091506
SKU0053,2025-09-02,70,60.0,81.65444647377265
SKU0054,2025-07-29,102,141.0,147.32648707200087
SKU0054,2025-08-05,115,97.0,137.97708410405465
SKU0054,2025-08-12,165,119.0,122.08493619309888
SKU0054,2025-08-19,148,101.0,130.0988483909103
SKU0054,2025-08-26,149,92.0,129.6891041490518
SKU0054,2025-09-02,58,123.0,125.79414822336379
SKU0055,2025-07-29,20,25.0,23.06424482379032
SKU0055,2025-08-05,13,36.0,21.496451532648013
SKU0055,2025-08-12,35,23.0,19.5550622933637
SKU0055,2025-08-19,18,24.0,23.54437288373441
SKU0055,2025-08-26,27,22.0,18.559677126660763
SKU0055,2025-09-02,16,14.0,20.834206269066904
SKU0056,2025-07-29,29,21.0,24.319642903804898
SKU0056,2025-08-05,27,22.0,26.542901598931394
SKU0056,2025-08-12,20,22.0,26.314774375407197
SKU0056,2025-08-19,29,19.0,23.398377549889222
SKU0056,2025-08-26,29,27.0,24.899176727290136
SKU0056,2025-09-02,25,18.0,25.327750264467703
SKU0057,2025-07-29,145,128.0,155.53568883471434
SKU0057,2025-08-05,159,124.0,139.5012764193965
SKU0057,2025-08-12,174,119.0,147.24950428185952
SKU0057,2025-08-19,163,120.0,137.48948911550895
SKU0057,2025-08-26,123,129.0,141.48449907126934
SKU0057,2025-09-02,138,128.0,134.85328037864264
SKU0058,2025-07-29,157,151.0,184.97613781856134
SKU0058,2025-08-05,161,117.0,156.9295541949485
SKU0058,2025-08-12,149,136.0,148.52790552888695
SKU0058,2025-08-19,142,124.0,145.50357245553846
SKU0058,2025-08-26,139,103.0,140.21151036632085
SKU0058,2025-09-02,126,121.0,140.19464519446868
SKU0059,2025-07-29,163,188.525,152.74989119989934
SKU0059,2025-08-05,114,187.90243902439025,140.94277866370254
SKU0059,2025-08-12,172,186.14285714285717,129.92221642993127
SKU0059,2025-08-19,135,185.8139534883721,143.57696194552926
SKU0059,2025-08-26,143,184.6590909090909,135.91322856355825
SKU0059,2025-09-02,129,183.7333333333333,131.48999813334652
SKU0060,2025-07-29,89,71.0,85.55882975087243
SKU0060,2025-08-05,102,70.0,83.60489631913539
SKU0060,2025-08-12,92,61.0,91.5173030234822
SKU0060,2025-08-19,83,90.0,86.97133453166539
SKU0060,2025-08-26,86,75.0,83.81019635387976
SKU0060,2025-09-02,89,81.0,82.55214682390059
SKU0061,2025-07-29,50,92.44444444444444,66.89153925143015
SKU0061,2025-08-05,44,90.21052631578948,54.6133447655368
SKU0061,2025-08-12,49,87.9,53.86825897678121
SKU0061,2025-08-19,38,86.04761904761905,48.64010485342117
SKU0061,2025-08-26,45,83.86363636363636,45.717964377632455
SKU0061,2025-09-02,56,82.17391304347827,43.91338496938082
SKU0062,2025-07-29,146,128.0,106.92185369057371
SKU0062,2025-08-05,130,113.0,118.01655595476596
SKU0062,2025-08-12,125,131.0,123.16209470469407
SKU0062,2025-08-19,141,82.0,118.77035073266117
SKU0062,2025-08-26,98,140.0,124.39410621188422
SKU0062,2025-09-02,48,91.0,111.30152660632358
SKU0063,2025-07-29,100,65.0,78.73157331808756
SKU0063,2025-08-05,68,85.0,80.44100905538275
SKU0063,2025-08-12,78,73.0,78.72707542531626
SKU0063,2025-08-19,56,98.0,71.72734178613278
SKU0063,2025-08-26,88,83.0,66.59300701447677
SKU0063,2025-09-02,51,56.0,67.5524598693083
SKU0064,2025-07-29,125,91.0,111.97942798907255
SKU0064,2025-08-05,135,122.0,112.80088504336739
SKU0064,2025-08-12,139,175.0,124.97758951705877
SKU0064,2025-08-19,165,105.0,116.90283701189982
SKU0064,2025-08-26,137,137.0,121.58808092048704
SKU0064,2025-09-02,111,106.0,118.31699607246146
SKU0065,2025-07-29,98,124.0,112.77930238871538
SKU0065,2025-08-05,156,140.0,114.32370485482787
SKU0065,2025-08-12,111,177.0,128.31437146196967
SKU0065,2025-08-19,133,142.0,111.95437936242098
SKU0065,2025-08-26,154,164.0,118.97498485052765
SKU0065,2025-09-02,119,132.0,119.71955910380603
SKU0066,2025-07-29,11,11.0,12.02924057777822
SKU0066,2025-08-05,11,11.0,12.132409713956472
SKU0066,2025-08-12,9,9.0,13.308456276085728
SKU0066,2025-08-19,14,12.0,12.182277401523084
SKU0066,2025-08-26,12,7.0,11.95099793793422
SKU0066,2025-09-02,10,8.0,12.424047741105332
SKU0067,2025-07-29,136,122.0,112.34560360043653
SKU0067,2025-08-05,139,139.0,123.53366783353303
SKU0067,2025-08-12,139,139.0,130.515767306329
SKU0067,2025-08-19,109,112.0,119.99165088092919
SKU0067,2025-08-26,104,101.0,110.57984773183009
SKU0067,2025-09-02,118,104.0,107.11478602562292
SKU0068,2025-07-29,172,120.0,134.38347984088236
SKU0068,2025-08-05,173,117.0,139.7798991778781
SKU0068,2025-08-12,127,157.0,158.36678833979877
SKU0068,2025-08-19,134,94.0,134.51671333833605
SKU0068,2025-08-26,125,134.0,128.14209055678248
SKU0068,2025-09-02,145,125.0,122.89241741078558
SKU0069,2025-07-29,164,149.0,164.40156206924195
SKU0069,2025-08-05,214,133.0,147.50194575896865
SKU0069,2025-08-12,162,156.0,172.86869202467616
SKU0069,2025-08-19,122,150.0,145.76445842361574
SKU0069,2025-08-26,136,101.0,129.02301439302283
SKU0069,2025-09-02,144,123.0,135.2197320771688
SKU0070,2025-07-29,164,187.0,145.388519312168
SKU0070,2025-08-05,171,173.0,144.8237462529868
SKU0070,2025-08-12,160,172.0,160.56857496709276
SKU0070,2025-08-19,153,133.0,142.886331388046
SKU0070,2025-08-26,142,133.0,139.4875752431844
SKU0070,2025-09-02,156,92.0,138.85597180352414
SKU0071,2025-07-29,59,51.0,49.86061178672915
SKU0071,2025-08-05,58,38.0,48.871225748429126
SKU0071,2025-08-12,58,49.0,52.36228839711559
SKU0071,2025-08-19,45,44.0,49.25819104660261
SKU0071,2025-08-26,40,37.0,45.56034869920563
SKU0071,2025-09-02,54,39.0,43.80904212882756
SKU0072,2025-07-29,93,157.83333333333334,96.39733961791426
SKU0072,2025-08-05,84,154.42105263157896,94.83161988279713
SKU0072,2025-08-12,99,150.9,93.94834055721381
SKU0072,2025-08-19,70,148.42857142857142,86.88499755414644
SKU0072,2025-08-26,63,144.86363636363637,80.51866080452842
SKU0072,2025-09-02,70,141.30434782608697,71.31958803174376
SKU0073,2025-07-29,205,151.0,201.12511255093557
SKU0073,2025-08-05,219,146.0,194.193458698854
SKU0073,2025-08-12,236,168.0,216.58645111381114
SKU0073,2025-08-19,204,174.0,195.06699761933177
SKU0073,2025-08-26,193,149.0,188.97277990887252
SKU0073,2025-09-02,191,162.0,190.02797521725444
SKU0074,2025-07-29,79,115.0,109.73806885825434
SKU0074,2025-08-05,135,119.0,102.1739814244132
SKU0074,2025-08-12,90,135.0,116.52348405426893
SKU0074,2025-08-19,128,123.0,105.1272383767739
SKU0074,2025-08-26,90,81.0,108.41024872631004
SKU0074,2025-09-02,92,83.0,102.69190540339154
SKU0075,2025-07-29,109,158.125,112.10235183724845
SKU0075,2025-08-05,112,156.9268292682927,115.13483602958888
SKU0075,2025-08-12,118,155.85714285714286,113.22984479781086
SKU0075,2025-08-19,86,154.97674418604652,110.02041444085204
SKU0075,2025-08-26,96,153.4090909090909,102.25968914044167
SKU0075,2025-09-02,91,152.13333333333333,97.03245452106526
SKU0076,2025-07-29,114,120.0,142.38749263187898
SKU0076,2025-08-05,105,91.0,125.67990870479878
SKU0076,2025-08-12,151,135.0,132.82081068277296
SKU0076,2025-08-19,145,91.0,121.88043377129432
SKU0076,2025-08-26,129,79.0,124.73585485230224
SKU0076,2025-09-02,107,90.0,119.98968799541395
SKU0077,2025-07-29,129,87.0,108.59164586620494
SKU0077,2025-08-05,125,98.0,113.77588972495403
SKU0077,2025-08-12,113,100.0,123.5466440220615
SKU0077,2025-08-19,98,82.0,109.59609582557054
SKU0077,2025-08-26,103,60.0,105.42175541345568
SKU0077,2025-09-02,91,90.0,101.52122161812882
SKU0078,2025-07-29,11,17.555555555555557,16.09737963947747
SKU0078,2025-08-05,13,17.210526315789473,12.464700770766532
SKU0078,2025-08-12,11,17.0,13.634741067539922
SKU0078,2025-08-19,9,16.714285714285715,11.739655369956264
SKU0078,2025-08-26,11,16.363636363636363,12.335821559559054
SKU0078,2025-09-02,9,16.130434782608695,11.678149277292682
SKU0079,2025-07-29,55,59.0,62.232610342555276
SKU0079,2025-08-05,48,57.0,52.3728253129745
SKU0079,2025-08-12,48,80.0,56.85228136293291
SKU0079,2025-08-19,43,61.0,48.94034032080869
SKU0079,2025-08-26,35,58.0,44.83825500520124
SKU0079,2025-09-02,37,53.0,42.028824705421606
SKU0080,2025-07-29,34,49.0,45.58986745930237
SKU0080,2025-08-05,39,44.0,38.33355567437537
SKU0080,2025-08-12,35,46.0,40.36403340407011
SKU0080,2025-08-19,40,26.0,34.171183997700595
SKU0080,2025-08-26,46,25.0,36.23162110327864
SKU0080,2025-09-02,49,36.0,36.858420344884756
SKU0081,2025-07-29,26,19.0,26.132411644261396
SKU0081,2025-08-05,25,20.0,25.8756922735252
SKU0081,2025-08-12,24,18.0,27.181762410166783
SKU0081,2025-08-19,18,14.0,23.54714888425446
SKU0081,2025-08-26,28,20.0,20.060769924733037
SKU0081,2025-09-02,27,12.0,22.34166251354418
SKU0082,2025-07-29,15,13.0,18.1630998160816
SKU0082,2025-08-05,16,15.0,16.66479054811302
SKU0082,2025-08-12,21,17.0,17.09597681647164
SKU0082,2025-08-19,19,14.0,16.915100116065233
SKU0082,2025-08-26,18,15.0,16.4516945720691
SKU0082,2025-09-02,19,11.0,15.737183501516604
SKU0083,2025-07-29,45,46.0,56.59960011353686
SKU0083,2025-08-05,42,38.0,52.97439819386212
SKU0083,2025-08-12,44,43.0,50.73724388303369
SKU0083,2025-08-19,51,51.0,45.75176460289162
SKU0083,2025-08-26,43,39.0,43.48325643510124
SKU0083,2025-09-02,30,50.0,44.22102996304581
SKU0084,2025-07-29,81,86.0,82.2695304438179
SKU0084,2025-08-05,58,96.0,76.43703938408407
SKU0084,2025-08-12,84,107.0,74.56712665685411
SKU0084,2025-08-19,70,93.0,73.63117340447727
SKU0084,2025-08-26,39,68.0,70.78561876398497
SKU0084,2025-09-02,50,73.0,58.5050642861702
SKU0085,2025-07-29,45,43.0,45.457033490912764
SKU0085,2025-08-05,29,57.0,42.15776063067989
SKU0085,2025-08-12,44,51.0,38.46106860631074
SKU0085,2025-08-19,45,53.0,40.00150080108342
SKU0085,2025-08-26,41,41.0,38.92849240239359
SKU0085,2025-09-02,48,52.0,36.76736771793857
SKU0088,2025-07-29,58,83.975,62.15678061286319
SKU0088,2025-08-05,52,83.34146341463415,54.16790007352736
SKU0088,2025-08-12,56,82.5952380952381,56.2743494507717
SKU0088,2025-08-19,53,81.97674418604652,51.789575790372105
SKU0088,2025-08-26,38,81.31818181818181,49.532093685989864
SKU0088,2025-09-02,40,80.35555555555555,44.90073979567491
SKU0089,2025-07-29,102,81.0,137.68527895492485
SKU0089,2025-08-05,107,94.0,120.3819705208522
SKU0089,2025-08-12,141,111.0,118.8127644112719
SKU0089,2025-08-19,112,100.0,119.63328870771342
SKU0089,2025-08-26,104,39.0,109.19399918264541
SKU0089,2025-09-02,83,93.0,105.4303322591216
SKU0090,2025-07-29,143,144.0,143.30420055480732
SKU0090,2025-08-05,148,164.0,139.1688364947534
SKU0090,2025-08-12,143,133.0,138.9547459259723
SKU0090,2025-08-19,120,112.0,133.20877318423894
SKU0090,2025-08-26,131,124.0,124.95837739521346
SKU0090,2025-09-02,107,120.0,129.67910437792713
SKU0091,2025-07-29,125,172.025,111.01705705208391
SKU0091,2025-08-05,94,170.8780487804878,111.63210273726764
SKU0091,2025-08-12,137,169.04761904761904,114.14093694798365
SKU0091,2025-08-19,97,168.30232558139534,110.98063455410019
SKU0091,2025-08-26,120,166.6818181818182,104.99642961241197
SKU0091,2025-09-02,125,165.64444444444445,105.65923076643496
SKU0092,2025-07-29,100,86.0,99.39469487970918
SKU0092,2025-08-05,89,84.0,103.52284648113267
SKU0092,2025-08-12,95,94.0,98.38315998532686
SKU0092,2025-08-19,92,64.0,91.27926152369163
SKU0092,2025-08-26,92,82.0,86.88734096296676
SKU0092,2025-09-02,98,45.0,89.29303427894064
SKU0093,2025-07-29,68,65.0,75.60674864825401
SKU0093,2025-08-05,63,42.0,70.00834304527274
SKU0093,2025-08-12,68,47.0,70.0032267165347
SKU0093,2025-08-19,80,41.0,68.31969645985362
SKU0093,2025-08-26,51,38.0,65.08777334351309
SKU0093,2025-09-02,49,46.0,62.35808251955354
SKU0094,2025-07-29,15,42.833333333333336,28.128189421181993
SKU0094,2025-08-05,20,41.36842105263158,23.753561344547194
SKU0094,2025-08-12,22,40.3,25.88674635027983
SKU0094,2025-08-19,22,39.42857142857143,23.370156923401165
SKU0094,2025-08-26,27,38.63636363636363,19.295634056946646
SKU0094,2025-09-02,21,38.130434782608695,21.482950398639876
SKU0095,2025-07-29,23,27.825,22.276042311854958
SKU0095,2025-08-05,26,27.70731707317073,20.639142702033386
SKU0095,2025-08-12,26,27.666666666666668,24.516362992930862
SKU0095,2025-08-19,20,27.627906976744185,21.516778024552078
SKU0095,2025-08-26,23,27.454545454545453,20.423964968251237
SKU0095,2025-09-02,19,27.355555555555554,20.798152602904793
SKU0096,2025-07-29,108,74.0,113.73440661203662
SKU0096,2025-08-05,99,54.0,112.64706688787548
SKU0096,2025-08-12,89,84.0,114.23731177068346
SKU0096,2025-08-19,86,38.0,99.18970671812559
SKU0096,2025-08-26,66,75.0,88.05062767892404
SKU0096,2025-09-02,103,35.0,81.70104925572033
SKU0097,2025-07-29,121,122.0,97.47027199227361
SKU0097,2025-08-05,114,125.0,106.50391493493025
SKU0097,2025-08-12,145,148.0,107.71672780621009
SKU0097,2025-08-19,126,113.0,112.5177391093496
SKU0097,2025-08-26,102,98.0,104.6533222449701
SKU0097,2025-09-02,123,108.0,106.40755997365521
SKU0098,2025-07-29,117,110.0,125.9787639765018
SKU0098,2025-08-05,94,137.0,122.88626311223585
SKU0098,2025-08-12,109,133.0,123.62277322943076
SKU0098,2025-08-19,91,103.0,105.64116443761175
SKU0098,2025-08-26,104,117.0,101.58251890339983
SKU0098,2025-09-02,78,102.0,99.892487970629
SKU0099,2025-07-29,73,145.11111111111111,83.48623468968636
SKU0099,2025-08-05,83,141.31578947368422,83.99195507800768
SKU0099,2025-08-12,56,138.4,85.47332063406685
SKU0099,2025-08-19,83,134.47619047619048,70.48335629969873
SKU0099,2025-08-26,61,132.13636363636363,69.36612633876588
SKU0099,2025-09-02,63,129.04347826086956,68.49039475844509
SKU0100,2025-07-29,52,47.0,55.83050354440054
SKU0100,2025-08-05,51,53.0,51.057304742505906
SKU0100,2025-08-12,59,58.0,53.399898873715955
SKU0100,2025-08-19,46,56.0,51.56879200355606
SKU0100,2025-08-26,58,39.0,47.73912321279075
SKU0100,2025-09-02,61,60.0,46.9218463324796
SKU0101,2025-07-29,44,47.0,46.373161493666935
SKU0101,2025-08-05,44,41.0,43.94994455057787
SKU0101,2025-08-12,47,42.0,43.82924469943884
SKU0101,2025-08-19,48,27.0,41.706522803027916
SKU0101,2025-08-26,32,33.0,41.07602891817107
SKU0101,2025-09-02,27,40.0,37.193074407248005
SKU0102,2025-07-29,80,63.0,55.90136786091936
SKU0102,2025-08-05,60,41.0,58.03609454149509
SKU0102,2025-08-12,75,47.0,58.773274236221475
SKU0102,2025-08-19,50,60.0,59.18349133570833
SKU0102,2025-08-26,54,69.0,56.278359652859805
SKU0102,2025-09-02,31,55.0,54.352425680832724
SKU0103,2025-07-29,149,115.0,154.52014196277227
SKU0103,2025-08-05,170,119.0,147.06634501208126
SKU0103,2025-08-12,165,139.0,150.2986260911093
SKU0103,2025-08-19,160,128.0,139.54901329061965
SKU0103,2025-08-26,118,143.0,146.63089308392395
SKU0103,2025-09-02,127,132.0,139.9750448781927
SKU0104,2025-07-29,58,88.0,95.82473703211811
SKU0104,2025-08-05,81,117.0,87.83598154486829
SKU0104,2025-08-12,61,84.0,90.94459338929745
SKU0104,2025-08-19,72,78.0,76.43089854172466
SKU0104,2025-08-26,105,73.0,70.25684595678689
SKU0104,2025-09-02,53,56.0,73.60436829368818
SKU0105,2025-07-29,137,126.0,136.99665307855219
SKU0105,2025-08-05,101,126.0,129.34007583346695
SKU0105,2025-08-12,159,101.0,123.41815388444648
SKU0105,2025-08-19,163,103.0,119.35595664172213
SKU0105,2025-08-26,125,114.0,128.22291604667373
SKU0105,2025-09-02,105,133.0,123.55955653775227
SKU0106,2025-07-29,40,25.0,39.143533079672984
SKU0106,2025-08-05,33,44.0,36.713284861068885
SKU0106,2025-08-12,34,39.0,36.97908839669531
SKU0106,2025-08-19,35,28.0,32.283248834570344
SKU0106,2025-08-26,30,35.0,33.51476268002342
SKU0106,2025-09-02,36,38.0,28.92871206142417
SKU0107,2025-07-29,112,161.0,140.11991652416106
SKU0107,2025-08-05,130,114.0,117.1106491428702
SKU0107,2025-08-12,113,98.0,133.53158334442543
SKU0107,2025-08-19,93,134.0,117.2723469421789
SKU0107,2025-08-26,134,65.0,105.15808153849258
SKU0107,2025-09-02,126,123.0,112.25165035925123
SKU0108,2025-07-29,82,100.0,88.19493777380647
SKU0108,2025-08-05,99,77.0,82.07534025792062
SKU0108,2025-08-12,79,81.0,92.08934978151538
SKU0108,2025-08-19,99,74.0,82.03205388005807
SKU0108,2025-08-26,72,77.0,84.79943126985675
SKU0108,2025-09-02,79,67.0,80.469684529945
SKU0109,2025-07-29,66,104.0,82.10630935946972
SKU0109,2025-08-05,83,93.0,80.67263859467528
SKU0109,2025-08-12,112,100.0,83.63914724867826
SKU0109,2025-08-19,67,108.0,82.39874406073216
SKU0109,2025-08-26,63,87.0,72.37070923976178
SKU0109,2025-09-02,81,89.0,71.28573033575103
SKU0110,2025-07-29,30,34.0,30.94891113390868
SKU0110,2025-08-05,18,35.0,27.788871691032046
SKU0110,2025-08-12,24,28.0,24.31186404114128
SKU0110,2025-08-19,33,31.0,24.340975615175076
SKU0110,2025-08-26,26,21.0,26.67515801083754
SKU0110,2025-09-02,26,32.0,24.639458199776897
SKU0112,2025-07-29,20,17.0,15.770691200189967
SKU0112,2025-08-05,18,14.0,16.773431207838605
SKU0112,2025-08-12,18,10.0,17.221633598498027
SKU0112,2025-08-19,16,9.0,15.313597059654757
SKU0112,2025-08-26,14,12.0,15.313597059654757
SKU0112,2025-09-02,16,12.0,15.297400029891401
SKU0113,2025-07-29,134,174.38888888888889,121.23318293595938
SKU0113,2025-08-05,131,172.26315789473685,130.7397713837849
SKU0113,2025-08-12,160,170.2,134.33256583693156
SKU0113,2025-08-19,162,169.71428571428572,129.37308532839694
SKU0113,2025-08-26,151,169.36363636363637,138.02176603069995
SKU0113,2025-09-02,150,168.56521739130434,132.62411138827295
SKU0114,2025-07-29,182,155.725,120.9112079437897
SKU0114,2025-08-05,114,156.3658536585366,129.8987149388942
SKU0114,2025-08-12,117,155.35714285714286,137.6227047636543
SKU0114,2025-08-19,149,154.46511627906978,124.92436863089117
SKU0114,2025-08-26,100,154.3409090909091,121.28353861535527
SKU0114,2025-09-02,109,153.13333333333333,116.46897147469937
SKU0115,2025-07-29,63,45.0,69.96689316118172
SKU0115,2025-08-05,67,55.0,62.257413038757775
SKU0115,2025-08-12,57,37.0,64.1920251338087
SKU0115,2025-08-19,70,35.0,59.32585055742591
SKU0115,2025-08-26,65,35.0,60.5235919262153
SKU0115,2025-09-02,42,58.0,59.42178014102086
SKU0116,2025-07-29,125,123.0,143.68487086625376
SKU0116,2025-08-05,109,114.0,142.62283004708638
SKU0116,2025-08-12,143,99.0,134.01692716908096
SKU0116,2025-08-19,146,151.0,125.17522028885162
SKU0116,2025-08-26,130,137.0,124.62385719512295
SKU0116,2025-09-02,141,111.0,122.94231384252097
SKU0117,2025-07-29,211,136.0,172.4681624649707
SKU0117,2025-08-05,174,171.0,164.29597056701027
SKU0117,2025-08-12,188,101.0,177.45922422680454
SKU0117,2025-08-19,173,107.0,174.2387576925248
SKU0117,2025-08-26,166,52.0,163.95407274272065
SKU0117,2025-09-02,149,100.0,168.88438913874853
SKU0118,2025-07-29,50,52.0,51.74454543516665
SKU0118,2025-08-05,45,41.0,47.557951378722166
SKU0118,2025-08-12,36,31.0,47.58742835713391
SKU0118,2025-08-19,20,47.0,41.63630156854162
SKU0118,2025-08-26,31,24.0,31.222832591048416
SKU0118,2025-09-02,30,28.0,32.781267524686754
SKU0119,2025-07-29,97,154.77777777777777,101.63440663706909
SKU0119,2025-08-05,103,151.73684210526315,103.24296621253957
SKU0119,2025-08-12,90,149.3,101.14657632805248
SKU0119,2025-08-19,74,146.47619047619048,95.53458252664329
SKU0119,2025-08-26,87,143.1818181818182,83.1203497514465
SKU0119,2025-09-02,83,140.7391304347826,82.32581276391247
SKU0120,2025-07-29,22,19.0,28.1900624103166
SKU0120,2025-08-05,23,19.0,24.96129682905727
SKU0120,2025-08-12,19,23.0,25.81899354851169
SKU0120,2025-08-19,19,18.0,23.726658244813418
SKU0120,2025-08-26,18,10.0,19.69714580537917
SKU0120,2025-09-02,17,22.0,18.37404906416305
SKU0121,2025-07-29,151,149.0,133.27123831056213
SKU0121,2025-08-05,150,130.0,138.1161947064268
SKU0121,2025-08-12,122,99.0,145.75602564684758
SKU0121,2025-08-19,125,118.0,126.47383993829033
SKU0121,2025-08-26,168,122.0,122.58612107461525
SKU0121,2025-09-02,107,101.0,128.3324938913753
SKU0122,2025-07-29,54,89.0,80.30233195413909
SKU0122,2025-08-05,77,63.0,71.9671819366809
SKU0122,2025-08-12,103,91.0,74.66338072790587
SKU0122,2025-08-19,81,81.0,72.68124004704953
SKU0122,2025-08-26,76,75.0,70.32057595575148
SKU0122,2025-09-02,63,66.0,73.056652345806
SKU0123,2025-07-29,66,72.475,58.09493310049141
SKU0123,2025-08-05,59,72.3170731707317,57.904172056440416
SKU0123,2025-08-12,54,72.0,58.40048988107694
SKU0123,2025-08-19,62,71.5813953488372,55.262034190191926
SKU0123,2025-08-26,48,71.36363636363636,55.71133470131154
SKU0123,2025-09-02,60,70.84444444444445,53.59971890368379
SKU0124,2025-07-29,24,19.0,22.76602114597594
SKU0124,2025-08-05,28,22.0,21.274413596014526
SKU0124,2025-08-12,27,26.0,25.032560556043105
SKU0124,2025-08-19,26,23.0,21.90387656813251
SKU0124,2025-08-26,27,21.0,24.408839064669902
SKU0124,2025-09-02,26,22.0,26.151349569327763
SKU0125,2025-07-29,85,105.0,79.82914897784536
SKU0125,2025-08-05,73,103.0,75.45044863060441
SKU0125,2025-08-12,99,89.0,76.504271210163
SKU0125,2025-08-19,59,60.0,75.10955878949954
SKU0125,2025-08-26,30,93.0,68.24738930521227
SKU0125,2025-09-02,52,82.0,61.798138201447465
SKU0126,2025-07-29,124,112.0,105.41634513620048
SKU0126,2025-08-05,84,90.0,107.85197015210893
SKU0126,2025-08-12,103,116.0,109.06419111782968
SKU0126,2025-08-19,96,78.0,101.96986369391459
SKU0126,2025-08-26,95,102.0,98.2748555590923
SKU0126,2025-09-02,79,84.0,88.75447424337699
SKU0127,2025-07-29,112,88.0,120.40411826716037
SKU0127,2025-08-05,111,90.0,113.68753140937312
SKU0127,2025-08-12,104,86.0,115.99239943180984
SKU0127,2025-08-19,94,84.0,105.99368930432938
SKU0127,2025-08-26,105,97.0,97.89138390514165
SKU0127,2025-09-02,94,77.0,100.81175409045046
SKU0128,2025-07-29,63,50.0,70.22119572027798
SKU0128,2025-08-05,71,41.0,65.37564837572044
SKU0128,2025-08-12,58,54.0,65.21674020339246
SKU0128,2025-08-19,49,55.0,58.75251329476814
SKU0128,2025-08-26,39,42.0,55.609563953518744
SKU0128,2025-09-02,49,39.0,53.11710969185916
SKU0129,2025-07-29,110,104.0,117.34961626514568
SKU0129,2025-08-05,104,76.0,111.1701139517385
SKU0129,2025-08-12,99,93.0,117.71547679291628
SKU0129,2025-08-19,90,54.0,102.49967638270391
SKU0129,2025-08-26,76,70.0,96.44013539071908
SKU0129,2025-09-02,86,48.0,88.11021596832666
SKU0130,2025-07-29,25,20.0,22.940547456671304
SKU0130,2025-08-05,23,25.0,21.83713867650722
SKU0130,2025-08-12,24,22.0,23.045266235405144
SKU0130,2025-08-19,16,22.0,20.055306950598514
SKU0130,2025-08-26,17,26.0,19.24132555375657
SKU0130,2025-09-02,17,8.0,17.877199818977797
SKU0131,2025-07-29,54,65.0,51.046473773763644
SKU0131,2025-08-05,64,49.0,48.8107537759613
SKU0131,2025-08-12,67,42.0,51.88655716367269
SKU0131,2025-08-19,60,64.0,53.94483278799045
SKU0131,2025-08-26,47,62.0,52.644151680406985
SKU0131,2025-09-02,49,43.0,51.22767965091158
SKU0132,2025-07-29,29,32.0,32.41666281086848
SKU0132,2025-08-05,29,32.0,27.796481634955605
SKU0132,2025-08-12,18,33.0,30.183242909914096
SKU0132,2025-08-19,38,30.0,23.936179454026792
SKU0132,2025-08-26,21,30.0,30.36372985202961
SKU0132,2025-09-02,31,26.0,24.717772842943226
SKU0133,2025-07-29,136,98.0,121.24856214639736
SKU0133,2025-08-05,108,104.0,125.73032112257175
SKU0133,2025-08-12,143,99.0,119.4727299376801
SKU0133,2025-08-19,109,122.0,118.29311882547765
SKU0133,2025-08-26,110,108.0,115.21183773504416
SKU0133,2025-09-02,122,90.0,107.67288196935911
SKU0134,2025-07-29,96,75.0,87.28371975179749
SKU0134,2025-08-05,86,118.0,99.99033750386151
SKU0134,2025-08-12,63,96.0,96.45914498346026
SKU0134,2025-08-19,68,49.0,81.35190149789942
SKU0134,2025-08-26,70,94.0,77.29336569561093
SKU0134,2025-09-02,46,68.0,72.32495258319778
SKU0135,2025-07-29,46,47.0,55.50107779574029
SKU0135,2025-08-05,62,53.0,49.37519949334165
SKU0135,2025-08-12,44,60.0,53.73964360808781
SKU0135,2025-08-19,36,37.0,48.43015865723331
SKU0135,2025-08-26,56,46.0,41.98947814387154
SKU0135,2025-09-02,11,15.0,44.94479047869196
SKU0136,2025-07-29,73,83.0,71.58887940825636
SKU0136,2025-08-05,75,57.0,68.81809477195351
SKU0136,2025-08-12,69,61.0,67.64720977184912
SKU0136,2025-08-19,69,63.0,63.8426185710312
SKU0136,2025-08-26,73,61.0,62.84925287957847
SKU0136,2025-09-02,57,59.0,64.82546848333325
SKU0137,2025-07-29,123,175.0,118.13218335020959
SKU0137,2025-08-05,170,116.0,126.19200472172226
SKU0137,2025-08-12,157,167.0,148.3070725299572
SKU0137,2025-08-19,168,197.0,127.50254361501474
SKU0137,2025-08-26,139,108.0,132.0732334725439
SKU0137,2025-09-02,106,141.0,129.26479901538784
SKU0138,2025-07-29,115,138.72222222222223,81.22763815809775
SKU0138,2025-08-05,80,137.47368421052633,86.43289721680432
SKU0138,2025-08-12,50,134.6,87.83416604664154
SKU0138,2025-08-19,78,130.57142857142858,70.76561537733319
SKU0138,2025-08-26,86,128.1818181818182,71.28782429057335
SKU0138,2025-09-02,84,126.34782608695652,72.1672812695046
SKU0139,2025-07-29,13,15.0,14.235024443960702
SKU0139,2025-08-05,11,12.0,15.240168420615467
SKU0139,2025-08-12,11,8.0,15.538656412035857
SKU0139,2025-08-19,7,7.0,14.148082496893453
SKU0139,2025-08-26,10,8.0,12.50136964193168
SKU0139,2025-09-02,8,8.0,11.964300502843436
SKU0140,2025-07-29,104,60.0,112.14954556807382
SKU0140,2025-08-05,137,97.0,101.23916591465223
SKU0140,2025-08-12,84,96.0,114.69415045662332
SKU0140,2025-08-19,77,102.0,103.986710392511
SKU0140,2025-08-26,85,49.0,93.00449340130295
SKU0140,2025-09-02,98,95.0,87.92033632256248
SKU0141,2025-07-29,48,41.0,47.2715253076286
SKU0141,2025-08-05,43,32.0,44.53009280100617
SKU0141,2025-08-12,41,39.0,45.5406715176592
SKU0141,2025-08-19,44,29.0,41.62413368767661
SKU0141,2025-08-26,55,26.0,40.378262998441855
SKU0141,2025-09-02,45,33.0,41.29578371806965
SKU0142,2025-07-29,76,92.0,81.35123228985505
SKU0142,2025-08-05,98,59.0,75.22728905553296
SKU0142,2025-08-12,72,73.0,78.02542891753947
SKU0142,2025-08-19,86,76.0,73.20912296157479
SKU0142,2025-08-26,57,76.0,74.00089079374892
SKU0142,2025-09-02,63,66.0,68.81675473176868
SKU0143,2025-07-29,117,139.45,94.30549731528583
SKU0143,2025-08-05,75,138.90243902439025,101.17589135766363
SKU0143,2025-08-12,104,137.38095238095238,90.48580228260997
SKU0143,2025-08-19,88,136.6046511627907,89.06702194452846
SKU0143,2025-08-26,60,135.5,87.15901531851104
SKU0143,2025-09-02,92,133.82222222222222,76.83373765336071
SKU0144,2025-07-29,147,104.0,112.39986119474992
SKU0144,2025-08-05,126,106.0,121.94908851585184
SKU0144,2025-08-12,125,77.0,124.25437175377606
SKU0144,2025-08-19,115,120.0,117.11358738387511
SKU0144,2025-08-26,123,130.0,111.38140784964422
SKU0144,2025-09-02,139,80.0,119.85536136233443
SKU0145,2025-07-29,207,216.0,216.48149271746544
SKU0145,2025-08-05,169,170.0,188.94293291250403
SKU0145,2025-08-12,237,207.0,195.9397339408733
SKU0145,2025-08-19,196,188.0,179.6079805276951
SKU0145,2025-08-26,273,204.0,186.5645227681974
SKU0145,2025-09-02,185,183.0,187.20550436755636
SKU0146,2025-07-29,68,120.0,94.39439840305673
SKU0146,2025-08-05,153,150.0,85.03313372621571
SKU0146,2025-08-12,109,136.0,108.20023225170956
SKU0146,2025-08-19,144,106.0,95.31908866206362
SKU0146,2025-08-26,66,150.0,102.96703044125134
SKU0146,2025-09-02,98,122.0,90.22449277570985
SKU0147,2025-07-29,127,115.0,155.0026259965814
SKU0147,2025-08-05,131,87.0,128.56245993857345
SKU0147,2025-08-12,91,84.0,133.83713891096102
SKU0147,2025-08-19,114,102.0,117.1594992693673
SKU0147,2025-08-26,99,84.0,105.73270802699543
SKU0147,2025-09-02,103,56.0,105.88892614626761
SKU0148,2025-07-29,95,128.95,86.78963598097955
SKU0148,2025-08-05,71,128.1219512195122,83.29730490959311
SKU0148,2025-08-12,47,126.76190476190476,83.92018233183954
SKU0148,2025-08-19,77,124.90697674418604,69.50413306312
SKU0148,2025-08-26,62,123.8181818181818,69.4711330439065
SKU0148,2025-09-02,77,122.44444444444444,61.36708923475531
SKU0149,2025-07-29,36,30.0,33.87036402056709
SKU0149,2025-08-05,37,28.0,33.201966703827
SKU0149,2025-08-12,41,30.0,36.08924064955247
SKU0149,2025-08-19,33,21.0,34.28859305437227
SKU0149,2025-08-26,29,31.0,30.83230002872595
SKU0149,2025-09-02,34,36.0,28.82709678263954
SKU0150,2025-07-29,58,77.325,53.71180819156739
SKU0150,2025-08-05,40,76.85365853658537,51.38607515142719
SKU0150,2025-08-12,55,75.97619047619048,50.06291157829718
SKU0150,2025-08-19,47,75.48837209302326,49.84923258216353
SKU0150,2025-08-26,34,74.8409090909091,46.44791328331894
SKU0150,2025-09-02,36,73.93333333333334,40.707113359746096
SKU0151,2025-07-29,167,135.0,159.8546130900655
SKU0151,2025-08-05,153,155.0,148.7611691224818
SKU0151,2025-08-12,170,141.0,148.44397483439232
SKU0151,2025-08-19,145,107.0,151.12223571974826
SKU0151,2025-08-26,138,160.0,141.08709872235337
SKU0151,2025-09-02,151,150.0,137.87236365075606
SKU0152,2025-07-29,62,76.0,69.84929098802087
SKU0152,2025-08-05,73,103.0,67.23926044320109
SKU0152,2025-08-12,68,88.0,72.54736014470662
SKU0152,2025-08-19,67,86.0,64.72643470336016
SKU0152,2025-08-26,62,54.0,63.42216943549257
SKU0152,2025-09-02,66,76.0,60.8036535690004
SKU0153,2025-07-29,35,54.0,50.65461453521073
SKU0153,2025-08-05,49,45.0,43.33332915981595
SKU0153,2025-08-12,35,32.0,44.11232257066272
SKU0153,2025-08-19,43,36.0,39.61882748771374
SKU0153,2025-08-26,36,23.0,39.22386620232553
SKU0153,2025-09-02,31,37.0,36.45609450418932
SKU0154,2025-07-29,45,44.0,65.62190189253612
SKU0154,2025-08-05,54,41.0,55.72851069202239
SKU0154,2025-08-12,60,37.0,55.292921707737406
SKU0154,2025-08-19,54,36.0,52.7953151641241
SKU0154,2025-08-26,25,44.0,50.904501668213136
SKU0154,2025-09-02,59,41.0,42.603866779144596
SKU0155,2025-07-29,75,68.0,68.16796331957516
SKU0155,2025-08-05,59,92.0,69.41597851463239
SKU0155,2025-08-12,82,103.0,68.93477178472578
SKU0155,2025-08-19,39,65.0,69.55881289623949
SKU0155,2025-08-26,68,49.0,58.00631860665824
SKU0155,2025-09-02,64,64.0,57.795308899984256
SKU0156,2025-07-29,35,39.0,29.146754441392684
SKU0156,2025-08-05,30,35.0,28.966959371183627
SKU0156,2025-08-12,34,27.0,28.999903987203243
SKU0156,2025-08-19,29,32.0,27.644280320847407
SKU0156,2025-08-26,25,26.0,26.599926672854814
SKU0156,2025-09-02,36,33.0,26.822832924603578
SKU0157,2025-07-29,32,34.0,45.5984553592871
SKU0157,2025-08-05,41,37.0,40.002229989224006
SKU0157,2025-08-12,37,52.0,42.76433078469191
SKU0157,2025-08-19,34,37.0,35.77671699768064
SKU0157,2025-08-26,34,35.0,32.84751907800899
SKU0157,2025-09-02,34,21.0,33.64488766173489
SKU0158,2025-07-29,36,31.0,51.661566379171106
SKU0158,2025-08-05,39,37.0,43.888504348862114
SKU0158,2025-08-12,45,54.0,43.82776725528665
SKU0158,2025-08-19,46,23.0,41.35321825563322
SKU0158,2025-08-26,44,39.0,41.38946248478066
SKU0158,2025-09-02,31,31.0,41.6911039528374
SKU0159,2025-07-29,10,13.0,17.492577520830295
SKU0159,2025-08-05,13,14.0,15.459946071134919
SKU0159,2025-08-12,18,18.0,16.103757032715187
SKU0159,2025-08-19,15,10.0,15.18717678781017
SKU0159,2025-08-26,15,13.0,14.431294768820223
SKU0159,2025-09-02,17,15.0,14.573182588549736
SKU0160,2025-07-29,44,55.05555555555556,40.204228975232816
SKU0160,2025-08-05,39,54.47368421052632,40.13206612496829
SKU0160,2025-08-12,54,53.7,41.32962203839327
SKU0160,2025-08-19,37,53.71428571428572,40.439799435569014
SKU0160,2025-08-26,39,52.95454545454545,38.5590212397332
SKU0160,2025-09-02,42,52.34782608695652,38.95967350668307
SKU0161,2025-07-29,8,15.0,14.647730726538914
SKU0161,2025-08-05,15,18.0,12.605013086155271
SKU0161,2025-08-12,16,14.0,13.555474133492195
SKU0161,2025-08-19,11,11.0,14.213243900289795
SKU0161,2025-08-26,13,13.0,12.076292507421293
SKU0161,2025-09-02,12,11.0,12.656975935621016
SKU0162,2025-07-29,147,100.0,93.62074812399878
SKU0162,2025-08-05,122,120.0,110.26700795387012
SKU0162,2025-08-12,100,134.0,116.34832205187136
SKU0162,2025-08-19,118,139.0,104.42811979014074
SKU0162,2025-08-26,92,174.0,105.82477186341498
SKU0162,2025-09-02,118,156.0,97.67636663931336
SKU0163,2025-07-29,25,27.0,29.026956192203137
SKU0163,2025-08-05,30,20.0,26.18687960667759
SKU0163,2025-08-12,34,25.0,28.81015762120895
SKU0163,2025-08-19,26,16.0,27.01611030104017
SKU0163,2025-08-26,21,22.0,26.19405397478518
SKU0163,2025-09-02,19,23.0,25.171861847820406
SKU0164,2025-07-29,186,147.0,202.54265729219387
SKU0164,2025-08-05,198,142.0,192.27411654826926
SKU0164,2025-08-12,251,155.0,216.92231778989282
SKU0164,2025-08-19,178,151.0,194.48359537345038
SKU0164,2025-08-26,144,125.0,174.5833076406931
SKU0164,2025-09-02,156,100.0,163.00562415499084
SKU0165,2025-07-29,122,168.825,123.12631986447134
SKU0165,2025-08-05,122,167.6829268292683,122.64167485129916
SKU0165,2025-08-12,143,166.5952380952381,126.40966846258637
SKU0165,2025-08-19,123,166.04651162790697,122.43668520244444
SKU0165,2025-08-26,135,165.0681818181818,116.94269472572063
SKU0165,2025-09-02,129,164.4,123.46056357962894
SKU0166,2025-07-29,135,96.0,142.72305638752167
SKU0166,2025-08-05,110,80.0,125.72706060507623
SKU0166,2025-08-12,125,110.0,123.11854238911853
SKU0166,2025-08-19,110,120.0,118.82542959297568
SKU0166,2025-08-26,122,85.0,111.71864996800406
SKU0166,2025-09-02,121,105.0,116.576264604178
SKU0167,2025-07-29,236,164.0,214.5177725700507
SKU0167,2025-08-05,201,170.0,188.38377078269366
SKU0167,2025-08-12,195,164.0,215.06301946492883
SKU0167,2025-08-19,205,138.0,189.7725141992015
SKU0167,2025-08-26,200,135.0,191.00565104627896
SKU0167,2025-09-02,237,154.0,189.17969148001094
SKU0168,2025-07-29,74,75.0,81.68271944288112
SKU0168,2025-08-05,74,103.0,78.14614480089506
SKU0168,2025-08-12,83,80.0,73.72919558764339
SKU0168,2025-08-19,72,47.0,71.15930412559744
SKU0168,2025-08-26,84,109.0,69.88762504405821
SKU0168,2025-09-02,102,83.0,66.2034028512301
SKU0169,2025-07-29,63,61.0,74.76203654840924
SKU0169,2025-08-05,75,65.0,69.6730179051598
SKU0169,2025-08-12,56,71.0,72.1786982195892
SKU0169,2025-08-19,42,61.0,62.27066315249158
SKU0169,2025-08-26,41,64.0,57.41485474562124
SKU0169,2025-09-02,46,72.0,51.57614484885061
SKU0170,2025-07-29,38,33.0,46.57260012818505
SKU0170,2025-08-05,57,51.0,41.943710666371665
SKU0170,2025-08-12,50,52.0,44.87046003890705
SKU0170,2025-08-19,51,62.0,44.84117993833206
SKU0170,2025-08-26,33,43.0,43.18271002114253
SKU0170,2025-09-02,62,41.0,39.49536138850352
SKU0171,2025-07-29,25,18.0,26.328635108754987
SKU0171,2025-08-05,18,22.0,25.57641252283084
SKU0171,2025-08-12,26,23.0,21.81862618151803
SKU0171,2025-08-19,25,22.0,22.09432252130157
SKU0171,2025-08-26,17,18.0,22.359629453669392
SKU0171,2025-09-02,18,22.0,18.93576544283756
SKU0172,2025-07-29,59,88.0,81.22163794132948
SKU0172,2025-08-05,72,80.0,79.65029566794193
SKU0172,2025-08-12,104,72.0,75.00038610497943
SKU0172,2025-08-19,83,57.0,73.6506505589743
SKU0172,2025-08-26,86,85.0,69.3351603217617
SKU0172,2025-09-02,85,83.0,75.95255800676124
SKU0173,2025-07-29,98,83.0,96.91138466267813
SKU0173,2025-08-05,88,92.0,98.85106650415563
SKU0173,2025-08-12,87,88.0,96.58848641781829
SKU0173,2025-08-19,111,76.0,83.476552965996
SKU0173,2025-08-26,80,74.0,88.36945103011756
SKU0173,2025-09-02,84,109.0,83.44371629323963
SKU0174,2025-07-29,40,29.0,33.97470799295518
SKU0174,2025-08-05,36,38.0,34.44738752397365
SKU0174,2025-08-12,47,19.0,35.47687210318312
SKU0174,2025-08-19,35,30.0,34.52449299954921
SKU0174,2025-08-26,37,27.0,33.032023574405514
SKU0174,2025-09-02,39,27.0,34.366038418054515
SKU0175,2025-07-29,133,116.0,126.59259931798722
SKU0175,2025-08-05,141,102.0,126.803543853103
SKU0175,2025-08-12,140,135.0,135.43798720280242
SKU0175,2025-08-19,133,97.0,120.27187446714578
SKU0175,2025-08-26,134,100.0,131.8844893820791
SKU0175,2025-09-02,148,94.0,131.2321527249096
SKU0176,2025-07-29,73,84.0,70.07716042641671
SKU0176,2025-08-05,74,54.0,67.78097447797177
SKU0176,2025-08-12,52,50.0,64.47365619022976
SKU0176,2025-08-19,61,46.0,59.114836612162314
SKU0176,2025-08-26,52,72.0,56.834327870350236
SKU0176,2025-09-02,56,48.0,57.06766267556135
SKU0177,2025-07-29,38,65.88888888888889,39.16397986801337
SKU0177,2025-08-05,32,64.42105263157895,39.319389057402674
SKU0177,2025-08-12,40,62.8,35.65513155595269
SKU0177,2025-08-19,35,61.71428571428572,35.727599391131214
SKU0177,2025-08-26,31,60.5,34.31676710401287
SKU0177,2025-09-02,38,59.21739130434783,32.52450941851939
SKU0178,2025-07-29,71,65.0,85.63200416975104
SKU0178,2025-08-05,77,44.0,80.03170112775399
SKU0178,2025-08-12,77,60.0,83.22258897132697
SKU0178,2025-08-19,76,68.0,74.24388990248642
SKU0178,2025-08-26,62,52.0,71.67399475220151
SKU0178,2025-09-02,44,44.0,68.59737867304078
SKU0179,2025-07-29,24,27.0,25.48044488669483
SKU0179,2025-08-05,30,29.0,22.98600445273011
SKU0179,2025-08-12,27,36.0,26.71729155894458
SKU0179,2025-08-19,30,25.0,24.586520736303374
SKU0179,2025-08-26,26,27.0,22.847868031963444
SKU0179,2025-09-02,20,35.0,22.791264045643842
SKU0180,2025-07-29,54,55.0,40.145663438524906
SKU0180,2025-08-05,41,52.0,41.13904963401102
SKU0180,2025-08-12,60,48.0,42.5365865469
SKU0180,2025-08-19,52,25.0,42.77177945501367
SKU0180,2025-08-26,35,57.0,42.423856827249125
SKU0180,2025-09-02,42,49.0,40.16626962154738
SKU0181,2025-07-29,202,151.0,190.66310317157382
SKU0181,2025-08-05,190,183.0,193.42102116011037
SKU0181,2025-08-12,146,155.0,187.2160282973603
SKU0181,2025-08-19,157,120.0,162.34903013165484
SKU0181,2025-08-26,178,119.0,154.95232792266032
SKU0181,2025-09-02,160,63.0,148.721049462302
SKU0182,2025-07-29,138,97.0,103.2393511410471
SKU0182,2025-08-05,113,96.0,115.44529551248398
SKU0182,2025-08-12,113,104.0,114.34996179188852
SKU0182,2025-08-19,97,104.0,104.07955425038006
SKU0182,2025-08-26,110,96.0,103.8705730986276
SKU0182,2025-09-02,81,97.0,100.80830664233397
SKU0183,2025-07-29,167,148.0,178.6566186035752
SKU0183,2025-08-05,188,125.0,164.34539010004576
SKU0183,2025-08-12,165,106.0,199.87146093809343
SKU0183,2025-08-19,127,119.0,168.23800977413148
SKU0183,2025-08-26,117,140.0,141.06784145767895
SKU0183,2025-09-02,135,102.0,139.53286344477
SKU0184,2025-07-29,70,64.0,72.71322159486638
SKU0184,2025-08-05,67,24.0,67.42882409882142
SKU0184,2025-08-12,57,67.0,68.31400900970222
SKU0184,2025-08-19,72,50.0,61.95838399949163
SKU0184,2025-08-26,66,48.0,62.59058962636795
SKU0184,2025-09-02,65,50.0,62.78073947889935
SKU0185,2025-07-29,114,136.0,122.35331200895784
SKU0185,2025-08-05,114,152.0,110.20800192715923
SKU0185,2025-08-12,132,131.0,121.82979842302142
SKU0185,2025-08-19,100,132.0,117.69395794760243
SKU0185,2025-08-26,101,105.0,108.73635184444791
SKU0185,2025-09-02,123,165.0,103.40101440017465
SKU0186,2025-07-29,31,19.0,28.089012357924528
SKU0186,2025-08-05,29,18.0,29.319923807061958
SKU0186,2025-08-12,27,27.0,29.964803561236945
SKU0186,2025-08-19,27,20.0,26.752347069782534
SKU0186,2025-08-26,27,20.0,26.46307140682637
SKU0186,2025-09-02,27,23.0,26.398222140878953
SKU0187,2025-07-29,54,51.0,48.99356553653142
SKU0187,2025-08-05,55,43.0,46.16718353290832
SKU0187,2025-08-12,55,38.0,49.16837420211322
SKU0187,2025-08-19,40,51.0,47.119906059936014
SKU0187,2025-08-26,43,40.0,44.582347379770646
SKU0187,2025-09-02,53,47.0,43.79344312306723
SKU0188,2025-07-29,142,131.0,156.33245178464367
SKU0188,2025-08-05,175,157.0,140.6426961347818
SKU0188,2025-08-12,179,175.0,156.5025333483727
SKU0188,2025-08-19,157,128.0,145.92637920472896
SKU0188,2025-08-26,163,170.0,143.12972107800383
SKU0188,2025-09-02,155,136.0,144.86226079652033
SKU0189,2025-07-29,167,209.2,153.5851953857464
SKU0189,2025-08-05,161,208.17073170731703,158.12324409020624
SKU0189,2025-08-12,193,207.04761904761904,153.68153723802376
SKU0189,2025-08-19,126,206.72093023255812,157.96384984317888
SKU0189,2025-08-26,128,204.88636363636363,154.29405871226464
SKU0189,2025-09-02,119,203.17777777777775,139.07027926442186
SKU0190,2025-07-29,161,118.0,141.12185441265933
SKU0190,2025-08-05,161,105.0,137.9765503871117
SKU0190,2025-08-12,149,176.0,154.70942072970306
SKU0190,2025-08-19,153,160.0,137.03823864743745
SKU0190,2025-08-26,125,125.0,137.09914592692246
SKU0190,2025-09-02,147,104.0,133.75580248587568
SKU0191,2025-07-29,68,70.0,74.83671578695161
SKU0191,2025-08-05,42,61.0,68.48804289968083
SKU0191,2025-08-12,39,87.0,63.79158657839623
SKU0191,2025-08-19,79,43.0,51.60646977091866
SKU0191,2025-08-26,41,53.0,54.17538008583846
SKU0191,2025-09-02,78,42.0,52.03259270728733
SKU0192,2025-07-29,19,11.0,15.295598315887906
SKU0192,2025-08-05,16,10.0,15.420121102328899
SKU0192,2025-08-12,14,18.0,16.18295550977722
SKU0192,2025-08-19,5,14.0,14.363700503059027
SKU0192,2025-08-26,12,18.0,12.193275042114795
SKU0192,2025-09-02,16,6.0,12.06248367281733
SKU0193,2025-07-29,75,76.0,71.42408233734803
SKU0193,2025-08-05,74,75.0,72.6988148850027
SKU0193,2025-08-12,54,93.0,72.70243212203151
SKU0193,2025-08-19,80,71.0,60.80337707399299
SKU0193,2025-08-26,66,70.0,65.60193582726612
SKU0193,2025-09-02,59,83.0,65.37947332586512
SKU0194,2025-07-29,90,110.0,88.88574662492393
SKU0194,2025-08-05,86,106.0,82.57318974921374
SKU0194,2025-08-12,89,85.0,85.20849315159374
SKU0194,2025-08-19,101,106.0,82.730624083687
SKU0194,2025-08-26,85,114.0,87.47912487054334
SKU0194,2025-09-02,92,122.0,83.0057713189009
SKU0195,2025-07-29,22,15.0,21.316648875430673
SKU0195,2025-08-05,21,21.0,20.4815250306903
SKU0195,2025-08-12,23,18.0,22.066227337396995
SKU0195,2025-08-19,24,14.0,19.66096535393329
SKU0195,2025-08-26,19,15.0,19.366591424085588
SKU0195,2025-09-02,21,16.0,19.546996041145707
SKU0196,2025-07-29,193,143.0,173.71333810453913
SKU0196,2025-08-05,204,147.0,174.69386401107818
SKU0196,2025-08-12,145,115.0,190.90022713928505
SKU0196,2025-08-19,192,104.0,166.81971795388748
SKU0196,2025-08-26,132,131.0,164.62643225282642
SKU0196,2025-09-02,118,106.0,152.74545337201891
SKU0197,2025-07-29,116,133.0,114.30321334280805
SKU0197,2025-08-05,121,119.0,116.62948878780027
SKU0197,2025-08-12,137,105.0,124.54115349976018
SKU0197,2025-08-19,83,75.0,118.24928935652241
SKU0197,2025-08-26,84,89.0,104.58037256089813
SKU0197,2025-09-02,88,76.0,96.26534756782215
SKU0198,2025-07-29,94,209.94444444444449,123.03735564961933
SKU0198,2025-08-05,69,203.8421052631579,114.41565176900662
SKU0198,2025-08-12,85,197.1,112.60282579056546
SKU0198,2025-08-19,89,191.7619047619048,96.32160577374559
SKU0198,2025-08-26,99,187.0909090909091,87.67102464458105
SKU0198,2025-09-02,73,183.2608695652174,90.02274674667567
SKU0199,2025-07-29,66,69.0,81.89885095859869
SKU0199,2025-08-05,74,83.0,78.90698482802296
SKU0199,2025-08-12,71,55.0,77.95522085868082
SKU0199,2025-08-19,68,47.0,71.70402894230381
SKU0199,2025-08-26,51,75.0,69.8530672361377
SKU0199,2025-09-02,65,73.0,60.455185620152086
SKU0200,2025-07-29,23,46.0,29.115779968519902
SKU0200,2025-08-05,41,45.4390243902439,26.29218549455793
SKU0200,2025-08-12,30,45.333333333333336,33.59162937365152
SKU0200,2025-08-19,22,44.97674418604651,27.59249129903792
SKU0200,2025-08-26,27,44.45454545454545,24.72182006012567
SKU0200,2025-09-02,12,44.06666666666667,26.341671143211954
SKU0001,2025-09-02,58,49.0,55.43795445211793
SKU0001,2025-09-09,36,64.0,54.70555732276087
SKU0001,2025-09-16,45,44.0,47.58291549935993
SKU0001,2025-09-23,44,43.0,46.891471313972154
SKU0001,2025-09-30,54,55.0,52.20797847223644
SKU0001,2025-10-07,52,52.0,46.36135754656333
SKU0002,2025-09-02,54,56.0,74.91848124560268
SKU0002,2025-09-09,58,48.0,69.54106118370875
SKU0002,2025-09-16,73,65.0,67.89924820841838
SKU0002,2025-09-23,65,67.0,66.40811008549585
SKU0002,2025-09-30,54,61.0,73.36725708976003
SKU0002,2025-10-07,70,61.0,62.76105075665067
SKU0003,2025-09-02,15,23.0,20.195063220669773
SKU0003,2025-09-09,10,19.0,19.08820143159449
SKU0003,2025-09-16,15,34.0,16.585605108598745
SKU0003,2025-09-23,19,26.0,17.31013898413774
SKU0003,2025-09-30,18,27.0,20.045534263542677
SKU0003,2025-10-07,18,23.0,16.284974736276496
SKU0004,2025-09-02,202,158.0,168.93815859213498
SKU0004,2025-09-09,160,127.0,173.19304007596526
SKU0004,2025-09-16,153,122.0,170.88712165347897
SKU0004,2025-09-23,180,179.0,157.79268091780912
SKU0004,2025-09-30,209,166.0,186.9199003897218
SKU0004,2025-10-07,170,108.0,180.93625625165595
SKU0005,2025-09-02,113,93.0,136.12248478050037
SKU0005,2025-09-09,147,77.0,122.65924078641105
SKU0005,2025-09-16,126,86.0,131.20167162985814
SKU0005,2025-09-23,130,103.0,130.48015975226977
SKU0005,2025-09-30,143,94.0,138.61141967250106
SKU0005,2025-10-07,123,97.0,129.81286513911135
SKU0006,2025-09-02,147,99.0,103.34374292845197
SKU0006,2025-09-09,68,98.0,112.98922372170533
SKU0006,2025-09-16,65,102.0,95.8835664485803
SKU0006,2025-09-23,87,65.0,95.06543963778702
SKU0006,2025-09-30,77,88.0,103.85484302341797
SKU0006,2025-10-07,104,124.0,87.1192022411475
SKU0007,2025-09-02,57,39.0,46.859181679754485
SKU0007,2025-09-09,37,35.0,48.69858106898178
SKU0007,2025-09-16,43,39.0,45.49159114182718
SKU0007,2025-09-23,39,25.0,44.84903734968599
SKU0007,2025-09-30,55,55.0,49.456394395163656
SKU0007,2025-10-07,44,34.0,45.58201810511258
SKU0008,2025-09-02,94,145.43478260869566,103.99685940499226
SKU0008,2025-09-09,110,143.29166666666666,101.51760259778425
SKU0008,2025-09-16,78,141.96,97.42723678836222
SKU0008,2025-09-23,81,139.5,99.59103848853063
SKU0008,2025-09-30,88,137.33333333333334,93.39114340078403
SKU0008,2025-10-07,82,135.57142857142858,93.17588380750433
SKU0009,2025-09-02,41,65.0,55.21839886858205
SKU0009,2025-09-09,53,50.0,51.43085157502898
SKU0009,2025-09-16,57,55.0,48.07637534712246
SKU0009,2025-09-23,51,61.0,49.4230525017847
SKU0009,2025-09-30,52,49.0,56.03733673124168
SKU0009,2025-10-07,50,45.0,51.538627849903214
SKU0010,2025-09-02,42,38.0,43.423044523542515
SKU0010,2025-09-09,47,33.0,42.34720071581219
SKU0010,2025-09-16,39,34.0,42.497265550243974
SKU0010,2025-09-23,42,46.0,43.123994401003564
SKU0010,2025-09-30,50,34.0,46.39283118514611
SKU0010,2025-10-07,45,36.0,41.22375595276222
SKU0011,2025-09-02,51,47.0,45.52699369896484
SKU0011,2025-09-09,49,39.0,45.946419078893555
SKU0011,2025-09-16,59,52.0,43.86791688639059
SKU0011,2025-09-23,43,56.0,46.10700272992945
SKU0011,2025-09-30,55,56.0,52.94701647095139
SKU0011,2025-10-07,51,38.0,46.83943999460818
SKU0012,2025-09-02,91,72.0,59.199789166326525
SKU0012,2025-09-09,69,82.0,67.20039178859243
SKU0012,2025-09-16,49,109.0,65.18772777099446
SKU0012,2025-09-23,53,77.0,62.5512032360803
SKU0012,2025-09-30,64,78.0,70.19023257774397
SKU0012,2025-10-07,65,70.0,62.31329512054691
SKU0013,2025-09-02,43,25.0,32.53594755639249
SKU0013,2025-09-09,37,39.0,38.07762043618274
SKU0013,2025-09-16,22,41.0,35.8866915454609
SKU0013,2025-09-23,32,30.0,30.166927311874655
SKU0013,2025-09-30,43,38.0,37.52077781957468
SKU0013,2025-10-07,43,35.0,37.09101525628731
SKU0014,2025-09-02,56,82.0,57.44437290408107
SKU0014,2025-09-09,61,68.0,56.90445512008855
SKU0014,2025-09-16,50,60.0,58.35430057935542
SKU0014,2025-09-23,65,68.0,54.117484858964495
SKU0014,2025-09-30,50,44.0,65.35364238391801
SKU0014,2025-10-07,63,71.0,56.8101763122777
SKU0015,2025-09-02,121,77.0,131.96422628287672
SKU0015,2025-09-09,111,122.0,130.46026952677525
SKU0015,2025-09-16,103,127.0,113.8815070198741
SKU0015,2025-09-23,158,100.0,114.15114029642926
SKU0015,2025-09-30,140,137.0,137.50811556859813
SKU0015,2025-10-07,134,90.0,139.46956765949312
SKU0017,2025-09-02,171,168.0,157.013169235623
SKU0017,2025-09-09,197,158.0,153.5483277653526
SKU0017,2025-09-16,213,171.0,165.58018018086125
SKU0017,2025-09-23,183,170.0,186.41201736397232
SKU0017,2025-09-30,203,195.0,189.09973549489493
SKU0017,2025-10-07,181,173.0,183.55875043536466
SKU0018,2025-09-02,165,108.0,122.36481730180029
SKU0018,2025-09-09,145,105.0,131.42213125084186
SKU0018,2025-09-16,135,102.0,125.92404096969575
SKU0018,2025-09-23,131,128.0,128.88760240894257
SKU0018,2025-09-30,149,102.0,146.68453997174188
SKU0018,2025-10-07,129,82.0,141.2823678876728
SKU0019,2025-09-02,70,90.0,81.10507785931347
SKU0019,2025-09-09,60,65.0,79.19857657799061
SKU0019,2025-09-16,63,71.0,68.95641224110707
SKU0019,2025-09-23,78,86.0,70.67704342619714
SKU0019,2025-09-30,62,79.0,75.61571097789894
SKU0019,2025-10-07,75,57.0,67.31301429348562
SKU0020,2025-09-02,142,96.0,126.92135930396735
SKU0020,2025-09-09,138,88.0,130.87135222464718
SKU0020,2025-09-16,150,98.0,130.21798454531256
SKU0020,2025-09-23,133,134.0,144.05887326817694
SKU0020,2025-09-30,145,123.0,141.45493040603205
SKU0020,2025-10-07,158,91.0,126.90515210542905
SKU0021,2025-09-02,53,50.0,50.9238771785718
SKU0021,2025-09-09,65,69.0,51.094704291714564
SKU0021,2025-09-16,58,58.0,53.405081900307934
SKU0021,2025-09-23,45,61.0,50.03248392001206
SKU0021,2025-09-30,53,72.0,57.356924503234204
SKU0021,2025-10-07,41,54.0,48.779390703898414
SKU0022,2025-09-02,33,45.0,35.314194815544575
SKU0022,2025-09-09,50,38.0,33.737464666904096
SKU0022,2025-09-16,43,36.0,38.478931057474114
SKU0022,2025-09-23,52,35.0,40.00893706372168
SKU0022,2025-09-30,54,47.0,41.73044299090765
SKU0022,2025-10-07,46,40.0,39.27986904322496
SKU0023,2025-09-02,138,183.82222222222225,138.82153709809964
SKU0023,2025-09-09,124,182.82608695652172,142.57942279035285
SKU0023,2025-09-16,135,181.5744680851064,130.486949171718
SKU0023,2025-09-23,151,180.60416666666663,135.07015481132967
SKU0023,2025-09-30,147,180.0,140.0144598335441
SKU0023,2025-10-07,125,179.34,136.71747495879
SKU0024,2025-09-02,104,64.0,89.65544256096162
SKU0024,2025-09-09,87,57.0,93.35061970398668
SKU0024,2025-09-16,75,51.0,86.45465103446138
SKU0024,2025-09-23,95,69.0,85.90708132356689
SKU0024,2025-09-30,87,82.0,92.95072319307957
SKU0024,2025-10-07,92,66.0,88.54677499073145
SKU0025,2025-09-02,28,26.0,25.487702418015225
SKU0025,2025-09-09,29,35.0,26.646346510856798
SKU0025,2025-09-16,18,30.0,25.813408643673384
SKU0025,2025-09-23,21,23.0,23.848785455557664
SKU0025,2025-09-30,23,37.0,27.236807125699993
SKU0025,2025-10-07,21,29.0,22.723065113308586
SKU0026,2025-09-02,100,81.0,100.4625243494711
SKU0026,2025-09-09,79,55.0,96.29357005218706
SKU0026,2025-09-16,73,70.0,86.59947174168735
SKU0026,2025-09-23,76,55.0,84.59095675724971
SKU0026,2025-09-30,93,86.0,88.9177336419463
SKU0026,2025-10-07,96,61.0,80.68857995146789
SKU0027,2025-09-02,113,157.26666666666668,94.79563827199101
SKU0027,2025-09-09,117,156.30434782608697,96.21086927697365
SKU0027,2025-09-16,116,155.46808510638297,99.35543166185606
SKU0027,2025-09-23,107,154.64583333333334,102.03956628573874
SKU0027,2025-09-30,118,153.6734693877551,118.95833020277331
SKU0027,2025-10-07,100,152.96,106.56954019790184
SKU0028,2025-09-02,85,61.0,80.29692478391362
SKU0028,2025-09-09,92,85.0,79.34124017584615
SKU0028,2025-09-16,78,78.0,79.97650484635088
SKU0028,2025-09-23,97,67.0,77.07548177030498
SKU0028,2025-09-30,61,72.0,84.72274452189234
SKU0028,2025-10-07,77,71.0,78.56160573385007
SKU0029,2025-09-02,90,98.0,95.92967693271949
SKU0029,2025-09-09,88,71.0,94.58923724352168
SKU0029,2025-09-16,95,85.0,87.2129767949178
SKU0029,2025-09-23,81,67.0,85.44912469646152
SKU0029,2025-09-30,112,82.0,91.491017610759
SKU0029,2025-10-07,82,72.0,92.57944591670493
SKU0030,2025-09-02,43,35.0,31.433760477870383
SKU0030,2025-09-09,31,34.0,36.57162851813519
SKU0030,2025-09-16,41,35.0,32.63594285064023
SKU0030,2025-09-23,34,28.0,36.13059411133281
SKU0030,2025-09-30,27,33.0,37.71111266805695
SKU0030,2025-10-07,25,29.0,29.817854887410043
SKU0031,2025-09-02,76,65.0,59.50456876442009
SKU0031,2025-09-09,66,63.0,61.92740328074518
SKU0031,2025-09-16,61,48.0,60.69829056604799
SKU0031,2025-09-23,65,61.0,57.97471079482713
SKU0031,2025-09-30,75,65.0,68.7720503937134
SKU0031,2025-10-07,63,50.0,65.06862540602953
SKU0032,2025-09-02,135,117.0,127.64850345143088
SKU0032,2025-09-09,146,119.0,124.23133323001856
SKU0032,2025-09-16,130,109.0,128.17738409662016
SKU0032,2025-09-23,124,93.0,126.90764921483228
SKU0032,2025-09-30,145,115.0,141.5673928525308
SKU0032,2025-10-07,129,104.0,135.41320788618265
SKU0033,2025-09-02,28,17.0,20.35147737077866
SKU0033,2025-09-09,22,15.0,22.725290947300618
SKU0033,2025-09-16,24,13.0,21.630938280257922
SKU0033,2025-09-23,21,16.0,21.66593986450363
SKU0033,2025-09-30,26,18.0,23.16078447077716
SKU0033,2025-10-07,24,15.0,22.669327175820957
SKU0034,2025-09-02,91,131.11111111111111,67.71355646088374
SKU0034,2025-09-09,38,130.2391304347826,73.81162021946484
SKU0034,2025-09-16,87,128.27659574468086,67.37780920918401
SKU0034,2025-09-23,54,127.41666666666669,70.42199147928663
SKU0034,2025-09-30,53,125.91836734693878,73.41679196607394
SKU0034,2025-10-07,71,124.46,56.26088703273651
SKU0035,2025-09-02,46,34.0,35.55607925488583
SKU0035,2025-09-09,44,33.0,38.99885018022854
SKU0035,2025-09-16,39,28.0,39.33046246683787
SKU0035,2025-09-23,40,39.0,37.27500690033105
SKU0035,2025-09-30,50,46.0,41.49384744502679
SKU0035,2025-10-07,32,44.0,40.48301820575941
SKU0036,2025-09-02,85,104.0,111.15432045614013
SKU0036,2025-09-09,118,93.0,105.67695493986633
SKU0036,2025-09-16,102,65.0,106.32459458797415
SKU0036,2025-09-23,120,70.0,106.3071946806673
SKU0036,2025-09-30,101,94.0,116.27911486543198
SKU0036,2025-10-07,125,89.0,106.07242278254195
SKU0037,2025-09-02,46,30.0,31.22527721813625
SKU0037,2025-09-09,40,30.0,36.08081395633129
SKU0037,2025-09-16,22,22.0,35.637376023460696
SKU0037,2025-09-23,19,27.0,31.245779277301434
SKU0037,2025-09-30,28,18.0,30.611656303410687
SKU0037,2025-10-07,31,16.0,29.56591498858533
SKU0038,2025-09-02,138,97.0,135.7976444512183
SKU0038,2025-09-09,122,115.0,132.8759220508988
SKU0038,2025-09-16,125,71.0,123.80052625369265
SKU0038,2025-09-23,101,100.0,126.09997455620736
SKU0038,2025-09-30,152,132.0,133.04760658595623
SKU0038,2025-10-07,130,70.0,130.9215034025522
SKU0039,2025-09-02,137,142.0,162.78711660856263
SKU0039,2025-09-09,143,171.0,145.89024699183284
SKU0039,2025-09-16,162,107.0,141.11229229219833
SKU0039,2025-09-23,121,113.0,150.65126494206734
SKU0039,2025-09-30,164,175.0,148.08436761170466
SKU0039,2025-10-07,140,123.0,148.75465049896505
SKU0040,2025-09-02,13,24.17391304347826,15.639732931400605
SKU0040,2025-09-09,19,23.70833333333333,15.10356068211041
SKU0040,2025-09-16,17,23.52,15.970254978307556
SKU0040,2025-09-23,17,23.26923076923077,15.703531398169414
SKU0040,2025-09-30,18,23.03703703703704,17.43512972000671
SKU0040,2025-10-07,18,22.857142857142858,15.16480761707541
SKU0041,2025-09-02,61,58.0,68.77004825682332
SKU0041,2025-09-09,74,36.0,64.00745582740959
SKU0041,2025-09-16,65,39.0,66.6045324397183
SKU0041,2025-09-23,51,31.0,64.84191454436571
SKU0041,2025-09-30,71,57.0,66.80024270850294
SKU0041,2025-10-07,68,46.0,66.43402588548885
SKU0042,2025-09-02,39,34.0,34.04079013319026
SKU0042,2025-09-09,33,30.0,36.24598996280918
SKU0042,2025-09-16,27,31.0,34.051430451020074
SKU0042,2025-09-23,45,35.0,32.37106774798158
SKU0042,2025-09-30,37,30.0,40.32896890295596
SKU0042,2025-10-07,40,29.0,35.56237412199125
SKU0043,2025-09-02,40,69.0,65.18016998445485
SKU0043,2025-09-09,72,55.0,60.59987279730544
SKU0043,2025-09-16,76,67.0,61.565249252197624
SKU0043,2025-09-23,74,63.0,63.87967361170329
SKU0043,2025-09-30,76,63.0,72.21711813971474
SKU0043,2025-10-07,75,61.0,65.97436747446307
SKU0044,2025-09-02,144,122.0,167.21351645534077
SKU0044,2025-09-09,163,126.0,145.89872354831587
SKU0044,2025-09-16,174,115.0,158.44259821482297
SKU0044,2025-09-23,174,117.0,170.46066939856266
SKU0044,2025-09-30,136,143.0,181.61174084128132
SKU0044,2025-10-07,155,103.0,149.83227444949932
SKU0045,2025-09-02,29,53.422222222222224,35.08306381361624
SKU0045,2025-09-09,28,52.891304347826086,29.538967274484577
SKU0045,2025-09-16,23,52.361702127659576,29.40438495764457
SKU0045,2025-09-23,13,51.75,27.88729381844854
SKU0045,2025-09-30,24,50.95918367346939,26.254401691662988
SKU0045,2025-10-07,19,50.42,24.98351816004364
SKU0046,2025-09-02,60,58.0,61.588168005381725
SKU0046,2025-09-09,70,61.0,60.17036770871389
SKU0046,2025-09-16,68,59.0,61.600895649009054
SKU0046,2025-09-23,46,64.0,65.56194887524535
SKU0046,2025-09-30,65,75.0,67.52968381128375
SKU0046,2025-10-07,83,64.0,63.432830980536686
SKU0047,2025-09-02,71,73.0,71.26606792178627
SKU0047,2025-09-09,102,111.0,69.55437996552946
SKU0047,2025-09-16,74,79.0,71.16041784941048
SKU0047,2025-09-23,54,99.0,71.550167030352
SKU0047,2025-09-30,97,68.0,73.15820394842247
SKU0047,2025-10-07,99,87.0,72.03942709018004
SKU0048,2025-09-02,63,79.0,86.97467180355139
SKU0048,2025-09-09,82,41.0,78.72310353855943
SKU0048,2025-09-16,83,67.0,73.76693358919076
SKU0048,2025-09-23,77,57.0,76.91679139535628
SKU0048,2025-09-30,81,49.0,79.04441077352041
SKU0048,2025-10-07,78,62.0,76.32816492101377
SKU0049,2025-09-02,94,97.0,89.98388653365262
SKU0049,2025-09-09,96,76.0,87.55794211501421
SKU0049,2025-09-16,90,67.0,94.05115305850552
SKU0049,2025-09-23,101,95.0,88.15604013704775
SKU0049,2025-09-30,103,77.0,100.11512678414502
SKU0049,2025-10-07,74,86.0,96.13734747661381
SKU0050,2025-09-02,79,118.0,90.23726938780453
SKU0050,2025-09-09,103,101.0,83.35690657725317
SKU0050,2025-09-16,82,75.0,85.56416912935147
SKU0050,2025-09-23,109,70.0,81.47907400456442
SKU0050,2025-09-30,88,121.0,96.28194290879047
SKU0050,2025-10-07,70,66.0,87.67241058120582
SKU0051,2025-09-02,39,92.08888888888887,50.06825836851323
SKU0051,2025-09-09,60,90.93478260869566,46.388940442768074
SKU0051,2025-09-16,37,90.27659574468083,46.036163555880364
SKU0051,2025-09-23,47,89.16666666666667,46.37805792309563
SKU0051,2025-09-30,33,88.3061224489796,52.99697516510477
SKU0051,2025-10-07,56,87.2,41.51973580264649
SKU0052,2025-09-02,99,101.0,110.17216715740206
SKU0052,2025-09-09,90,83.0,104.51222156353981
SKU0052,2025-09-16,108,89.0,99.95140302374381
SKU0052,2025-09-23,100,95.0,100.85120793264305
SKU0052,2025-09-30,81,91.0,105.40935717415935
SKU0052,2025-10-07,84,78.0,94.44047591488204
SKU0053,2025-09-02,70,60.0,80.51645861611584
SKU0053,2025-09-09,87,76.0,76.77619700425453
SKU0053,2025-09-16,72,69.0,76.03331819245305
SKU0053,2025-09-23,73,70.0,73.33454305819656
SKU0053,2025-09-30,94,76.0,79.31690575201982
SKU0053,2025-10-07,78,83.0,77.68303914929308
SKU0054,2025-09-02,58,123.0,130.4386392362586
SKU0054,2025-09-09,162,86.0,121.59169237188314
SKU0054,2025-09-16,92,60.0,125.40877452472103
SKU0054,2025-09-23,95,66.0,119.65610206499579
SKU0054,2025-09-30,88,76.0,124.56924819293064
SKU0054,2025-10-07,106,99.0,119.52750784134244
SKU0055,2025-09-02,16,14.0,21.7985687473532
SKU0055,2025-09-09,11,22.0,17.706813973504854
SKU0055,2025-09-16,24,16.0,17.45106102063451
SKU0055,2025-09-23,12,11.0,18.781955629245584
SKU0055,2025-09-30,20,24.0,19.24784770268014
SKU0055,2025-10-07,24,16.0,18.831157448350847
SKU0056,2025-09-02,25,18.0,25.533986805247864
SKU0056,2025-09-09,26,17.0,24.78745343142398
SKU0056,2025-09-16,20,21.0,26.38512864999056
SKU0056,2025-09-23,29,22.0,25.11383732823585
SKU0056,2025-09-30,29,23.0,28.9311027337511
SKU0056,2025-10-07,21,18.0,26.58630135184936
SKU0057,2025-09-02,138,128.0,135.03459035845665
SKU0057,2025-09-09,171,108.0,137.04342530455168
SKU0057,2025-09-16,168,120.0,148.22056249639868
SKU0057,2025-09-23,140,73.0,157.71511591226056
SKU0057,2025-09-30,177,126.0,146.76944962262266
SKU0057,2025-10-07,122,121.0,150.71188775881558
SKU0058,2025-09-02,126,121.0,132.37245522787353
SKU0058,2025-09-09,136,104.0,130.99882728670624
SKU0058,2025-09-16,147,68.0,127.03029457148551
SKU0058,2025-09-23,137,106.0,136.1561217200484
SKU0058,2025-09-30,116,69.0,144.47165860960877
SKU0058,2025-10-07,154,99.0,130.57634323633548
SKU0059,2025-09-02,129,183.7333333333333,132.26029028474522
SKU0059,2025-09-09,148,182.5434782608696,131.24613794642403
SKU0059,2025-09-16,102,181.80851063829783,127.55037008594815
SKU0059,2025-09-23,131,180.14583333333331,133.6203050386615
SKU0059,2025-09-30,129,179.14285714285714,132.32912074691612
SKU0059,2025-10-07,154,178.14,130.02813037174647
SKU0060,2025-09-02,89,81.0,83.33893408826079
SKU0060,2025-09-09,75,67.0,83.04466439287333
SKU0060,2025-09-16,89,69.0,75.73417898851024
SKU0060,2025-09-23,93,72.0,76.97407474618876
SKU0060,2025-09-30,94,67.0,87.51611886980658
SKU0060,2025-10-07,99,55.0,81.42539010198426
SKU0061,2025-09-02,56,82.17391304347827,43.65915340753973
SKU0061,2025-09-09,47,81.08333333333333,46.197058369448534
SKU0061,2025-09-16,37,79.72,45.20946958179591
SKU0061,2025-09-23,34,78.07692307692308,41.38800955270374
SKU0061,2025-09-30,55,76.44444444444444,43.83426979904198
SKU0061,2025-10-07,33,75.67857142857143,42.134697356772115
SKU0062,2025-09-02,48,91.0,114.70600416519194
SKU0062,2025-09-09,106,152.0,89.1751721095683
SKU0062,2025-09-16,96,84.0,100.60620862990027
SKU0062,2025-09-23,118,128.0,105.15355349830422
SKU0062,2025-09-30,155,130.0,118.23275574527557
SKU0062,2025-10-07,121,92.0,107.66459995848548
SKU0063,2025-09-02,51,56.0,64.87130299506387
SKU0063,2025-09-09,73,78.0,62.95295649128683
SKU0063,2025-09-16,87,44.0,64.46923720753571
SKU0063,2025-09-23,56,80.0,68.21683661425479
SKU0063,2025-09-30,79,53.0,69.71168838261718
SKU0063,2025-10-07,47,76.0,65.51003115392304
SKU0064,2025-09-02,111,106.0,121.79681125413626
SKU0064,2025-09-09,106,140.0,115.97125782648956
SKU0064,2025-09-16,115,83.0,111.23401310777083
SKU0064,2025-09-23,96,109.0,117.90089816488678
SKU0064,2025-09-30,106,112.0,125.72633852288978
SKU0064,2025-10-07,115,138.0,114.24502127248293
SKU0065,2025-09-02,119,132.0,125.6627726819631
SKU0065,2025-09-09,96,140.0,119.09259167793763
SKU0065,2025-09-16,102,114.0,107.98740056167546
SKU0065,2025-09-23,79,96.0,114.44768242289646
SKU0065,2025-09-30,138,138.0,115.51446244942632
SKU0065,2025-10-07,95,147.0,120.52776871667326
SKU0066,2025-09-02,10,8.0,12.003104147288383
SKU0066,2025-09-09,11,8.0,12.039173364782183
SKU0066,2025-09-16,11,13.0,11.995199506641015
SKU0066,2025-09-23,15,9.0,12.086807940812275
SKU0066,2025-09-30,11,11.0,13.864903823224092
SKU0066,2025-10-07,13,9.0,12.086807940812275
SKU0067,2025-09-02,118,104.0,111.24924591226286
SKU0067,2025-09-09,124,113.0,111.58152802125964
SKU0067,2025-09-16,142,98.0,107.62811118413809
SKU0067,2025-09-23,90,118.0,126.23102247472694
SKU0067,2025-09-30,110,133.0,127.43307448845177
SKU0067,2025-10-07,106,117.0,112.00627211016014
SKU0068,2025-09-02,145,125.0,127.77368278665739
SKU0068,2025-09-09,115,108.0,129.15360074970016
SKU0068,2025-09-16,126,124.0,123.90668172990448
SKU0068,2025-09-23,134,109.0,125.50177412631231
SKU0068,2025-09-30,148,109.0,137.39105133661994
SKU0068,2025-10-07,143,125.0,134.23901308136956
SKU0069,2025-09-02,144,123.0,142.31014746333094
SKU0069,2025-09-09,153,108.0,141.2645545640612
SKU0069,2025-09-16,132,146.0,139.90762550819628
SKU0069,2025-09-23,158,108.0,134.35470673091513
SKU0069,2025-09-30,99,100.0,153.72772874217617
SKU0069,2025-10-07,131,136.0,138.65237501700355
SKU0070,2025-09-02,156,92.0,140.07791258692242
SKU0070,2025-09-09,99,160.0,146.74213529289744
SKU0070,2025-09-16,141,102.0,135.62328781871915
SKU0070,2025-09-23,124,120.0,141.30335261362876
SKU0070,2025-09-30,153,138.0,147.07779048257703
SKU0070,2025-10-07,136,141.0,143.12281153772605
SKU0071,2025-09-02,54,39.0,43.89802682619765
SKU0071,2025-09-09,48,43.0,45.22071231388127
SKU0071,2025-09-16,53,40.0,46.161215817758425
SKU0071,2025-09-23,54,46.0,47.30998420374119
SKU0071,2025-09-30,63,49.0,54.01924128570152
SKU0071,2025-10-07,52,46.0,51.21576667810652
SKU0072,2025-09-02,70,141.30434782608697,71.65805263436418
SKU0072,2025-09-09,31,138.33333333333334,72.94955349609738
SKU0072,2025-09-16,79,134.04,58.43013042570418
SKU0072,2025-09-23,71,131.92307692307693,61.854270724920376
SKU0072,2025-09-30,46,129.66666666666666,72.1903344890494
SKU0072,2025-10-07,74,126.67857142857144,55.952792048557015
SKU0073,2025-09-02,191,162.0,201.08057460030372
SKU0073,2025-09-09,189,183.0,190.7958729034322
SKU0073,2025-09-16,197,142.0,190.38651247049484
SKU0073,2025-09-23,170,167.0,192.21442176298416
SKU0073,2025-09-30,227,128.0,189.22774549596662
SKU0073,2025-10-07,173,168.0,180.6782034564316
SKU0074,2025-09-02,92,83.0,108.34166895105783
SKU0074,2025-09-09,103,87.0,99.80320030830467
SKU0074,2025-09-16,115,104.0,92.345228703486
SKU0074,2025-09-23,78,81.0,98.05579972967601
SKU0074,2025-09-30,92,88.0,101.50796981443429
SKU0074,2025-10-07,118,85.0,96.23915201249352
SKU0075,2025-09-02,91,152.13333333333333,101.97237109414752
SKU0075,2025-09-09,89,150.80434782608697,92.39731930678629
SKU0075,2025-09-16,69,149.48936170212767,89.0360538318122
SKU0075,2025-09-23,85,147.8125,83.51116175450439
SKU0075,2025-09-30,89,146.53061224489795,87.61866429496294
SKU0075,2025-10-07,62,145.38,85.13569948365142
SKU0076,2025-09-02,107,90.0,125.03822753557074
SKU0076,2025-09-09,117,112.0,119.9718890867746
SKU0076,2025-09-16,91,92.0,116.31305839435672
SKU0076,2025-09-23,87,97.0,109.9912826220545
SKU0076,2025-09-30,96,82.0,114.9159927457365
SKU0076,2025-10-07,131,83.0,106.99950224610203
SKU0077,2025-09-02,91,90.0,99.5082252227069
SKU0077,2025-09-09,75,82.0,97.08583744537701
SKU0077,2025-09-16,104,82.0,86.5502795550878
SKU0077,2025-09-23,80,54.0,89.92905622643995
SKU0077,2025-09-30,116,84.0,93.58867334383041
SKU0077,2025-10-07,112,89.0,98.83784541595307
SKU0078,2025-09-02,9,16.130434782608695,11.495572652718433
SKU0078,2025-09-09,8,15.833333333333334,11.53255755856861
SKU0078,2025-09-16,12,15.52,11.189604971568286
SKU0078,2025-09-23,13,15.384615384615383,11.406585851497493
SKU0078,2025-09-30,5,15.296296296296296,12.670365621033023
SKU0078,2025-10-07,11,14.928571428571429,10.844635162591109
SKU0079,2025-09-02,37,53.0,40.99188780805807
SKU0079,2025-09-09,41,86.0,42.1064196686885
SKU0079,2025-09-16,61,51.0,38.51665752625847
SKU0079,2025-09-23,35,71.0,41.851017119605636
SKU0079,2025-09-30,41,66.0,45.1946128828047
SKU0079,2025-10-07,37,35.0,39.61352990390455
SKU0080,2025-09-02,49,36.0,38.094033928667926
SKU0080,2025-09-09,48,24.0,39.08729715565608
SKU0080,2025-09-16,51,34.0,38.6706627781209
SKU0080,2025-09-23,34,32.0,38.94149958831048
SKU0080,2025-09-30,43,20.0,42.83032006570674
SKU0080,2025-10-07,31,30.0,40.55962863688217
SKU0081,2025-09-02,27,12.0,22.19002322966416
SKU0081,2025-09-09,14,21.0,22.637191321335635
SKU0081,2025-09-16,19,22.0,20.493832130798843
SKU0081,2025-09-23,22,17.0,21.18940316600191
SKU0081,2025-09-30,24,23.0,23.99940893369067
SKU0081,2025-10-07,20,11.0,20.09775212890195
SKU0082,2025-09-02,19,11.0,16.278029459246877
SKU0082,2025-09-09,18,14.0,16.048925611512125
SKU0082,2025-09-16,20,14.0,16.167545344763063
SKU0082,2025-09-23,17,13.0,17.327492933601015
SKU0082,2025-09-30,16,18.0,18.275288210848345
SKU0082,2025-10-07,19,17.0,15.981910536382046
SKU0083,2025-09-02,30,50.0,44.585918586276776
SKU0083,2025-09-09,40,54.0,38.32412474374453
SKU0083,2025-09-16,68,46.0,39.76771342364686
SKU0083,2025-09-23,52,39.0,44.126581179432726
SKU0083,2025-09-30,58,43.0,49.21862172562898
SKU0083,2025-10-07,41,53.0,45.86727870713181
SKU0084,2025-09-02,50,73.0,61.095815644163565
SKU0084,2025-09-09,64,97.0,55.424212021971464
SKU0084,2025-09-16,65,49.0,56.4222159242485
SKU0084,2025-09-23,69,65.0,57.87901807102313
SKU0084,2025-09-30,51,60.0,67.2307039146562
SKU0084,2025-10-07,57,66.0,59.02827528611809
SKU0085,2025-09-02,48,52.0,37.25418171578797
SKU0085,2025-09-09,50,47.0,39.82333252641553
SKU0085,2025-09-16,35,43.0,39.722999298423346
SKU0085,2025-09-23,47,48.0,37.588442115858825
SKU0085,2025-09-30,42,52.0,43.0236781773596
SKU0085,2025-10-07,46,51.0,41.561465505031514
SKU0088,2025-09-02,40,80.35555555555555,44.56088692686663
SKU0088,2025-09-09,40,79.47826086956522,44.890678282705814
SKU0088,2025-09-16,32,78.63829787234043,43.245674585682416
SKU0088,2025-09-23,51,77.66666666666667,36.879494959481335
SKU0088,2025-09-30,40,77.12244897959184,46.07793109657323
SKU0088,2025-10-07,30,76.38,42.41158249820511
SKU0089,2025-09-02,83,93.0,105.65129914076702
SKU0089,2025-09-09,91,72.0,103.85761761705261
SKU0089,2025-09-16,107,59.0,96.27756322807463
SKU0089,2025-09-23,111,59.0,94.62522876668724
SKU0089,2025-09-30,108,65.0,105.53551444501771
SKU0089,2025-10-07,103,78.0,107.91473687369862
SKU0090,2025-09-02,107,120.0,126.61089779665178
SKU0090,2025-09-09,161,164.0,124.79679553679483
SKU0090,2025-09-16,109,124.0,129.07447650978762
SKU0090,2025-09-23,139,118.0,128.04517891335163
SKU0090,2025-09-30,75,138.0,136.94490694970276
SKU0090,2025-10-07,125,155.0,121.49763322804887
SKU0091,2025-09-02,125,165.64444444444445,102.35811654382266
SKU0091,2025-09-09,132,164.7608695652174,103.10895402167404
SKU0091,2025-09-16,129,164.06382978723406,109.87741280494403
SKU0091,2025-09-23,122,163.33333333333334,114.58241210811539
SKU0091,2025-09-30,124,162.48979591836735,132.59753272880994
SKU0091,2025-10-07,128,161.72,116.43990274124126
SKU0092,2025-09-02,98,45.0,88.08821182655491
SKU0092,2025-09-09,86,87.0,89.87754861118142
SKU0092,2025-09-16,92,72.0,84.83842521078188
SKU0092,2025-09-23,78,78.0,86.63309649770582
SKU0092,2025-09-30,77,63.0,86.64897914123688
SKU0092,2025-10-07,88,92.0,82.09188687942004
SKU0093,2025-09-02,49,46.0,60.68965245978999
SKU0093,2025-09-09,48,43.0,57.62426378444014
SKU0093,2025-09-16,48,43.0,52.66757286537753
SKU0093,2025-09-23,46,26.0,49.988531397365854
SKU0093,2025-09-30,49,40.0,55.562081211059024
SKU0093,2025-10-07,49,34.0,47.36556697479098
SKU0094,2025-09-02,21,38.130434782608695,21.649894239238286
SKU0094,2025-09-09,23,37.41666666666666,21.660691412935726
SKU0094,2025-09-16,12,36.84,20.19759886204889
SKU0094,2025-09-23,15,35.88461538461539,18.115841348829285
SKU0094,2025-09-30,13,35.111111111111114,19.2081511522914
SKU0094,2025-10-07,13,34.32142857142857,16.376385809048006
SKU0095,2025-09-02,19,27.355555555555554,20.878584700193258
SKU0095,2025-09-09,19,27.17391304347826,20.984573683129142
SKU0095,2025-09-16,22,27.0,18.00068299584559
SKU0095,2025-09-23,26,26.89583333333333,20.745399736113974
SKU0095,2025-09-30,19,26.877551020408163,25.409503925924685
SKU0095,2025-10-07,23,26.72,20.666126090866722
SKU0096,2025-09-02,103,35.0,82.96783972135891
SKU0096,2025-09-09,79,57.0,84.25722271590733
SKU0096,2025-09-16,92,69.0,80.61299682622449
SKU0096,2025-09-23,71,63.0,77.87615907006533
SKU0096,2025-09-30,112,73.0,84.62728778753059
SKU0096,2025-10-07,79,60.0,78.91842640032682
SKU0097,2025-09-02,123,108.0,104.59142176192007
SKU0097,2025-09-09,92,103.0,107.44682362765154
SKU0097,2025-09-16,87,129.0,107.20367332453544
SKU0097,2025-09-23,123,128.0,102.64468381434624
SKU0097,2025-09-30,100,105.0,115.62990049935466
SKU0097,2025-10-07,134,100.0,115.74248738140875
SKU0098,2025-09-02,78,102.0,97.96746762778962
SKU0098,2025-09-09,118,71.0,90.95722233443695
SKU0098,2025-09-16,117,95.0,96.67774604435176
SKU0098,2025-09-23,74,109.0,99.50556980820194
SKU0098,2025-09-30,91,103.0,97.86995370289766
SKU0098,2025-10-07,76,95.0,90.05248842723392
SKU0099,2025-09-02,63,129.04347826086956,67.12120895701689
SKU0099,2025-09-09,53,126.29166666666669,64.04613136223074
SKU0099,2025-09-16,54,123.36,60.076117709668615
SKU0099,2025-09-23,42,120.6923076923077,55.02834988597229
SKU0099,2025-09-30,44,117.77777777777776,59.054072533204156
SKU0099,2025-10-07,61,115.14285714285714,49.77889711618175
SKU0100,2025-09-02,61,60.0,46.84993515000733
SKU0100,2025-09-09,50,34.0,48.63906249408429
SKU0100,2025-09-16,44,35.0,46.92102569530432
SKU0100,2025-09-23,40,58.0,47.730875690156154
SKU0100,2025-09-30,57,37.0,52.57094715572565
SKU0100,2025-10-07,44,57.0,48.089447469198795
SKU0101,2025-09-02,27,40.0,37.69744877633673
SKU0101,2025-09-09,52,41.0,33.988511497188334
SKU0101,2025-09-16,29,39.0,38.41152217355182
SKU0101,2025-09-23,42,34.0,33.945101467465975
SKU0101,2025-09-30,38,31.0,39.974472950604486
SKU0101,2025-10-07,40,40.0,38.01110252652961
SKU0102,2025-09-02,31,55.0,54.751060976258906
SKU0102,2025-09-09,57,45.0,46.648131780704794
SKU0102,2025-09-16,54,41.0,48.16534609790341
SKU0102,2025-09-23,56,57.0,49.18283575209452
SKU0102,2025-09-30,58,70.0,53.47594703681014
SKU0102,2025-10-07,59,50.0,49.16729579207573
SKU0103,2025-09-02,127,132.0,141.40964506243452
SKU0103,2025-09-09,146,133.0,131.70639281653874
SKU0103,2025-09-16,141,148.0,136.9955144323571
SKU0103,2025-09-23,140,103.0,137.0460949698801
SKU0103,2025-09-30,145,159.0,142.7932208441713
SKU0103,2025-10-07,145,99.0,134.12046858871483
SKU0104,2025-09-02,53,56.0,72.67032111110142
SKU0104,2025-09-09,80,74.0,66.66332570834226
SKU0104,2025-09-16,80,66.0,62.683481780724534
SKU0104,2025-09-23,34,85.0,66.45412709706035
SKU0104,2025-09-30,101,86.0,66.46530525497298
SKU0104,2025-10-07,90,40.0,71.66049567436946
SKU0105,2025-09-02,105,133.0,127.8317638475528
SKU0105,2025-09-09,124,136.0,120.43335040117081
SKU0105,2025-09-16,132,119.0,121.07897702433087
SKU0105,2025-09-23,134,143.0,125.79633493637134
SKU0105,2025-09-30,130,105.0,132.82379037030856
SKU0105,2025-10-07,110,116.0,133.27798606613047
SKU0106,2025-09-02,36,38.0,31.434631032003942
SKU0106,2025-09-09,39,34.0,34.283176851001635
SKU0106,2025-09-16,27,28.0,33.526458895306824
SKU0106,2025-09-23,30,32.0,29.589178267497932
SKU0106,2025-09-30,29,33.0,32.34842244213383
SKU0106,2025-10-07,28,28.0,29.835750275536792
SKU0107,2025-09-02,126,123.0,112.34684738784266
SKU0107,2025-09-09,96,75.0,111.39720337417351
SKU0107,2025-09-16,110,119.0,108.81691994851815
SKU0107,2025-09-23,83,105.0,105.01436636241631
SKU0107,2025-09-30,96,118.0,111.6661329967001
SKU0107,2025-10-07,73,67.0,98.93131591325438
SKU0108,2025-09-02,79,67.0,80.6058148735214
SKU0108,2025-09-09,102,70.0,74.01870174914511
SKU0108,2025-09-16,86,55.0,79.30974235824772
SKU0108,2025-09-23,47,61.0,76.51419594409896
SKU0108,2025-09-30,92,93.0,76.1657951076515
SKU0108,2025-10-07,71,73.0,79.5867572833039
SKU0109,2025-09-02,81,89.0,70.33084011440467
SKU0109,2025-09-09,82,77.0,71.06696377313656
SKU0109,2025-09-16,75,82.0,70.43148567159248
SKU0109,2025-09-23,92,61.0,72.4329468885424
SKU0109,2025-09-30,122,89.0,81.4233083494851
SKU0109,2025-10-07,75,58.0,87.21129052496718
SKU0110,2025-09-02,26,32.0,25.842733749081532
SKU0110,2025-09-09,31,22.0,26.285077808039862
SKU0110,2025-09-16,18,16.0,29.072266389376832
SKU0110,2025-09-23,19,21.0,24.001716019749832
SKU0110,2025-09-30,24,28.0,23.887082486369607
SKU0110,2025-10-07,19,25.0,22.780145873243214
SKU0112,2025-09-02,16,12.0,15.280626394935004
SKU0112,2025-09-09,19,11.0,15.285080518757894
SKU0112,2025-09-16,12,10.0,16.267450270747485
SKU0112,2025-09-23,13,13.0,15.496854348703417
SKU0112,2025-09-30,16,14.0,15.885482650680242
SKU0112,2025-10-07,17,16.0,13.889919764091449
SKU0113,2025-09-02,150,168.56521739130434,133.36722708950018
SKU0113,2025-09-09,129,167.79166666666666,133.6011552714113
SKU0113,2025-09-16,110,166.24,129.92952486680275
SKU0113,2025-09-23,146,164.07692307692307,133.80677060333963
SKU0113,2025-09-30,98,163.40740740740742,144.91012096020802
SKU0113,2025-10-07,141,161.07142857142858,134.49652988425177
SKU0114,2025-09-02,109,153.13333333333333,121.41309815013113
SKU0114,2025-09-09,137,152.17391304347825,110.57739133130389
SKU0114,2025-09-16,110,151.85106382978722,119.0532588709061
SKU0114,2025-09-23,102,150.97916666666666,117.4407191466971
SKU0114,2025-09-30,140,149.9795918367347,120.94118717765905
SKU0114,2025-10-07,117,149.78,115.7145024207452
SKU0115,2025-09-02,42,58.0,59.021060413547744
SKU0115,2025-09-09,47,55.0,53.40214496775312
SKU0115,2025-09-16,66,45.0,50.705539021583306
SKU0115,2025-09-23,51,48.0,55.43276505938218
SKU0115,2025-09-30,48,40.0,57.722685802046456
SKU0115,2025-10-07,61,55.0,50.84160245747368
SKU0116,2025-09-02,141,111.0,128.89571432311539
SKU0116,2025-09-09,121,122.0,127.5519537404038
SKU0116,2025-09-16,161,131.0,128.71246818447582
SKU0116,2025-09-23,133,136.0,131.1128648253974
SKU0116,2025-09-30,133,146.0,143.34836454163406
SKU0116,2025-10-07,151,142.0,135.22655893872894
SKU0117,2025-09-02,149,100.0,164.89432567040046
SKU0117,2025-09-09,146,124.0,152.81032285787802
SKU0117,2025-09-16,125,105.0,148.3585228271674
SKU0117,2025-09-23,83,136.0,143.77834026210573
SKU0117,2025-09-30,153,141.0,143.38452447135862
SKU0117,2025-10-07,108,100.0,136.45082579220647
SKU0118,2025-09-02,30,28.0,33.51890680944772
SKU0118,2025-09-09,33,62.0,31.65602328774719
SKU0118,2025-09-16,24,43.0,30.058181873429977
SKU0118,2025-09-23,33,39.0,28.236311287990464
SKU0118,2025-09-30,25,30.0,32.39085388747416
SKU0118,2025-10-07,33,31.0,27.400844065388103
SKU0119,2025-09-02,83,140.7391304347826,82.3487124824556
SKU0119,2025-09-09,77,138.33333333333334,79.31264255210223
SKU0119,2025-09-16,77,135.88,76.67386213056872
SKU0119,2025-09-23,50,133.6153846153846,75.80795375799507
SKU0119,2025-09-30,78,130.5185185185185,75.34517117957897
SKU0119,2025-10-07,75,128.64285714285714,70.50371162921115
SKU0120,2025-09-02,17,22.0,18.557272671552134
SKU0120,2025-09-09,5,13.0,17.64406911314971
SKU0120,2025-09-16,11,17.0,16.431599431811698
SKU0120,2025-09-23,24,16.0,15.534631596363367
SKU0120,2025-09-30,14,16.0,19.940271606128693
SKU0120,2025-10-07,12,20.0,15.687118995604433
SKU0121,2025-09-02,107,101.0,138.68593072282547
SKU0121,2025-09-09,129,103.0,127.58338002941818
SKU0121,2025-09-16,103,72.0,125.89051761807914
SKU0121,2025-09-23,112,114.0,127.29116150830755
SKU0121,2025-09-30,100,99.0,115.13155289130388
SKU0121,2025-10-07,105,91.0,114.07266578917842
SKU0122,2025-09-02,63,66.0,73.14469460348323
SKU0122,2025-09-09,44,58.0,70.28475309646893
SKU0122,2025-09-16,61,74.0,62.016923506526076
SKU0122,2025-09-23,70,63.0,58.40380269530768
SKU0122,2025-09-30,57,60.0,70.59257221451887
SKU0122,2025-10-07,47,55.0,60.176030732496
SKU0123,2025-09-02,60,70.84444444444445,51.428623656528025
SKU0123,2025-09-09,50,70.6086956521739,52.07417051447255
SKU0123,2025-09-16,60,70.17021276595744,49.37483999963145
SKU0123,2025-09-23,55,69.95833333333333,51.39503391156042
SKU0123,2025-09-30,53,69.65306122448979,58.20576435792307
SKU0123,2025-10-07,68,69.32,51.457041872616315
SKU0124,2025-09-02,26,22.0,25.710678365572303
SKU0124,2025-09-09,29,20.0,26.368088280845875
SKU0124,2025-09-16,29,18.0,26.94420204381555
SKU0124,2025-09-23,23,24.0,27.146014056953405
SKU0124,2025-09-30,27,19.0,28.529619124242796
SKU0124,2025-10-07,25,24.0,26.614167358750585
SKU0125,2025-09-02,52,82.0,59.493718077412865
SKU0125,2025-09-09,51,66.0,57.89249988593056
SKU0125,2025-09-16,72,69.0,53.418392421214456
SKU0125,2025-09-23,55,50.0,60.814393768555995
SKU0125,2025-09-30,64,62.0,61.02399090715576
SKU0125,2025-10-07,63,40.0,59.48255104431649
SKU0126,2025-09-02,79,84.0,89.80340057435355
SKU0126,2025-09-09,72,63.0,85.30758435608558
SKU0126,2025-09-16,99,100.0,79.59740188660795
SKU0126,2025-09-23,82,60.0,84.1243851071701
SKU0126,2025-09-30,95,70.0,83.30525694203718
SKU0126,2025-10-07,70,93.0,83.88881414654784
SKU0127,2025-09-02,94,77.0,99.44905776216785
SKU0127,2025-09-09,129,102.0,92.74217311656217
SKU0127,2025-09-16,86,75.0,104.3296956966894
SKU0127,2025-09-23,104,60.0,98.45112552367873
SKU0127,2025-09-30,105,79.0,105.38028624365359
SKU0127,2025-10-07,108,105.0,95.90227664254903
SKU0128,2025-09-02,49,39.0,50.661787512488715
SKU0128,2025-09-09,57,39.0,46.6342059507002
SKU0128,2025-09-16,41,42.0,48.96204654444279
SKU0128,2025-09-23,51,33.0,47.77989088947889
SKU0128,2025-09-30,45,40.0,52.81825702308622
SKU0128,2025-10-07,41,46.0,46.61386299308569
SKU0129,2025-09-02,86,48.0,88.79723209567497
SKU0129,2025-09-09,65,58.0,86.272231537328
SKU0129,2025-09-16,57,67.0,78.93809698574113
SKU0129,2025-09-23,83,75.0,73.4497150797436
SKU0129,2025-09-30,92,98.0,76.86590228934193
SKU0129,2025-10-07,95,42.0,77.10141444516131
SKU0130,2025-09-02,17,8.0,16.917439686773047
SKU0130,2025-09-09,15,15.0,18.13906286152444
SKU0130,2025-09-16,13,16.0,17.217783053473575
SKU0130,2025-09-23,10,16.0,16.32674787358082
SKU0130,2025-09-30,10,13.0,17.567455252667887
SKU0130,2025-10-07,13,16.0,13.95422034897362
SKU0131,2025-09-02,49,43.0,50.00172185954732
SKU0131,2025-09-09,35,50.0,47.27334508259673
SKU0131,2025-09-16,46,36.0,44.46142570391358
SKU0131,2025-09-23,53,46.0,45.03666123747551
SKU0131,2025-09-30,67,69.0,52.20797847223644
SKU0131,2025-10-07,48,41.0,51.220715406988454
SKU0132,2025-09-02,31,26.0,25.719111111948102
SKU0132,2025-09-09,31,23.0,28.059702549981242
SKU0132,2025-09-16,27,27.0,29.648158893107873
SKU0132,2025-09-23,25,31.0,26.37617128293181
SKU0132,2025-09-30,26,32.0,29.40666104913244
SKU0132,2025-10-07,33,32.0,26.79635362298009
SKU0133,2025-09-02,122,90.0,110.79506999508688
SKU0133,2025-09-09,140,131.0,117.2845688312993
SKU0133,2025-09-16,101,101.0,113.95996165887874
SKU0133,2025-09-23,119,120.0,117.91586276975957
SKU0133,2025-09-30,138,112.0,122.20165544067584
SKU0133,2025-10-07,113,112.0,120.4257324321978
SKU0134,2025-09-02,46,68.0,72.07956118516222
SKU0134,2025-09-09,95,98.0,64.4367762290055
SKU0134,2025-09-16,53,64.0,67.2203787300506
SKU0134,2025-09-23,77,39.0,62.23727525279647
SKU0134,2025-09-30,59,117.0,69.20801418704407
SKU0134,2025-10-07,84,90.0,61.78775655080758
SKU0135,2025-09-02,11,15.0,44.9268670061032
SKU0135,2025-09-09,50,45.0,31.59737882874756
SKU0135,2025-09-16,38,50.0,38.174818574302655
SKU0135,2025-09-23,34,40.0,39.08224559869186
SKU0135,2025-09-30,46,36.0,38.06181190544323
SKU0135,2025-10-07,42,44.0,37.77561915756827
SKU0136,2025-09-02,57,59.0,64.2786760793062
SKU0136,2025-09-09,54,75.0,61.10970257343892
SKU0136,2025-09-16,53,43.0,57.62953256866103
SKU0136,2025-09-23,67,71.0,58.16409561049333
SKU0136,2025-09-30,88,66.0,65.93488811161721
SKU0136,2025-10-07,57,41.0,64.54079543528347
SKU0137,2025-09-02,106,141.0,131.33700723012407
SKU0137,2025-09-09,126,128.0,120.13793115404701
SKU0137,2025-09-16,145,134.0,124.92688362206333
SKU0137,2025-09-23,88,182.0,132.2229636885853
SKU0137,2025-09-30,143,125.0,137.3703285075012
SKU0137,2025-10-07,148,136.0,131.1906872399607
SKU0138,2025-09-02,84,126.34782608695652,72.61082396660208
SKU0138,2025-09-09,74,124.58333333333331,73.0201346102302
SKU0138,2025-09-16,54,122.56,70.58567588065979
SKU0138,2025-09-23,61,119.92307692307692,65.27403010748614
SKU0138,2025-09-30,54,117.74074074074076,71.28875523730663
SKU0138,2025-10-07,30,115.46428571428572,60.99983694596721
SKU0139,2025-09-02,8,8.0,12.212140135651433
SKU0139,2025-09-09,8,5.0,12.270626379822716
SKU0139,2025-09-16,6,5.0,11.969006123643748
SKU0139,2025-09-23,11,6.0,11.922107444130075
SKU0139,2025-09-30,8,10.0,13.520224556534604
SKU0139,2025-10-07,7,7.0,11.896730292020196
SKU0140,2025-09-02,98,95.0,86.57662648562393
SKU0140,2025-09-09,97,61.0,82.74761656202824
SKU0140,2025-09-16,85,40.0,83.17530065776593
SKU0140,2025-09-23,71,86.0,84.5435409472372
SKU0140,2025-09-30,76,78.0,90.24993071136974
SKU0140,2025-10-07,76,72.0,80.03284072735119
SKU0141,2025-09-02,45,33.0,41.532704986778775
SKU0141,2025-09-09,35,47.0,43.26723498696544
SKU0141,2025-09-16,49,27.0,38.75464584466357
SKU0141,2025-09-23,31,24.0,40.59119333674417
SKU0141,2025-09-30,43,38.0,42.17235416191294
SKU0141,2025-10-07,32,27.0,38.75769264686197
SKU0142,2025-09-02,63,66.0,68.9194649396464
SKU0142,2025-09-09,76,64.0,64.06416264412371
SKU0142,2025-09-16,77,66.0,66.60910095508316
SKU0142,2025-09-23,73,57.0,67.30337002469261
SKU0142,2025-09-30,70,51.0,76.51579526662272
SKU0142,2025-10-07,65,78.0,66.21792547184143
SKU0143,2025-09-02,92,133.82222222222222,73.85704728589681
SKU0143,2025-09-09,75,132.91304347826087,82.43301468777402
SKU0143,2025-09-16,75,131.68085106382978,73.7243136252987
SKU0143,2025-09-23,73,130.5,72.91795191808362
SKU0143,2025-09-30,85,129.3265306122449,80.7032918027093
SKU0143,2025-10-07,73,128.44,75.33215518998492
SKU0144,2025-09-02,139,80.0,118.05033988222263
SKU0144,2025-09-09,102,75.0,118.48226790506205
SKU0144,2025-09-16,101,87.0,112.17927089411307
SKU0144,2025-09-23,152,96.0,113.28589690802873
SKU0144,2025-09-30,132,82.0,127.05906713369157
SKU0144,2025-10-07,106,111.0,123.03841463585808
SKU0145,2025-09-02,185,183.0,185.05589799892707
SKU0145,2025-09-09,161,170.0,181.47102637614498
SKU0145,2025-09-16,192,171.0,174.63540635579793
SKU0145,2025-09-23,144,174.0,175.05179037348339
SKU0145,2025-09-30,197,191.0,172.95334351150436
SKU0145,2025-10-07,174,159.0,164.95813880874022
SKU0146,2025-09-02,98,122.0,95.53025223256414
SKU0146,2025-09-09,74,111.0,96.04907140427399
SKU0146,2025-09-16,77,83.0,91.94041706786449
SKU0146,2025-09-23,76,140.0,85.34646763473947
SKU0146,2025-09-30,91,109.0,92.48664750280355
SKU0146,2025-10-07,119,82.0,84.90027014033153
SKU0147,2025-09-02,103,56.0,111.28058722845998
SKU0147,2025-09-09,75,94.0,100.78056046748893
SKU0147,2025-09-16,115,89.0,91.24308254177323
SKU0147,2025-09-23,66,60.0,97.22547437300726
SKU0147,2025-09-30,109,56.0,98.26272057646588
SKU0147,2025-10-07,70,71.0,90.59345947655545
SKU0148,2025-09-02,77,122.44444444444444,60.794352072340416
SKU0148,2025-09-09,75,121.45652173913044,64.71794190589655
SKU0148,2025-09-16,55,120.46808510638296,66.01482168498434
SKU0148,2025-09-23,76,119.10416666666669,62.409581527292154
SKU0148,2025-09-30,69,118.22448979591836,71.13692142147202
SKU0148,2025-10-07,56,117.24,63.874874796038036
SKU0149,2025-09-02,34,36.0,28.93060458773737
SKU0149,2025-09-09,24,27.0,30.785908399693287
SKU0149,2025-09-16,25,20.0,28.176673553852556
SKU0149,2025-09-23,27,25.0,28.119404415546196
SKU0149,2025-09-30,24,20.0,31.24365823403004
SKU0149,2025-10-07,24,27.0,25.881711112748423
SKU0150,2025-09-02,36,73.93333333333334,39.97378984741484
SKU0150,2025-09-09,42,73.1086956521739,40.15326682593424
SKU0150,2025-09-16,34,72.44680851063829,38.49073436197118
SKU0150,2025-09-23,26,71.64583333333333,34.16855370289309
SKU0150,2025-09-30,32,70.71428571428571,35.72441980729962
SKU0150,2025-10-07,30,69.94,34.86738253206865
SKU0151,2025-09-02,151,150.0,143.5335387841759
SKU0151,2025-09-09,127,132.0,143.36261160243126
SKU0151,2025-09-16,132,127.0,132.19105301897082
SKU0151,2025-09-23,165,122.0,131.7964016859487
SKU0151,2025-09-30,172,148.0,151.3362289210513
SKU0151,2025-10-07,153,150.0,151.12630860757383
SKU0152,2025-09-02,66,76.0,61.175833676197215
SKU0152,2025-09-09,58,77.0,63.3323131364474
SKU0152,2025-09-16,63,68.0,58.95725666622352
SKU0152,2025-09-23,94,70.0,61.07326024476259
SKU0152,2025-09-30,71,77.0,73.79308613209191
SKU0152,2025-10-07,46,70.0,64.93226152320813
SKU0153,2025-09-02,31,37.0,37.00441920728143
SKU0153,2025-09-09,25,36.0,33.53007576402522
SKU0153,2025-09-16,30,26.0,31.96622791285289
SKU0153,2025-09-23,23,30.0,29.678797414084663
SKU0153,2025-09-30,32,32.0,30.707468742237722
SKU0153,2025-10-07,37,19.0,29.961062090373858
SKU0154,2025-09-02,59,41.0,41.798844232024656
SKU0154,2025-09-09,47,52.0,46.453186429192485
SKU0154,2025-09-16,48,37.0,45.941626972601696
SKU0154,2025-09-23,51,39.0,44.310864077502025
SKU0154,2025-09-30,53,54.0,52.46365415543396
SKU0154,2025-10-07,50,33.0,46.17862943603963
SKU0155,2025-09-02,64,64.0,58.402795048100906
SKU0155,2025-09-09,64,84.0,59.81357880229699
SKU0155,2025-09-16,52,83.0,58.64862901092425
SKU0155,2025-09-23,46,79.0,58.21947673257289
SKU0155,2025-09-30,55,64.0,59.7132231801638
SKU0155,2025-10-07,72,66.0,53.53235000862113
SKU0156,2025-09-02,36,33.0,26.470659360109018
SKU0156,2025-09-09,27,21.0,30.01844525396059
SKU0156,2025-09-16,34,31.0,28.30526269492675
SKU0156,2025-09-23,34,29.0,29.603326670862437
SKU0156,2025-09-30,32,35.0,32.61363083905898
SKU0156,2025-10-07,27,32.0,29.822664127738303
SKU0157,2025-09-02,34,21.0,33.05614180216131
SKU0157,2025-09-09,30,29.0,33.81112411059291
SKU0157,2025-09-16,41,25.0,32.45313038438164
SKU0157,2025-09-23,27,13.0,33.65806148381211
SKU0157,2025-09-30,30,25.0,32.26152821974641
SKU0157,2025-10-07,28,31.0,29.31143271506495
SKU0158,2025-09-02,31,31.0,40.959598809464715
SKU0158,2025-09-09,37,35.0,37.13278325240742
SKU0158,2025-09-16,31,31.0,36.92073114964578
SKU0158,2025-09-23,31,25.0,33.88372996132424
SKU0158,2025-09-30,34,33.0,36.37971070397837
SKU0158,2025-10-07,40,32.0,34.663124289074496
SKU0159,2025-09-02,17,15.0,14.80661173383469
SKU0159,2025-09-09,11,10.0,13.877782422475887
SKU0159,2025-09-16,12,9.0,13.79767918852464
SKU0159,2025-09-23,17,12.0,12.259103378436231
SKU0159,2025-09-30,14,10.0,15.657888730943533
SKU0159,2025-10-07,16,16.0,13.324199344391936
SKU0160,2025-09-02,42,52.34782608695652,39.350370272782655
SKU0160,2025-09-09,47,51.91666666666666,39.760488878110515
SKU0160,2025-09-16,51,51.72,39.662371172759364
SKU0160,2025-09-23,30,51.69230769230769,41.67398700174268
SKU0160,2025-09-30,40,50.888888888888886,42.24774997228421
SKU0160,2025-10-07,34,50.5,40.954236743173944
SKU0161,2025-09-02,12,11.0,12.078634539385101
SKU0161,2025-09-09,16,11.0,12.121786261592156
SKU0161,2025-09-16,13,16.0,12.213394695763416
SKU0161,2025-09-23,11,10.0,12.091904065822519
SKU0161,2025-09-30,18,13.0,13.933654005805062
SKU0161,2025-10-07,14,8.0,13.146790335460425
SKU0162,2025-09-02,118,156.0,100.81464840830381
SKU0162,2025-09-09,84,125.0,103.03469984293893
SKU0162,2025-09-16,94,119.0,99.39403576752467
SKU0162,2025-09-23,128,127.0,95.44682641509826
SKU0162,2025-09-30,124,124.0,111.5284546844945
SKU0162,2025-10-07,115,107.0,100.97080444429565
SKU0163,2025-09-02,19,23.0,25.105749220181742
SKU0163,2025-09-09,21,21.0,23.941616968564638
SKU0163,2025-09-16,21,20.0,24.636541106038916
SKU0163,2025-09-23,16,19.0,21.704296369746476
SKU0163,2025-09-30,17,24.0,21.67927916436814
SKU0163,2025-10-07,24,19.0,17.828689885817848
SKU0164,2025-09-02,156,100.0,159.1877012365579
SKU0164,2025-09-09,145,124.0,158.63699984370248
SKU0164,2025-09-16,176,89.0,152.42253189664447
SKU0164,2025-09-23,157,136.0,167.97597941141385
SKU0164,2025-09-30,142,172.0,168.26046913980858
SKU0164,2025-10-07,141,162.0,148.23106147739634
SKU0165,2025-09-02,129,164.4,123.22926180527871
SKU0165,2025-09-09,81,163.6304347826087,122.30017484374133
SKU0165,2025-09-16,106,161.87234042553192,116.67764722044025
SKU0165,2025-09-23,77,160.70833333333334,112.95839698207558
SKU0165,2025-09-30,150,159.0,112.20100262126235
SKU0165,2025-10-07,98,158.82,120.63602279012719
SKU0166,2025-09-02,121,105.0,111.87919021466008
SKU0166,2025-09-09,131,136.0,116.75261730183213
SKU0166,2025-09-16,97,111.0,113.9322743039561
SKU0166,2025-09-23,67,68.0,116.78564199660116
SKU0166,2025-09-30,76,130.0,107.58342067397089
SKU0166,2025-10-07,130,96.0,101.46685118981176
SKU0167,2025-09-02,237,154.0,190.47913238222162
SKU0167,2025-09-09,182,165.0,198.5753232423668
SKU0167,2025-09-16,235,153.0,184.98670467903483
SKU0167,2025-09-23,239,148.0,194.88342303745557
SKU0167,2025-09-30,209,140.0,225.2141915303399
SKU0167,2025-10-07,200,157.0,196.94568992414926
SKU0168,2025-09-02,102,83.0,63.75663189195622
SKU0168,2025-09-09,82,81.0,68.42758711159924
SKU0168,2025-09-16,40,67.0,70.08862164177141
SKU0168,2025-09-23,48,55.0,65.39813324372714
SKU0168,2025-09-30,97,88.0,72.73841643281737
SKU0168,2025-10-07,60,84.0,71.46902083909325
SKU0169,2025-09-02,46,72.0,50.684226919010264
SKU0169,2025-09-09,39,73.0,49.40911614685291
SKU0169,2025-09-16,42,80.0,47.59953141814273
SKU0169,2025-09-23,87,49.0,44.34536491687501
SKU0169,2025-09-30,47,58.0,60.3523097383029
SKU0169,2025-10-07,51,68.0,46.266559882194656
SKU0170,2025-09-02,62,41.0,39.286882428835185
SKU0170,2025-09-09,32,34.0,44.22009476414209
SKU0170,2025-09-16,50,35.0,40.169525360777854
SKU0170,2025-09-23,55,42.0,42.47135201377374
SKU0170,2025-09-30,53,39.0,51.702440721331236
SKU0170,2025-10-07,50,43.0,45.821883920596576
SKU0171,2025-09-02,18,22.0,19.884633763287567
SKU0171,2025-09-09,19,19.0,20.703175758483656
SKU0171,2025-09-16,19,10.0,19.27051879136451
SKU0171,2025-09-23,17,15.0,18.9695548433481
SKU0171,2025-09-30,24,13.0,19.508971555317192
SKU0171,2025-10-07,24,22.0,19.43554611842772
SKU0172,2025-09-02,85,83.0,76.01628178916242
SKU0172,2025-09-09,81,68.0,74.496534764572
SKU0172,2025-09-16,58,67.0,70.7231370519198
SKU0172,2025-09-23,82,80.0,69.54530856641036
SKU0172,2025-09-30,109,70.0,78.87993536358061
SKU0172,2025-10-07,88,65.0,83.5478691469163
SKU0173,2025-09-02,84,109.0,83.05657309771902
SKU0173,2025-09-09,131,51.0,83.27919598523695
SKU0173,2025-09-16,98,70.0,92.95781446469418
SKU0173,2025-09-23,89,82.0,90.2237799983134
SKU0173,2025-09-30,84,110.0,103.09000130132415
SKU0173,2025-10-07,100,83.0,90.17882163869919
SKU0174,2025-09-02,39,27.0,35.3238572816357
SKU0174,2025-09-09,30,26.0,37.22702887717112
SKU0174,2025-09-16,34,31.0,32.2292963449593
SKU0174,2025-09-23,30,27.0,34.148515542098046
SKU0174,2025-09-30,41,33.0,33.873914564367865
SKU0174,2025-10-07,35,35.0,36.65693920181086
SKU0175,2025-09-02,148,94.0,130.2789074678365
SKU0175,2025-09-09,127,109.0,133.1621287656857
SKU0175,2025-09-16,118,73.0,121.96373211158574
SKU0175,2025-09-23,98,89.0,130.03505040979
SKU0175,2025-09-30,106,105.0,131.89468211668859
SKU0175,2025-10-07,113,77.0,114.992982608353
SKU0176,2025-09-02,56,48.0,55.9084166075004
SKU0176,2025-09-09,49,48.0,51.08123697935596
SKU0176,2025-09-16,44,63.0,51.06108148145386
SKU0176,2025-09-23,69,54.0,48.71901004166701
SKU0176,2025-09-30,56,68.0,61.105572502102945
SKU0176,2025-10-07,49,44.0,50.70309346841091
SKU0177,2025-09-02,38,59.21739130434783,33.00889429439995
SKU0177,2025-09-09,22,58.333333333333336,35.49452410377004
SKU0177,2025-09-16,26,56.88,28.039896508558904
SKU0177,2025-09-23,14,55.69230769230769,28.77152431328508
SKU0177,2025-09-30,29,54.14814814814815,28.55123935605408
SKU0177,2025-10-07,31,53.25,26.269009811181242
SKU0178,2025-09-02,44,44.0,66.3582272130955
SKU0178,2025-09-09,60,28.0,60.78859903587875
SKU0178,2025-09-16,58,53.0,56.57797396228585
SKU0178,2025-09-23,44,63.0,55.143447871602596
SKU0178,2025-09-30,75,42.0,59.028186399670474
SKU0178,2025-10-07,46,28.0,61.473980387765785
SKU0179,2025-09-02,20,35.0,22.510570894298407
SKU0179,2025-09-09,18,30.0,24.761960480666215
SKU0179,2025-09-16,15,20.0,21.002537970375126
SKU0179,2025-09-23,22,23.0,19.440078279164126
SKU0179,2025-09-30,18,26.0,22.91108568195584
SKU0179,2025-10-07,30,24.0,18.241568340686282
SKU0180,2025-09-02,42,49.0,38.76823399071971
SKU0180,2025-09-09,50,37.0,39.54219248567481
SKU0180,2025-09-16,46,57.0,42.538645189058286
SKU0180,2025-09-23,43,48.0,44.23003549713338
SKU0180,2025-09-30,31,54.0,49.313770378299424
SKU0180,2025-10-07,49,51.0,39.22504223563947
SKU0181,2025-09-02,160,63.0,145.65166595658613
SKU0181,2025-09-09,195,104.0,170.94456359846444
SKU0181,2025-09-16,133,120.0,163.73761233358576
SKU0181,2025-09-23,138,90.0,158.2715327127787
SKU0181,2025-09-30,145,134.0,156.6422397110837
SKU0181,2025-10-07,144,135.0,148.3008877777349
SKU0182,2025-09-02,81,97.0,102.0394566545132
SKU0182,2025-09-09,104,76.0,93.64602926304991
SKU0182,2025-09-16,100,70.0,92.94308936995263
SKU0182,2025-09-23,102,80.0,97.14113499545827
SKU0182,2025-09-30,77,88.0,97.76518665927328
SKU0182,2025-10-07,86,74.0,91.61511230213084
SKU0183,2025-09-02,135,102.0,151.1130418229182
SKU0183,2025-09-09,143,130.0,136.11601277109642
SKU0183,2025-09-16,139,125.0,129.91968290002757
SKU0183,2025-09-23,128,121.0,136.40189467949807
SKU0183,2025-09-30,122,83.0,134.20440040598785
SKU0183,2025-10-07,152,107.0,134.83739169066808
SKU0184,2025-09-02,65,50.0,62.620286503883115
SKU0184,2025-09-09,59,56.0,61.61107567976507
SKU0184,2025-09-16,50,58.0,58.885127471639514
SKU0184,2025-09-23,55,73.0,57.52621831073261
SKU0184,2025-09-30,69,42.0,60.863245308016175
SKU0184,2025-10-07,64,56.0,58.93877117992067
SKU0185,2025-09-02,123,165.0,105.84243313450393
SKU0185,2025-09-09,73,93.0,106.51680431010995
SKU0185,2025-09-16,107,147.0,97.49671012481373
SKU0185,2025-09-23,109,153.0,97.67669931346938
SKU0185,2025-09-30,151,123.0,114.27126874110604
SKU0185,2025-10-07,73,174.0,109.73276929399435
SKU0186,2025-09-02,27,23.0,26.719994576764705
SKU0186,2025-09-09,29,21.0,27.096760006130474
SKU0186,2025-09-16,27,20.0,27.503832891949354
SKU0186,2025-09-23,24,23.0,26.784011901981106
SKU0186,2025-09-30,24,29.0,28.48819474940813
SKU0186,2025-10-07,27,27.0,25.112724437333615
SKU0187,2025-09-02,53,47.0,43.807785320202264
SKU0187,2025-09-09,39,49.0,44.83189353686381
SKU0187,2025-09-16,49,47.0,44.16523683173512
SKU0187,2025-09-23,52,30.0,44.6878904392912
SKU0187,2025-09-30,59,42.0,51.35355459305358
SKU0187,2025-10-07,59,51.0,46.88978140027148
SKU0188,2025-09-02,155,136.0,146.04797694358084
SKU0188,2025-09-09,148,140.0,145.70687809072845
SKU0188,2025-09-16,193,157.0,143.79179463908844
SKU0188,2025-09-23,154,119.0,159.80572248533926
SKU0188,2025-09-30,218,183.0,157.66491456442415
SKU0188,2025-10-07,188,136.0,166.27320544189817
SKU0189,2025-09-02,119,203.17777777777775,143.20344456375477
SKU0189,2025-09-09,188,201.34782608695653,142.01159632045733
SKU0189,2025-09-16,131,201.06382978723408,149.26688393913363
SKU0189,2025-09-23,167,199.60416666666663,145.2568592949263
SKU0189,2025-09-30,119,198.9387755102041,155.1564152036973
SKU0189,2025-10-07,140,197.34,135.18061588660058
SKU0190,2025-09-02,147,104.0,130.5242176011453
SKU0190,2025-09-09,126,104.0,132.81139118292361
SKU0190,2025-09-16,116,100.0,130.9388224504304
SKU0190,2025-09-23,137,152.0,135.38373080955833
SKU0190,2025-09-30,141,136.0,141.70090427350777
SKU0190,2025-10-07,146,128.0,132.86566609835103
SKU0191,2025-09-02,78,42.0,51.94779548666371
SKU0191,2025-09-09,59,29.0,58.53742282943739
SKU0191,2025-09-16,48,51.0,53.47017184025009
SKU0191,2025-09-23,51,45.0,50.01943006093095
SKU0191,2025-09-30,33,63.0,57.95989495983543
SKU0191,2025-10-07,26,83.0,45.733430474377755
SKU0192,2025-09-02,16,6.0,12.186916845241242
SKU0192,2025-09-09,9,10.0,12.300502834534772
SKU0192,2025-09-16,9,8.0,12.60116077994836
SKU0192,2025-09-23,9,8.0,12.421993464475669
SKU0192,2025-09-30,10,16.0,13.592589465238209
SKU0192,2025-10-07,11,7.0,11.995687194991044
SKU0193,2025-09-02,59,83.0,64.46893117751728
SKU0193,2025-09-09,58,81.0,60.39364885533552
SKU0193,2025-09-16,80,62.0,60.64064379681217
SKU0193,2025-09-23,69,62.0,62.301822553749915
SKU0193,2025-09-30,88,74.0,69.75621292302688
SKU0193,2025-10-07,69,70.0,64.8466063484662
SKU0194,2025-09-02,92,122.0,81.6375463601038
SKU0194,2025-09-09,105,112.0,84.58387144092673
SKU0194,2025-09-16,97,85.0,84.00580434318097
SKU0194,2025-09-23,81,71.0,83.03011258356199
SKU0194,2025-09-30,83,77.0,89.55347934918498
SKU0194,2025-10-07,90,96.0,85.646546002198
SKU0195,2025-09-02,21,16.0,19.571093051748402
SKU0195,2025-09-09,22,15.0,20.183300372135246
SKU0195,2025-09-16,18,16.0,20.915713952912522
SKU0195,2025-09-23,21,12.0,17.94362003678112
SKU0195,2025-09-30,16,14.0,22.527912489204397
SKU0195,2025-10-07,23,19.0,17.44145957051009
SKU0196,2025-09-02,118,106.0,157.1046438538051
SKU0196,2025-09-09,151,126.0,154.1226194638629
SKU0196,2025-09-16,160,106.0,145.49115759291652
SKU0196,2025-09-23,112,119.0,147.21198547909927
SKU0196,2025-09-30,152,125.0,144.5360745330804
SKU0196,2025-10-07,106,124.0,142.6612255845214
SKU0197,2025-09-02,88,76.0,98.45781763338064
SKU0197,2025-09-09,75,89.0,95.80615277929037
SKU0197,2025-09-16,56,74.0,84.69022642629203
SKU0197,2025-09-23,77,65.0,81.42411166115109
SKU0197,2025-09-30,55,89.0,85.12247070174567
SKU0197,2025-10-07,94,82.0,75.18127073020538
SKU0198,2025-09-02,73,183.2608695652174,86.61000664584934
SKU0198,2025-09-09,84,178.66666666666666,81.66394802278481
SKU0198,2025-09-16,87,174.88,77.61250465926283
SKU0198,2025-09-23,79,171.5,77.11262420129286
SKU0198,2025-09-30,85,168.07407407407408,78.87293512350666
SKU0198,2025-10-07,107,165.10714285714286,81.04018156546609
SKU0199,2025-09-02,65,73.0,60.55100448250472
SKU0199,2025-09-09,62,74.0,62.14604274878575
SKU0199,2025-09-16,65,70.0,58.00101541527279
SKU0199,2025-09-23,38,56.0,60.2653401338546
SKU0199,2025-09-30,54,61.0,59.03840819967518
SKU0199,2025-10-07,62,57.0,53.0608301464704
SKU0200,2025-09-02,12,44.06666666666667,26.6937783334099
SKU0200,2025-09-09,18,43.369565217391305,23.449303183179882
SKU0200,2025-09-16,17,42.82978723404256,19.080066155262838
SKU0200,2025-09-23,33,42.29166666666666,19.484908609450876
SKU0200,2025-09-30,22,42.10204081632653,25.692072748778944
SKU0200,2025-10-07,16,41.7,21.94518000472746
SKU0001,2025-10-07,52,52.0,48.53062770251608
SKU0001,2025-10-14,42,39.0,54.37636873141907
SKU0001,2025-10-21,83,106.0,72.48654882678865
SKU0001,2025-10-28,87,123.0,70.15239463019
SKU0001,2025-11-04,70,39.0,55.51035756471487
SKU0001,2025-11-11,67,61.0,54.700198593650555
SKU0002,2025-10-07,70,61.0,66.54187237469857
SKU0002,2025-10-14,69,79.0,75.306226499601
SKU0002,2025-10-21,89,92.0,97.95141407111095
SKU0002,2025-10-28,123,120.0,97.91115203380849
SKU0002,2025-11-04,74,70.0,69.79962483263826
SKU0002,2025-11-11,74,66.0,68.24991995689791
SKU0003,2025-10-07,18,23.0,16.012473185306586
SKU0003,2025-10-14,12,36.0,19.113375471080225
SKU0003,2025-10-21,22,30.0,26.94732832752549
SKU0003,2025-10-28,34,44.0,30.737295108111077
SKU0003,2025-11-04,20,31.0,18.990280825114667
SKU0003,2025-11-11,17,27.0,18.693620737803975
SKU0004,2025-10-07,170,108.0,180.40547464508805
SKU0004,2025-10-14,181,143.0,193.88650754137188
SKU0004,2025-10-21,236,226.0,251.70846930629324
SKU0004,2025-10-28,292,331.0,248.1604835627495
SKU0004,2025-11-04,169,197.0,207.85603270496551
SKU0004,2025-11-11,202,147.0,175.37553714018466
SKU0005,2025-10-07,123,97.0,127.58925793268065
SKU0005,2025-10-14,136,96.0,133.02660127840042
SKU0005,2025-10-21,193,136.0,162.27646801940236
SKU0005,2025-10-28,244,209.0,147.38014765831886
SKU0005,2025-11-04,177,149.0,134.72963115835114
SKU0005,2025-11-11,143,130.0,137.07400815102412
SKU0006,2025-10-07,104,124.0,85.25972368359852
SKU0006,2025-10-14,105,125.0,106.66313071056862
SKU0006,2025-10-21,130,139.0,141.45044588560324
SKU0006,2025-10-28,184,177.0,135.88839999667672
SKU0006,2025-11-04,107,109.0,93.98119314280876
SKU0006,2025-11-11,98,128.0,95.66448608044769
SKU0007,2025-10-07,44,34.0,46.77625525478996
SKU0007,2025-10-14,48,37.0,50.36495182482114
SKU0007,2025-10-21,71,60.0,67.58147309288286
SKU0007,2025-10-28,85,79.0,69.7683819591191
SKU0007,2025-11-04,60,52.0,56.76708477142207
SKU0007,2025-11-11,45,51.0,51.07709510685868
SKU0008,2025-10-07,82,135.57142857142858,93.2809108580113
SKU0008,2025-10-14,110,133.72413793103448,97.62750905652187
SKU0008,2025-10-21,120,132.93333333333334,152.80589946583325
SKU0008,2025-10-28,176,132.51612903225808,142.99891055419846
SKU0008,2025-11-04,126,133.875,114.74343393869067
SKU0008,2025-11-11,85,133.63636363636363,101.33195903219135
SKU0009,2025-10-07,50,45.0,51.038575869833714
SKU0009,2025-10-14,39,45.0,56.73641068013707
SKU0009,2025-10-21,72,87.0,74.91297347578404
SKU0009,2025-10-28,98,107.0,74.27035984189786
SKU0009,2025-11-04,64,61.0,61.61665284812961
SKU0009,2025-11-11,46,47.0,60.18937426481141
SKU0010,2025-10-07,45,36.0,44.59079854128719
SKU0010,2025-10-14,48,32.0,50.29934578381136
SKU0010,2025-10-21,62,62.0,65.74301070485045
SKU0010,2025-10-28,85,76.0,65.14101513708137
SKU0010,2025-11-04,65,43.0,56.199498221729726
SKU0010,2025-11-11,47,50.0,51.26049985839845
SKU0011,2025-10-07,51,38.0,48.83259564019938
SKU0011,2025-10-14,43,55.0,56.418336766951334
SKU0011,2025-10-21,69,83.0,76.6529214339226
SKU0011,2025-10-28,102,119.0,74.43000461790513
SKU0011,2025-11-04,73,79.0,59.16610298588834
SKU0011,2025-11-11,39,48.0,56.52017673363402
SKU0012,2025-10-07,65,70.0,64.11823004804519
SKU0012,2025-10-14,71,65.0,71.5733381238265
SKU0012,2025-10-21,93,120.0,98.78985967997372
SKU0012,2025-10-28,91,127.0,110.65059627252423
SKU0012,2025-11-04,83,77.0,77.57151787158189
SKU0012,2025-11-11,58,73.0,66.85593018252632
SKU0013,2025-10-07,43,35.0,35.93848858733435
SKU0013,2025-10-14,36,36.0,39.732620299096716
SKU0013,2025-10-21,48,56.0,49.762471414107694
SKU0013,2025-10-28,67,72.0,61.598652201053845
SKU0013,2025-11-04,52,49.0,45.95515378744207
SKU0013,2025-11-11,29,42.0,39.58269160123515
SKU0014,2025-10-07,63,71.0,58.923635903994835
SKU0014,2025-10-14,96,58.0,68.17312302769085
SKU0014,2025-10-21,75,129.0,85.15648273918724
SKU0014,2025-10-28,115,137.0,93.9250463098162
SKU0014,2025-11-04,88,97.0,67.76225875354248
SKU0014,2025-11-11,65,74.0,71.76815628242947
SKU0015,2025-10-07,134,90.0,132.03484103851972
SKU0015,2025-10-14,157,97.0,135.53171744239498
SKU0015,2025-10-21,185,183.0,192.17793420621578
SKU0015,2025-10-28,241,236.0,161.78408822500745
SKU0015,2025-11-04,144,132.0,130.85064750442672
SKU0015,2025-11-11,121,164.0,138.47800390222116
SKU0016,2025-10-14,34,36.875,48.20182257601355
SKU0016,2025-10-21,67,36.55555555555556,56.35771812345011
SKU0016,2025-10-28,81,39.6,66.68986552724074
SKU0016,2025-11-04,53,43.36363636363637,53.92835231700517
SKU0016,2025-11-11,54,44.16666666666666,54.92452187725712
SKU0017,2025-10-07,181,173.0,180.6763044181823
SKU0017,2025-10-14,174,166.0,213.0754281786239
SKU0017,2025-10-21,273,280.0,265.7712242645515
SKU0017,2025-10-28,362,373.0,253.10767468618644
SKU0017,2025-11-04,252,214.0,208.80875558248505
SKU0017,2025-11-11,216,177.0,195.75626774617493
SKU0018,2025-10-07,129,82.0,134.2607957535511
SKU0018,2025-10-14,145,110.0,139.99094555062428
SKU0018,2025-10-21,207,171.0,168.65966977136964
SKU0018,2025-10-28,233,188.0,196.8555989915365
SKU0018,2025-11-04,166,132.0,146.38604568419737
SKU0018,2025-11-11,121,104.0,151.623476276727
SKU0019,2025-10-07,75,57.0,68.31045176355822
SKU0019,2025-10-14,99,74.0,80.87325170647901
SKU0019,2025-10-21,117,98.0,116.58508471284172
SKU0019,2025-10-28,158,189.0,85.67498095137675
SKU0019,2025-11-04,108,85.0,83.18190567222267
SKU0019,2025-11-11,114,107.0,87.4664988938726
SKU0020,2025-10-07,158,91.0,133.40011201276647
SKU0020,2025-10-14,160,125.0,145.09960396989257
SKU0020,2025-10-21,201,151.0,161.91487553680778
SKU0020,2025-10-28,250,223.0,168.4884564484797
SKU0020,2025-11-04,203,145.0,145.15330788637453
SKU0020,2025-11-11,135,115.0,171.3587137807494
SKU0021,2025-10-07,41,54.0,49.640080556301626
SKU0021,2025-10-14,46,57.0,57.102307022183524
SKU0021,2025-10-21,107,90.0,79.48998603605504
SKU0021,2025-10-28,103,136.0,88.41167000459356
SKU0021,2025-11-04,67,81.0,68.78334686428887
SKU0021,2025-11-11,74,62.0,59.88558434727768
SKU0022,2025-10-07,46,40.0,40.95489605212029
SKU0022,2025-10-14,47,39.0,49.96833652311611
SKU0022,2025-10-21,65,68.0,61.709281811694204
SKU0022,2025-10-28,87,91.0,67.94263677911933
SKU0022,2025-11-04,63,36.0,59.93973916565968
SKU0022,2025-11-11,45,46.0,52.967321817143514
SKU0023,2025-10-07,125,179.34,136.35113227523237
SKU0023,2025-10-14,142,178.27450980392155,136.54546947118897
SKU0023,2025-10-21,205,54.0,204.52949707027966
SKU0023,2025-10-28,258,209.0,180.59352555225888
SKU0023,2025-11-04,207,121.0,156.63563273235317
SKU0023,2025-11-11,165,138.0,151.41442774574398
SKU0024,2025-10-07,92,66.0,89.67651106119843
SKU0024,2025-10-14,108,69.0,95.2964199677501
SKU0024,2025-10-21,115,124.0,128.49321040252102
SKU0024,2025-10-28,159,159.0,133.56966643611523
SKU0024,2025-11-04,119,95.0,90.45093871740609
SKU0024,2025-11-11,102,71.0,103.14812136579478
SKU0025,2025-10-07,21,29.0,22.622870508795764
SKU0025,2025-10-14,27,31.0,25.376421578141564
SKU0025,2025-10-21,37,47.0,36.38008897088979
SKU0025,2025-10-28,57,67.0,41.24018362329453
SKU0025,2025-11-04,35,34.0,29.756005022731635
SKU0025,2025-11-11,26,33.0,31.07282346709002
SKU0026,2025-10-07,96,61.0,79.17978166253404
SKU0026,2025-10-14,83,91.0,90.6394833081527
SKU0026,2025-10-21,143,115.0,120.6863684623082
SKU0026,2025-10-28,164,155.0,104.61370895019986
SKU0026,2025-11-04,108,130.0,91.60182048728377
SKU0026,2025-11-11,100,107.0,92.58953476937444
SKU0027,2025-10-07,100,152.96,109.19223978936441
SKU0027,2025-10-14,139,151.92156862745097,111.58036309444819
SKU0027,2025-10-21,146,58.0,163.6834118324271
SKU0027,2025-10-28,210,256.0,174.46980429479063
SKU0027,2025-11-04,140,123.0,128.38639373453285
SKU0027,2025-11-11,91,87.0,123.14683673676154
SKU0028,2025-10-07,77,71.0,79.78450204248149
SKU0028,2025-10-14,94,77.0,83.38939022962313
SKU0028,2025-10-21,132,134.0,108.71500511306333
SKU0028,2025-10-28,161,156.0,104.83253934593111
SKU0028,2025-11-04,107,93.0,82.62927371861889
SKU0028,2025-11-11,89,78.0,93.397483727206
SKU0029,2025-10-07,82,72.0,93.39457260096927
SKU0029,2025-10-14,84,69.0,97.95290687787185
SKU0029,2025-10-21,144,118.0,113.68448528284513
SKU0029,2025-10-28,199,187.0,112.75794727162017
SKU0029,2025-11-04,130,109.0,100.54120602620658
SKU0029,2025-11-11,109,85.0,110.25025495301269
SKU0030,2025-10-07,25,29.0,31.314556759832332
SKU0030,2025-10-14,33,26.0,32.88038326245552
SKU0030,2025-10-21,49,45.0,45.123238581513945
SKU0030,2025-10-28,65,65.0,51.80280687607616
SKU0030,2025-11-04,54,24.0,42.418490258724674
SKU0030,2025-11-11,42,30.0,39.85589660021088
SKU0031,2025-10-07,63,50.0,66.12926420851767
SKU0031,2025-10-14,79,70.0,76.18062976093472
SKU0031,2025-10-21,101,89.0,102.89461814283398
SKU0031,2025-10-28,108,125.0,104.32199312080989
SKU0031,2025-11-04,95,77.0,78.25051833179803
SKU0031,2025-11-11,76,56.0,75.01654778795063
SKU0032,2025-10-07,129,104.0,132.5846672328233
SKU0032,2025-10-14,130,86.0,138.89672725223343
SKU0032,2025-10-21,160,162.0,178.82388190374928
SKU0032,2025-10-28,204,233.0,170.02664083824402
SKU0032,2025-11-04,164,132.0,137.33834128179828
SKU0032,2025-11-11,157,116.0,141.8748770263401
SKU0033,2025-10-07,24,15.0,22.851316657715433
SKU0033,2025-10-14,22,18.0,25.617927346414824
SKU0033,2025-10-21,32,34.0,34.991365378551535
SKU0033,2025-10-28,37,52.0,40.76576916665986
SKU0033,2025-11-04,28,23.0,28.1797170747804
SKU0033,2025-11-11,17,16.0,25.09834373912736
SKU0034,2025-10-07,71,124.46,60.271832249036684
SKU0034,2025-10-14,40,123.41176470588236,75.48647576290195
SKU0034,2025-10-21,81,47.0,86.8518053522492
SKU0034,2025-10-28,119,135.0,107.24830792414144
SKU0034,2025-11-04,76,70.0,66.95270274232463
SKU0034,2025-11-11,66,89.0,65.95213982656627
SKU0035,2025-10-07,32,44.0,42.394627539154385
SKU0035,2025-10-14,42,26.0,44.62694479079664
SKU0035,2025-10-21,53,51.0,65.63966353197216
SKU0035,2025-10-28,71,71.0,67.9822824285449
SKU0035,2025-11-04,53,43.0,56.17317885531288
SKU0035,2025-11-11,53,47.0,46.43159736330552
SKU0036,2025-10-07,125,89.0,107.08024014649875
SKU0036,2025-10-14,138,105.0,121.28599874869113
SKU0036,2025-10-21,142,145.0,147.54158036197236
SKU0036,2025-10-28,206,207.0,140.66113017069767
SKU0036,2025-11-04,159,102.0,116.74327691255219
SKU0036,2025-11-11,127,90.0,130.22824777670718
SKU0037,2025-10-07,31,16.0,29.359596566752046
SKU0037,2025-10-14,33,31.0,32.27090822509603
SKU0037,2025-10-21,52,44.0,43.91729074675364
SKU0037,2025-10-28,68,81.0,50.981993931646414
SKU0037,2025-11-04,42,41.0,41.82051831913952
SKU0037,2025-11-11,41,29.0,38.523654253014115
SKU0038,2025-10-07,130,70.0,124.6002597186412
SKU0038,2025-10-14,167,118.0,129.96599997799953
SKU0038,2025-10-21,194,163.0,144.93076972011718
SKU0038,2025-10-28,277,224.0,151.6838963789216
SKU0038,2025-11-04,171,138.0,133.073626401658
SKU0038,2025-11-11,151,137.0,148.8934407556654
SKU0039,2025-10-07,140,123.0,148.16352365678406
SKU0039,2025-10-14,183,160.0,139.7334921685375
SKU0039,2025-10-21,230,211.0,214.46205054554088
SKU0039,2025-10-28,285,302.0,198.3098684753897
SKU0039,2025-11-04,250,140.0,177.47945424032
SKU0039,2025-11-11,186,163.0,177.44623909475158
SKU0040,2025-10-07,18,22.857142857142858,15.640119433476112
SKU0040,2025-10-14,13,22.689655172413797,19.28364932152172
SKU0040,2025-10-21,19,22.366666666666667,25.057169157126964
SKU0040,2025-10-28,29,22.258064516129032,30.406827954182543
SKU0040,2025-11-04,19,22.46875,19.534261381955005
SKU0040,2025-11-11,22,22.363636363636363,17.305220878097074
SKU0041,2025-10-07,68,46.0,67.79470929848112
SKU0041,2025-10-14,67,46.0,76.4287423339219
SKU0041,2025-10-21,93,65.0,97.54008162139984
SKU0041,2025-10-28,143,112.0,100.97677003107334
SKU0041,2025-11-04,90,55.0,67.3272156966029
SKU0041,2025-11-11,85,77.0,74.21906185490303
SKU0042,2025-10-07,40,29.0,35.30003365715949
SKU0042,2025-10-14,39,23.0,40.78452619588212
SKU0042,2025-10-21,49,33.0,53.20708047850791
SKU0042,2025-10-28,73,62.0,64.24353500033627
SKU0042,2025-11-04,45,40.0,45.094117260412226
SKU0042,2025-11-11,30,23.0,42.14850582123539
SKU0043,2025-10-07,75,61.0,67.30474288953985
SKU0043,2025-10-14,65,68.0,80.9556017144534
SKU0043,2025-10-21,87,90.0,97.90867087828468
SKU0043,2025-10-28,137,123.0,103.44429767251046
SKU0043,2025-11-04,70,60.0,75.00443027138449
SKU0043,2025-11-11,78,50.0,76.79390284301051
SKU0044,2025-10-07,155,103.0,149.70791808940518
SKU0044,2025-10-14,169,122.0,168.76824210116726
SKU0044,2025-10-21,226,222.0,218.7893008509947
SKU0044,2025-10-28,274,308.0,178.03564673806684
SKU0044,2025-11-04,157,168.0,177.6907144433814
SKU0044,2025-11-11,180,158.0,164.57323447107396
SKU0045,2025-10-07,19,50.42,24.55544285683403
SKU0045,2025-10-14,40,49.80392156862745,24.95970175008713
SKU0045,2025-10-21,35,22.0,45.10965080443901
SKU0045,2025-10-28,50,61.0,43.09330982493402
SKU0045,2025-11-04,36,34.0,30.37177471962514
SKU0045,2025-11-11,32,24.0,31.697814728416866
SKU0046,2025-10-07,83,64.0,65.99635882279927
SKU0046,2025-10-14,65,72.0,79.51767998333776
SKU0046,2025-10-21,76,83.0,97.49118017301
SKU0046,2025-10-28,115,122.0,93.02901518958654
SKU0046,2025-11-04,85,65.0,69.75232996610532
SKU0046,2025-11-11,73,43.0,67.11380412064418
SKU0047,2025-10-07,99,87.0,74.12053268853742
SKU0047,2025-10-14,86,103.0,92.74579423046377
SKU0047,2025-10-21,135,122.0,111.00680580492909
SKU0047,2025-10-28,124,180.0,90.84145067720499
SKU0047,2025-11-04,81,79.0,96.58046045920734
SKU0047,2025-11-11,93,84.0,85.2874142082712
SKU0048,2025-10-07,78,62.0,78.66207162386418
SKU0048,2025-10-14,82,71.0,83.55243352347945
SKU0048,2025-10-21,106,92.0,116.00986596964152
SKU0048,2025-10-28,143,140.0,107.00653511536366
SKU0048,2025-11-04,114,76.0,72.39240056600448
SKU0048,2025-11-11,97,75.0,85.97651722807494
SKU0049,2025-10-07,74,86.0,93.58104523159062
SKU0049,2025-10-14,102,75.0,101.76936269455635
SKU0049,2025-10-21,143,129.0,123.14145576871749
SKU0049,2025-10-28,159,181.0,137.75948342879767
SKU0049,2025-11-04,143,82.0,121.74826924462123
SKU0049,2025-11-11,73,109.0,113.4299161230847
SKU0050,2025-10-07,70,66.0,90.5623858665156
SKU0050,2025-10-14,96,66.0,91.66207212652623
SKU0050,2025-10-21,117,142.0,113.74005899689607
SKU0050,2025-10-28,150,176.0,119.05679926330637
SKU0050,2025-11-04,76,104.0,102.37290105175893
SKU0050,2025-11-11,115,109.0,86.2519259596657
SKU0051,2025-10-07,56,87.2,42.36084966150905
SKU0051,2025-10-14,45,86.58823529411765,53.727369273017594
SKU0051,2025-10-21,78,17.0,67.55746023276899
SKU0051,2025-10-28,101,86.0,72.13901895341337
SKU0051,2025-11-04,53,47.0,60.33026192401561
SKU0051,2025-11-11,50,50.0,54.28145627039348
SKU0052,2025-10-07,84,78.0,95.78399965370545
SKU0052,2025-10-14,99,102.0,103.4839092386676
SKU0052,2025-10-21,126,122.0,128.36165330195297
SKU0052,2025-10-28,213,157.0,140.0879478338686
SKU0052,2025-11-04,148,106.0,96.82475571706699
SKU0052,2025-11-11,99,89.0,115.90923665829663
SKU0053,2025-10-07,78,83.0,78.20749036259157
SKU0053,2025-10-14,106,68.0,83.82104939894255
SKU0053,2025-10-21,118,105.0,103.86430836873605
SKU0053,2025-10-28,152,152.0,94.50058343935302
SKU0053,2025-11-04,112,88.0,85.3042870997134
SKU0053,2025-11-11,93,75.0,96.7638920230437
SKU0054,2025-10-07,106,99.0,112.24569094697182
SKU0054,2025-10-14,121,112.0,115.22666718898324
SKU0054,2025-10-21,165,122.0,156.6899698316084
SKU0054,2025-10-28,187,235.0,123.92246160008766
SKU0054,2025-11-04,165,130.0,138.4621089205318
SKU0054,2025-11-11,160,136.0,128.11886986318072
SKU0055,2025-10-07,24,16.0,19.06535223320781
SKU0055,2025-10-14,26,28.0,21.03458445539651
SKU0055,2025-10-21,25,26.0,34.2039160896007
SKU0055,2025-10-28,30,43.0,32.63413122903238
SKU0055,2025-11-04,16,22.0,19.42650678246758
SKU0055,2025-11-11,21,26.0,19.67021951137727
SKU0056,2025-10-07,21,18.0,27.01811564253681
SKU0056,2025-10-14,29,22.0,28.65679363569725
SKU0056,2025-10-21,38,32.0,40.88803120954519
SKU0056,2025-10-28,49,48.0,44.96612905116166
SKU0056,2025-11-04,32,25.0,30.85695583897359
SKU0056,2025-11-11,30,23.0,29.44335192998189
SKU0057,2025-10-07,122,121.0,144.15867197204426
SKU0057,2025-10-14,148,130.0,154.4658009533436
SKU0057,2025-10-21,201,216.0,189.07424526627477
SKU0057,2025-10-28,294,246.0,175.32853879631344
SKU0057,2025-11-04,177,140.0,179.35772006433058
SKU0057,2025-11-11,164,119.0,165.9163665300209
SKU0058,2025-10-07,154,99.0,130.18159707484529
SKU0058,2025-10-14,103,115.0,140.24361335651687
SKU0058,2025-10-21,201,178.0,167.09284884648963
SKU0058,2025-10-28,257,256.0,131.87541582963215
SKU0058,2025-11-04,158,142.0,129.824530281496
SKU0058,2025-11-11,155,157.0,144.9573364113368
SKU0059,2025-10-07,154,178.14,126.4667571758783
SKU0059,2025-10-14,167,177.66666666666666,136.35342713699538
SKU0059,2025-10-21,198,66.0,185.42274968304625
SKU0059,2025-10-28,284,329.0,158.7552172555811
SKU0059,2025-11-04,182,188.0,159.1589766201868
SKU0059,2025-11-11,139,162.0,151.84371042327223
SKU0060,2025-10-07,99,55.0,82.6308237461116
SKU0060,2025-10-14,96,54.0,92.5664466713719
SKU0060,2025-10-21,144,119.0,108.58698723328662
SKU0060,2025-10-28,175,150.0,113.11229245888778
SKU0060,2025-11-04,109,79.0,100.89833029752324
SKU0060,2025-11-11,80,90.0,98.60702893952802
SKU0061,2025-10-07,33,75.67857142857143,43.65087990751015
SKU0061,2025-10-14,37,74.20689655172414,45.45225723047853
SKU0061,2025-10-21,60,72.96666666666667,62.031416847437214
SKU0061,2025-10-28,95,72.54838709677419,73.95544393667431
SKU0061,2025-11-04,55,73.25,53.38127107564593
SKU0061,2025-11-11,30,72.6969696969697,50.25692658803551
SKU0062,2025-10-07,121,92.0,107.04545094690609
SKU0062,2025-10-14,93,94.0,117.18892531213575
SKU0062,2025-10-21,161,175.0,145.17890444347776
SKU0062,2025-10-28,179,214.0,138.82250037200893
SKU0062,2025-11-04,140,113.0,122.91097580983063
SKU0062,2025-11-11,126,118.0,119.57470288169606
SKU0063,2025-10-07,47,76.0,66.92779804507573
SKU0063,2025-10-14,59,98.0,73.85149158307809
SKU0063,2025-10-21,60,144.0,95.37217769905152
SKU0063,2025-10-28,104,190.0,97.16593039219849
SKU0063,2025-11-04,88,84.0,79.73510735513118
SKU0063,2025-11-11,62,89.0,66.42114841197069
SKU0064,2025-10-07,115,138.0,111.79587697847127
SKU0064,2025-10-14,101,163.0,122.38166166361808
SKU0064,2025-10-21,143,151.0,158.06120912982774
SKU0064,2025-10-28,191,265.0,152.57991318531813
SKU0064,2025-11-04,130,79.0,114.15823085114745
SKU0064,2025-11-11,154,134.0,110.76596280096369
SKU0065,2025-10-07,95,147.0,117.0666060500255
SKU0065,2025-10-14,92,136.0,124.65885782594216
SKU0065,2025-10-21,137,162.0,161.8282496036014
SKU0065,2025-10-28,200,296.0,145.96331750333786
SKU0065,2025-11-04,102,108.0,106.09051960804366
SKU0065,2025-11-11,132,145.0,106.78580227155872
SKU0066,2025-10-07,13,9.0,12.561583612030432
SKU0066,2025-10-14,8,13.0,15.438392020966726
SKU0066,2025-10-21,17,19.0,22.509992598972467
SKU0066,2025-10-28,24,24.0,23.957897332326763
SKU0066,2025-11-04,12,6.0,13.474848052256748
SKU0066,2025-11-11,12,7.0,12.168453611593328
SKU0067,2025-10-07,106,117.0,114.12646194427363
SKU0067,2025-10-14,138,105.0,119.07264391898386
SKU0067,2025-10-21,145,187.0,152.86034701440232
SKU0067,2025-10-28,219,243.0,147.02187429045958
SKU0067,2025-11-04,179,134.0,104.6028437532856
SKU0067,2025-11-11,135,135.0,119.43302009910765
SKU0068,2025-10-07,143,125.0,127.44898307059276
SKU0068,2025-10-14,172,106.0,139.1156940965116
SKU0068,2025-10-21,174,155.0,151.33465267929813
SKU0068,2025-10-28,232,260.0,175.5335489607677
SKU0068,2025-11-04,163,129.0,160.28117619467375
SKU0068,2025-11-11,116,111.0,154.38199833471856
SKU0069,2025-10-07,131,136.0,130.19833780929036
SKU0069,2025-10-14,129,116.0,139.87610320101973
SKU0069,2025-10-21,170,206.0,179.44719332311584
SKU0069,2025-10-28,245,244.0,157.39680874013527
SKU0069,2025-11-04,171,173.0,131.944205559373
SKU0069,2025-11-11,147,162.0,141.15523274607622
SKU0070,2025-10-07,136,141.0,135.55295712365918
SKU0070,2025-10-14,164,154.0,141.41659436433298
SKU0070,2025-10-21,218,204.0,154.3641000049449
SKU0070,2025-10-28,255,279.0,176.15757786709162
SKU0070,2025-11-04,181,148.0,139.4502708092553
SKU0070,2025-11-11,136,164.0,155.95751920615106
SKU0071,2025-10-07,52,46.0,51.52160590066186
SKU0071,2025-10-14,54,43.0,56.207964282421536
SKU0071,2025-10-21,88,51.0,72.46629828687921
SKU0071,2025-10-28,102,80.0,83.19608316311329
SKU0071,2025-11-04,60,41.0,64.51893984702345
SKU0071,2025-11-11,53,45.0,56.93504061092147
SKU0072,2025-10-07,74,126.67857142857144,60.66733001299434
SKU0072,2025-10-14,38,124.86206896551724,70.8372120448101
SKU0072,2025-10-21,91,121.96666666666668,86.00032703991273
SKU0072,2025-10-28,130,120.96774193548389,99.05611300877318
SKU0072,2025-11-04,106,121.25,68.50823195519983
SKU0072,2025-11-11,95,120.78787878787878,75.5537396745391
SKU0073,2025-10-07,173,168.0,187.406611874168
SKU0073,2025-10-14,182,126.0,208.36011512478953
SKU0073,2025-10-21,247,199.0,261.15995477571073
SKU0073,2025-10-28,385,321.0,246.36346195422536
SKU0073,2025-11-04,281,187.0,213.58680694066248
SKU0073,2025-11-11,220,141.0,194.3696007160101
SKU0074,2025-10-07,118,85.0,94.37740011454494
SKU0074,2025-10-14,109,88.0,113.50132723958762
SKU0074,2025-10-21,147,134.0,138.53164695177375
SKU0074,2025-10-28,217,235.0,131.6236989527895
SKU0074,2025-11-04,108,87.0,99.89076358695957
SKU0074,2025-11-11,120,113.0,108.89721357350112
SKU0075,2025-10-07,62,145.38,84.8171630552159
SKU0075,2025-10-14,62,143.7450980392157,87.31262799173679
SKU0075,2025-10-21,105,40.0,121.72259524929211
SKU0075,2025-10-28,155,121.0,126.87872364285774
SKU0075,2025-11-04,77,76.0,100.03321076786375
SKU0075,2025-11-11,82,43.0,79.07726089905005
SKU0076,2025-10-07,131,83.0,108.20000246743098
SKU0076,2025-10-14,140,115.0,122.85976018964455
SKU0076,2025-10-21,162,135.0,168.5034396053371
SKU0076,2025-10-28,239,258.0,141.92859442782338
SKU0076,2025-11-04,152,164.0,132.3106607012111
SKU0076,2025-11-11,131,125.0,123.25233397519244
SKU0077,2025-10-07,112,89.0,96.27382979626624
SKU0077,2025-10-14,94,98.0,110.47141590260927
SKU0077,2025-10-21,136,136.0,137.020486422265
SKU0077,2025-10-28,201,162.0,121.37720643217523
SKU0077,2025-11-04,119,88.0,101.16796693831233
SKU0077,2025-11-11,125,73.0,114.06903010986169
SKU0078,2025-10-07,11,14.928571428571429,10.40296689090007
SKU0078,2025-10-14,10,14.79310344827586,14.691931298544636
SKU0078,2025-10-21,16,14.633333333333333,23.02570732780154
SKU0078,2025-10-28,25,14.67741935483871,22.95258123452017
SKU0078,2025-11-04,10,15.0,12.957828980128571
SKU0078,2025-11-11,11,14.848484848484848,11.280372747174807
SKU0079,2025-10-07,37,35.0,41.0588835710043
SKU0079,2025-10-14,22,65.0,46.23416012985178
SKU0079,2025-10-21,75,94.0,49.53932192975738
SKU0079,2025-10-28,84,125.0,68.77903077010915
SKU0079,2025-11-04,51,57.0,50.55059215817707
SKU0079,2025-11-11,42,83.0,47.93822963936628
SKU0080,2025-10-07,31,30.0,41.97216167508507
SKU0080,2025-10-14,48,31.0,43.78334225969747
SKU0080,2025-10-21,55,61.0,60.708124466977516
SKU0080,2025-10-28,68,75.0,69.03289625839805
SKU0080,2025-11-04,59,34.0,55.89979297997945
SKU0080,2025-11-11,45,36.0,45.051835942380876
SKU0081,2025-10-07,20,11.0,20.17097815729691
SKU0081,2025-10-14,26,20.0,24.281231767903655
SKU0081,2025-10-21,27,29.0,36.12638252335462
SKU0081,2025-10-28,42,34.0,36.055612058044375
SKU0081,2025-11-04,26,17.0,23.297415231621745
SKU0081,2025-11-11,21,18.0,25.06541261461655
SKU0082,2025-10-07,19,17.0,16.297186223704408
SKU0082,2025-10-14,18,12.0,19.502033178876594
SKU0082,2025-10-21,33,25.0,29.226676810234665
SKU0082,2025-10-28,36,34.0,36.33806484543408
SKU0082,2025-11-04,29,17.0,21.436348243276992
SKU0082,2025-11-11,23,15.0,22.689001790404152
SKU0083,2025-10-07,41,53.0,46.56271905669221
SKU0083,2025-10-14,49,51.0,55.382696564310926
SKU0083,2025-10-21,64,72.0,70.11555647232
SKU0083,2025-10-28,81,106.0,72.58617105724875
SKU0083,2025-11-04,61,44.0,70.02042587646973
SKU0083,2025-11-11,56,60.0,58.63972840341819
SKU0084,2025-10-07,57,66.0,62.098179638041096
SKU0084,2025-10-14,51,46.0,69.53101431207344
SKU0084,2025-10-21,108,118.0,74.95565103744762
SKU0084,2025-10-28,109,160.0,89.38193276420893
SKU0084,2025-11-04,62,120.0,70.00640400289458
SKU0084,2025-11-11,85,71.0,60.420051362305
SKU0085,2025-10-07,46,51.0,43.26096712129575
SKU0085,2025-10-14,34,48.0,48.99456042482786
SKU0085,2025-10-21,54,61.0,64.32458512260392
SKU0085,2025-10-28,82,100.0,68.39140491167672
SKU0085,2025-11-04,39,60.0,51.680839563784566
SKU0085,2025-11-11,51,47.0,45.01075706184337
SKU0086,2025-10-14,87,72.25,92.63747809872096
SKU0086,2025-10-21,82,73.88888888888889,119.47166617916743
SKU0086,2025-10-28,148,74.7,134.04738091631668
SKU0086,2025-11-04,92,81.36363636363636,101.08881115200188
SKU0086,2025-11-11,85,82.25,99.22236692156484
SKU0087,2025-10-14,129,147.625,173.91234639023344
SKU0087,2025-10-21,213,145.55555555555554,225.34279346461508
SKU0087,2025-10-28,287,152.3,213.45270124550672
SKU0087,2025-11-04,201,164.54545454545453,156.64851779060683
SKU0087,2025-11-11,185,167.58333333333334,151.60446799718267
SKU0088,2025-10-07,30,76.38,44.148784231248925
SKU0088,2025-10-14,43,75.47058823529412,40.98516215596883
SKU0088,2025-10-21,63,19.0,64.27938070817986
SKU0088,2025-10-28,77,60.0,67.36513744632684
SKU0088,2025-11-04,53,32.0,50.331369948025895
SKU0088,2025-11-11,57,46.0,47.35158219460405
SKU0089,2025-10-07,103,78.0,107.43578410634815
SKU0089,2025-10-14,125,107.0,107.31166747363848
SKU0089,2025-10-21,146,121.0,137.86082265283594
SKU0089,2025-10-28,163,178.0,129.91262261357176
SKU0089,2025-11-04,155,98.0,124.08895091240204
SKU0089,2025-11-11,106,104.0,133.7296660724718
SKU0090,2025-10-07,125,155.0,110.56489386201778
SKU0090,2025-10-14,83,100.0,124.55059762327605
SKU0090,2025-10-21,211,169.0,169.49286607273106
SKU0090,2025-10-28,261,256.0,136.17407050312386
SKU0090,2025-11-04,161,143.0,142.8175594986404
SKU0090,2025-11-11,134,117.0,135.38689543904968
SKU0091,2025-10-07,128,161.72,118.68157494398179
SKU0091,2025-10-14,89,161.05882352941177,126.72177254895462
SKU0091,2025-10-21,144,55.0,181.29154592919548
SKU0091,2025-10-28,214,234.0,193.0176418075287
SKU0091,2025-11-04,110,114.0,137.1472320701335
SKU0091,2025-11-11,123,121.0,124.02053734058657
SKU0092,2025-10-07,88,92.0,81.69825560891917
SKU0092,2025-10-14,92,63.0,89.59359094542577
SKU0092,2025-10-21,125,114.0,117.3032011460387
SKU0092,2025-10-28,174,154.0,120.70823304794723
SKU0092,2025-11-04,114,79.0,84.28411327101716
SKU0092,2025-11-11,79,85.0,94.87183123773974
SKU0093,2025-10-07,49,34.0,49.14015945138312
SKU0093,2025-10-14,45,25.0,56.61723099201366
SKU0093,2025-10-21,73,67.0,72.10991574069632
SKU0093,2025-10-28,97,82.0,72.52980073341897
SKU0093,2025-11-04,64,43.0,53.271767097752594
SKU0093,2025-11-11,57,59.0,54.7763632622902
SKU0094,2025-10-07,13,34.32142857142857,16.577960160085176
SKU0094,2025-10-14,21,33.58620689655172,18.044591858116366
SKU0094,2025-10-21,27,33.166666666666664,30.255377930310438
SKU0094,2025-10-28,24,32.96774193548387,33.92717221134025
SKU0094,2025-11-04,34,32.6875,17.588178502656223
SKU0094,2025-11-11,25,32.72727272727273,21.74073824758273
SKU0095,2025-10-07,23,26.72,20.899783222566327
SKU0095,2025-10-14,20,26.647058823529413,24.12640272494164
SKU0095,2025-10-21,27,10.0,35.13791922258591
SKU0095,2025-10-28,43,39.0,37.059815475435315
SKU0095,2025-11-04,24,21.0,25.21426947744582
SKU0095,2025-11-11,23,21.0,21.891362486548346
SKU0096,2025-10-07,79,60.0,82.23851524305886
SKU0096,2025-10-14,119,53.0,91.72839545856996
SKU0096,2025-10-21,136,93.0,107.90744741914486
SKU0096,2025-10-28,158,142.0,129.83911916616515
SKU0096,2025-11-04,100,90.0,111.09094215421179
SKU0096,2025-11-11,75,72.0,105.22728347802158
SKU0097,2025-10-07,134,100.0,110.57449899405898
SKU0097,2025-10-14,80,139.0,121.34997958325003
SKU0097,2025-10-21,162,151.0,138.30232356741692
SKU0097,2025-10-28,197,231.0,137.8681594945884
SKU0097,2025-11-04,143,123.0,112.40634716373707
SKU0097,2025-11-11,109,115.0,115.17396373821843
SKU0098,2025-10-07,76,95.0,94.79505704700466
SKU0098,2025-10-14,126,120.0,98.63361840601581
SKU0098,2025-10-21,132,155.0,131.6335183294096
SKU0098,2025-10-28,141,195.0,117.82663159207274
SKU0098,2025-11-04,118,117.0,125.14068237344117
SKU0098,2025-11-11,101,126.0,108.24247345471309
SKU0099,2025-10-07,61,115.14285714285714,54.03167863730546
SKU0099,2025-10-14,58,113.27586206896552,64.61391411778116
SKU0099,2025-10-21,81,111.43333333333334,84.13089162146339
SKU0099,2025-10-28,123,110.4516129032258,91.07466341927619
SKU0099,2025-11-04,101,110.84375,68.84603726696895
SKU0099,2025-11-11,56,110.54545454545456,67.52856571918787
SKU0100,2025-10-07,44,57.0,50.24961893142258
SKU0100,2025-10-14,61,42.0,54.831361972444995
SKU0100,2025-10-21,78,59.0,77.42642876261073
SKU0100,2025-10-28,91,99.0,81.03987274150623
SKU0100,2025-11-04,69,56.0,63.11125490493185
SKU0100,2025-11-11,52,43.0,57.58799999329156
SKU0101,2025-10-07,40,40.0,39.96937410212211
SKU0101,2025-10-14,51,40.0,43.78369555306499
SKU0101,2025-10-21,57,68.0,61.4859581833012
SKU0101,2025-10-28,75,77.0,62.05405100688539
SKU0101,2025-11-04,52,41.0,51.694543298969855
SKU0101,2025-11-11,47,37.0,47.988649931400566
SKU0102,2025-10-07,59,50.0,50.6427115267528
SKU0102,2025-10-14,54,40.0,60.26726745251847
SKU0102,2025-10-21,71,81.0,72.2515856118771
SKU0102,2025-10-28,96,104.0,77.58602420078465
SKU0102,2025-11-04,75,64.0,70.70321622356579
SKU0102,2025-11-11,68,71.0,60.15385692209661
SKU0103,2025-10-07,145,99.0,134.4988892512308
SKU0103,2025-10-14,143,126.0,146.39534576196
SKU0103,2025-10-21,220,221.0,173.50399991536662
SKU0103,2025-10-28,298,241.0,163.24126227286618
SKU0103,2025-11-04,201,123.0,144.68596913591702
SKU0103,2025-11-11,139,118.0,162.71871185959398
SKU0104,2025-10-07,90,40.0,69.89052098521924
SKU0104,2025-10-14,66,96.0,86.04296201412947
SKU0104,2025-10-21,130,94.0,117.57449593071647
SKU0104,2025-10-28,163,172.0,87.79905671149855
SKU0104,2025-11-04,116,109.0,86.52024198826822
SKU0104,2025-11-11,64,52.0,86.248919751261
SKU0105,2025-10-07,110,116.0,128.5414007337304
SKU0105,2025-10-14,116,113.0,128.76431435096885
SKU0105,2025-10-21,172,186.0,156.11501303984312
SKU0105,2025-10-28,228,204.0,144.3297342033075
SKU0105,2025-11-04,163,115.0,121.2583180574642
SKU0105,2025-11-11,150,139.0,135.51065090053652
SKU0106,2025-10-07,28,28.0,29.242980969145957
SKU0106,2025-10-14,36,29.0,33.58135453034504
SKU0106,2025-10-21,42,41.0,44.93978846241086
SKU0106,2025-10-28,60,59.0,50.881271658717246
SKU0106,2025-11-04,39,36.0,40.44099933657039
SKU0106,2025-11-11,33,35.0,36.551477055835534
SKU0107,2025-10-07,73,67.0,103.37831755775346
SKU0107,2025-10-14,120,97.0,101.01651519328506
SKU0107,2025-10-21,147,120.0,143.09112679937212
SKU0107,2025-10-28,172,207.0,150.4895112652273
SKU0107,2025-11-04,119,119.0,102.54822594222833
SKU0107,2025-11-11,110,146.0,114.12528526015959
SKU0108,2025-10-07,71,73.0,79.04306760185936
SKU0108,2025-10-14,89,62.0,86.20983599113971
SKU0108,2025-10-21,129,104.0,111.65553611821046
SKU0108,2025-10-28,172,146.0,91.1192522126201
SKU0108,2025-11-04,103,66.0,89.34043773464106
SKU0108,2025-11-11,85,72.0,89.35194056386183
SKU0109,2025-10-07,75,58.0,85.66385857162696
SKU0109,2025-10-14,110,60.0,88.61061117225037
SKU0109,2025-10-21,87,75.0,99.42962573474074
SKU0109,2025-10-28,135,202.0,110.32705952114306
SKU0109,2025-11-04,85,108.0,92.28120164924567
SKU0109,2025-11-11,102,84.0,91.26487528040202
SKU0110,2025-10-07,19,25.0,22.478854928052996
SKU0110,2025-10-14,22,25.0,23.442803724001838
SKU0110,2025-10-21,37,40.0,35.40438988527634
SKU0110,2025-10-28,45,54.0,41.69410945699182
SKU0110,2025-11-04,22,33.0,28.86016012497304
SKU0110,2025-11-11,27,24.0,23.529958707728067
SKU0111,2025-10-14,74,68.875,88.22449943756939
SKU0111,2025-10-21,95,69.44444444444444,119.30932570238588
SKU0111,2025-10-28,156,72.0,121.73049325826916
SKU0111,2025-11-04,84,79.63636363636364,97.72416918817008
SKU0111,2025-11-11,76,80.0,86.6207785890554
SKU0112,2025-10-07,17,16.0,14.152864591079027
SKU0112,2025-10-14,18,10.0,17.13653134847066
SKU0112,2025-10-21,22,17.0,27.31342729272719
SKU0112,2025-10-28,33,30.0,31.444433019718716
SKU0112,2025-11-04,19,18.0,19.47375634074963
SKU0112,2025-11-11,21,15.0,17.104987036298358
SKU0113,2025-10-07,141,161.07142857142858,130.83713841671346
SKU0113,2025-10-14,142,160.3793103448276,138.81301420616714
SKU0113,2025-10-21,184,159.76666666666668,208.18942532312005
SKU0113,2025-10-28,252,160.5483870967742,185.56849205030872
SKU0113,2025-11-04,183,163.40625,148.0699037747638
SKU0113,2025-11-11,128,164.0,135.15030186694187
SKU0114,2025-10-07,117,149.78,116.14826725062126
SKU0114,2025-10-14,149,149.13725490196077,122.2915272936857
SKU0114,2025-10-21,144,54.0,170.63492555434183
SKU0114,2025-10-28,267,293.0,196.64512193814406
SKU0114,2025-11-04,178,102.0,125.83961792531551
SKU0114,2025-11-11,147,119.0,138.45779150708714
SKU0115,2025-10-07,61,55.0,50.930067840444714
SKU0115,2025-10-14,82,54.0,64.5798659244143
SKU0115,2025-10-21,86,71.0,87.39254842543406
SKU0115,2025-10-28,97,112.0,88.69358231017193
SKU0115,2025-11-04,77,43.0,71.49265342226647
SKU0115,2025-11-11,53,51.0,64.54634897522122
SKU0116,2025-10-07,151,142.0,132.5980013754407
SKU0116,2025-10-14,162,134.0,144.34896207368914
SKU0116,2025-10-21,196,167.0,158.38485606431712
SKU0116,2025-10-28,238,281.0,143.65442598971578
SKU0116,2025-11-04,165,130.0,162.99828227449336
SKU0116,2025-11-11,124,110.0,155.6936818383373
SKU0117,2025-10-07,108,100.0,133.16747189990784
SKU0117,2025-10-14,123,89.0,140.6281716509734
SKU0117,2025-10-21,222,195.0,181.80521581628778
SKU0117,2025-10-28,243,291.0,145.36110526921848
SKU0117,2025-11-04,194,126.0,124.63820934356069
SKU0117,2025-11-11,138,146.0,139.14467914820034
SKU0118,2025-10-07,33,31.0,28.766567211308544
SKU0118,2025-10-14,35,43.0,32.43335319704904
SKU0118,2025-10-21,47,65.0,44.420139857446685
SKU0118,2025-10-28,56,74.0,48.07124568394949
SKU0118,2025-11-04,46,52.0,39.88516005179768
SKU0118,2025-11-11,40,32.0,38.36261221587106
SKU0119,2025-10-07,75,128.64285714285714,71.56213989888316
SKU0119,2025-10-14,107,126.79310344827586,79.68606802951615
SKU0119,2025-10-21,126,126.13333333333334,122.95023003283356
SKU0119,2025-10-28,184,126.12903225806453,107.00420035104595
SKU0119,2025-11-04,88,127.9375,103.09345374841328
SKU0119,2025-11-11,118,126.72727272727272,93.04723308347266
SKU0120,2025-10-07,12,20.0,16.442078764459318
SKU0120,2025-10-14,21,20.0,16.679919397460026
SKU0120,2025-10-21,15,30.0,26.874163565637293
SKU0120,2025-10-28,36,43.0,26.388284766281313
SKU0120,2025-11-04,20,23.0,19.203311224559734
SKU0120,2025-11-11,21,17.0,17.981275269685604
SKU0121,2025-10-07,105,91.0,112.78508154758077
SKU0121,2025-10-14,116,111.0,118.11511743898977
SKU0121,2025-10-21,193,178.0,153.7350407544657
SKU0121,2025-10-28,262,276.0,119.28936272394141
SKU0121,2025-11-04,169,151.0,108.8082339158871
SKU0121,2025-11-11,161,116.0,138.74112874238324
SKU0122,2025-10-07,47,55.0,62.44529083329482
SKU0122,2025-10-14,73,66.0,67.40364025992467
SKU0122,2025-10-21,70,138.0,98.36800293760194
SKU0122,2025-10-28,96,127.0,99.21530351390899
SKU0122,2025-11-04,70,94.0,75.61847876896441
SKU0122,2025-11-11,79,91.0,60.24273028843432
SKU0123,2025-10-07,68,69.32,50.60837135408094
SKU0123,2025-10-14,75,69.29411764705883,69.85631206125397
SKU0123,2025-10-21,86,31.0,88.4499721793041
SKU0123,2025-10-28,109,98.0,100.09564069271073
SKU0123,2025-11-04,65,47.0,71.39130439768813
SKU0123,2025-11-11,57,54.0,63.30111804243552
SKU0124,2025-10-07,25,24.0,27.079044612385964
SKU0124,2025-10-14,28,15.0,30.912048698199655
SKU0124,2025-10-21,39,26.0,40.91873627379674
SKU0124,2025-10-28,46,46.0,47.158987231371746
SKU0124,2025-11-04,29,21.0,31.510986639214966
SKU0124,2025-11-11,23,20.0,28.195779666545207
SKU0125,2025-10-07,63,40.0,60.61197035101502
SKU0125,2025-10-14,39,71.0,68.10110710409587
SKU0125,2025-10-21,66,121.0,72.92163691768256
SKU0125,2025-10-28,94,142.0,81.73528587557317
SKU0125,2025-11-04,85,76.0,72.24185482712714
SKU0125,2025-11-11,64,78.0,68.42679559435608
SKU0126,2025-10-07,70,93.0,84.13473201450039
SKU0126,2025-10-14,103,79.0,92.68123057318317
SKU0126,2025-10-21,136,122.0,119.13136200500855
SKU0126,2025-10-28,225,161.0,94.84106053960215
SKU0126,2025-11-04,125,92.0,98.63651275350384
SKU0126,2025-11-11,123,117.0,114.26917077247896
SKU0127,2025-10-07,108,105.0,96.53929296997082
SKU0127,2025-10-14,134,93.0,107.71507367704433
SKU0127,2025-10-21,140,108.0,147.42896951312252
SKU0127,2025-10-28,179,199.0,138.34353689688487
SKU0127,2025-11-04,130,90.0,113.64761665014632
SKU0127,2025-11-11,101,65.0,113.33257076479377
SKU0128,2025-10-07,41,46.0,47.671858401931736
SKU0128,2025-10-14,63,37.0,51.040424126404446
SKU0128,2025-10-21,76,53.0,71.73994875071668
SKU0128,2025-10-28,98,76.0,82.9977410334819
SKU0128,2025-11-04,73,60.0,63.788329801657596
SKU0128,2025-11-11,64,45.0,57.36722109888021
SKU0129,2025-10-07,95,42.0,78.58126290386036
SKU0129,2025-10-14,69,64.0,91.12317926886
SKU0129,2025-10-21,123,92.0,102.11917719052019
SKU0129,2025-10-28,167,136.0,87.24019394121547
SKU0129,2025-11-04,90,75.0,86.9494951405995
SKU0129,2025-11-11,89,91.0,88.09385627584076
SKU0130,2025-10-07,13,16.0,14.7492944217579
SKU0130,2025-10-14,10,14.0,15.455729568543745
SKU0130,2025-10-21,23,29.0,23.083722286429108
SKU0130,2025-10-28,29,44.0,26.344427668982103
SKU0130,2025-11-04,16,14.0,15.684058329027291
SKU0130,2025-11-11,15,26.0,13.525124945766672
SKU0131,2025-10-07,48,41.0,53.72815554848771
SKU0131,2025-10-14,60,40.0,57.26729007711504
SKU0131,2025-10-21,54,85.0,69.79088701262006
SKU0131,2025-10-28,87,118.0,71.76205279402723
SKU0131,2025-11-04,68,62.0,67.49944539594728
SKU0131,2025-11-11,63,61.0,60.573219666588216
SKU0132,2025-10-07,33,32.0,26.463908709615364
SKU0132,2025-10-14,28,27.0,34.17258762681348
SKU0132,2025-10-21,44,36.0,40.5630282925478
SKU0132,2025-10-28,42,58.0,47.810180511713085
SKU0132,2025-11-04,26,30.0,31.178671364426226
SKU0132,2025-11-11,25,31.0,26.682329113004023
SKU0133,2025-10-07,113,112.0,120.92193400701484
SKU0133,2025-10-14,119,122.0,120.81382200949804
SKU0133,2025-10-21,157,174.0,156.90439372804505
SKU0133,2025-10-28,221,191.0,154.0594631809313
SKU0133,2025-11-04,128,113.0,105.08906382186295
SKU0133,2025-11-11,123,136.0,127.2947690533449
SKU0134,2025-10-07,84,90.0,63.30123772294262
SKU0134,2025-10-14,83,78.0,80.71047102358169
SKU0134,2025-10-21,58,102.0,99.43719219976137
SKU0134,2025-10-28,106,146.0,107.10116315781627
SKU0134,2025-11-04,49,108.0,91.56334944918801
SKU0134,2025-11-11,72,67.0,67.83926123260055
SKU0135,2025-10-07,42,44.0,39.62750182268977
SKU0135,2025-10-14,31,27.0,46.5164582700802
SKU0135,2025-10-21,53,59.0,54.75313401493584
SKU0135,2025-10-28,54,134.0,61.482483235903025
SKU0135,2025-11-04,46,80.0,52.61757753778574
SKU0135,2025-11-11,68,78.0,41.96138281003104
SKU0136,2025-10-07,57,41.0,66.0032330597811
SKU0136,2025-10-14,56,72.0,76.18577576122708
SKU0136,2025-10-21,88,105.0,86.10389992420967
SKU0136,2025-10-28,114,134.0,93.85434765899417
SKU0136,2025-11-04,67,91.0,77.07800017015985
SKU0136,2025-11-11,80,93.0,67.16816062208692
SKU0137,2025-10-07,148,136.0,130.39925267917687
SKU0137,2025-10-14,143,161.0,136.6363563482203
SKU0137,2025-10-21,160,211.0,183.61176247229082
SKU0137,2025-10-28,234,290.0,194.0663757019551
SKU0137,2025-11-04,140,116.0,154.95225696090208
SKU0137,2025-11-11,149,140.0,138.0104844616229
SKU0138,2025-10-07,30,115.46428571428572,62.384078625417146
SKU0138,2025-10-14,53,112.51724137931036,67.29463800334959
SKU0138,2025-10-21,126,110.53333333333332,88.00375170199436
SKU0138,2025-10-28,118,111.03225806451611,109.99083108638719
SKU0138,2025-11-04,72,111.25,80.54044396089918
SKU0138,2025-11-11,100,110.06060606060606,66.28893720185025
SKU0139,2025-10-07,7,7.0,10.815246139019807
SKU0139,2025-10-14,5,10.0,13.629156892794919
SKU0139,2025-10-21,13,15.0,22.041147734792574
SKU0139,2025-10-28,23,29.0,22.743195482076782
SKU0139,2025-11-04,11,9.0,11.96739909450373
SKU0139,2025-11-11,6,11.0,11.277079235744466
SKU0140,2025-10-07,76,72.0,79.87740868423937
SKU0140,2025-10-14,70,47.0,83.44034595474683
SKU0140,2025-10-21,130,122.0,115.4607062998945
SKU0140,2025-10-28,124,188.0,124.28855327739026
SKU0140,2025-11-04,76,91.0,97.52457609023277
SKU0140,2025-11-11,92,75.0,78.43389107113241
SKU0141,2025-10-07,32,27.0,40.60288056339132
SKU0141,2025-10-14,51,39.0,43.78334225969747
SKU0141,2025-10-21,61,58.0,60.54176013689822
SKU0141,2025-10-28,69,79.0,68.70555051978621
SKU0141,2025-11-04,57,44.0,48.93065664158388
SKU0141,2025-11-11,43,57.0,48.14518869622088
SKU0142,2025-10-07,65,78.0,67.62094356934175
SKU0142,2025-10-14,63,64.0,79.1692449286094
SKU0142,2025-10-21,125,84.0,101.33579878546271
SKU0142,2025-10-28,107,133.0,93.63059024813313
SKU0142,2025-11-04,89,80.0,87.09541070839953
SKU0142,2025-11-11,72,67.0,75.46294441496222
SKU0143,2025-10-07,73,128.44,78.07576512007616
SKU0143,2025-10-14,42,127.3529411764706,80.01790962879835
SKU0143,2025-10-21,98,54.0,107.84365422048639
SKU0143,2025-10-28,140,190.0,125.05941429024541
SKU0143,2025-11-04,102,104.0,87.35052774261123
SKU0143,2025-11-11,97,66.0,78.17128944840792
SKU0144,2025-10-07,106,111.0,123.12852545737795
SKU0144,2025-10-14,110,102.0,122.26740515024791
SKU0144,2025-10-21,169,145.0,167.18073314135984
SKU0144,2025-10-28,221,198.0,150.0834903854436
SKU0144,2025-11-04,162,91.0,108.9486446007481
SKU0144,2025-11-11,129,110.0,129.63665932507982
SKU0145,2025-10-07,174,159.0,164.31672096972906
SKU0145,2025-10-14,231,198.0,207.69651549682834
SKU0145,2025-10-21,299,256.0,263.35699697954817
SKU0145,2025-10-28,334,371.0,225.02495819996187
SKU0145,2025-11-04,246,173.0,208.19800808886393
SKU0145,2025-11-11,218,130.0,202.34318007330972
SKU0146,2025-10-07,119,82.0,83.93568893364828
SKU0146,2025-10-14,86,85.0,110.30946797748727
SKU0146,2025-10-21,106,215.0,107.2374706893692
SKU0146,2025-10-28,175,242.0,122.44693760330661
SKU0146,2025-11-04,124,140.0,86.09211753247438
SKU0146,2025-11-11,122,102.0,98.77813616581277
SKU0147,2025-10-07,70,71.0,93.56456790178942
SKU0147,2025-10-14,72,56.0,100.10227785959421
SKU0147,2025-10-21,124,116.0,118.06853076359265
SKU0147,2025-10-28,153,214.0,114.0157203293503
SKU0147,2025-11-04,140,61.0,95.47893506321883
SKU0147,2025-11-11,94,107.0,98.11435069658181
SKU0148,2025-10-07,56,117.24,65.92351201546985
SKU0148,2025-10-14,65,116.03921568627452,72.91469009664014
SKU0148,2025-10-21,90,35.0,101.31655125141317
SKU0148,2025-10-28,115,126.0,116.50963805522451
SKU0148,2025-11-04,91,70.0,81.75302553307463
SKU0148,2025-11-11,56,62.0,72.6081267114379
SKU0149,2025-10-07,24,27.0,27.357100440991456
SKU0149,2025-10-14,33,20.0,29.380561435903605
SKU0149,2025-10-21,39,46.0,42.708862116081235
SKU0149,2025-10-28,57,60.0,48.07798346134323
SKU0149,2025-11-04,37,28.0,29.95795542116752
SKU0149,2025-11-11,31,24.0,34.02231178616063
SKU0150,2025-10-07,30,69.94,35.33639196989223
SKU0150,2025-10-14,24,69.15686274509804,35.502099801283414
SKU0150,2025-10-21,74,22.0,41.704742644511995
SKU0150,2025-10-28,88,81.0,60.240391788268376
SKU0150,2025-11-04,42,45.0,45.89670784456784
SKU0150,2025-11-11,34,60.0,41.62140698816305
SKU0151,2025-10-07,153,150.0,152.5289544578524
SKU0151,2025-10-14,160,148.0,159.5553902382208
SKU0151,2025-10-21,210,207.0,189.50792732726742
SKU0151,2025-10-28,268,272.0,192.79306994828127
SKU0151,2025-11-04,171,169.0,151.13009650165628
SKU0151,2025-11-11,133,137.0,165.5212197763053
SKU0152,2025-10-07,46,70.0,66.01538272056719
SKU0152,2025-10-14,83,98.0,74.21968663022203
SKU0152,2025-10-21,100,115.0,89.77987652660518
SKU0152,2025-10-28,118,159.0,107.21955329462635
SKU0152,2025-11-04,59,74.0,74.46499157471685
SKU0152,2025-11-11,61,82.0,69.63336431793297
SKU0153,2025-10-07,37,19.0,30.370835631022327
SKU0153,2025-10-14,33,24.0,36.93991073159462
SKU0153,2025-10-21,43,54.0,44.94013984930029
SKU0153,2025-10-28,74,64.0,46.42192995609533
SKU0153,2025-11-04,59,26.0,41.43906518968682
SKU0153,2025-11-11,34,34.0,39.02995784156477
SKU0154,2025-10-07,50,33.0,47.73273095852074
SKU0154,2025-10-14,49,48.0,53.80947600750535
SKU0154,2025-10-21,62,66.0,68.974495999696
SKU0154,2025-10-28,93,113.0,79.52070405849535
SKU0154,2025-11-04,78,56.0,63.82551502213328
SKU0154,2025-11-11,55,52.0,57.44213600799381
SKU0155,2025-10-07,72,66.0,55.90428900991524
SKU0155,2025-10-14,81,67.0,65.80358257182668
SKU0155,2025-10-21,74,120.0,91.45163659715239
SKU0155,2025-10-28,121,147.0,94.09512124416912
SKU0155,2025-11-04,74,79.0,60.298106478141925
SKU0155,2025-11-11,56,87.0,63.95202025549756
SKU0156,2025-10-07,27,32.0,30.43034237030161
SKU0156,2025-10-14,35,28.0,32.63820376004519
SKU0156,2025-10-21,41,41.0,45.828655930207944
SKU0156,2025-10-28,47,71.0,51.432502333622004
SKU0156,2025-11-04,35,21.0,34.22293108325307
SKU0156,2025-11-11,32,38.0,31.915824353264384
SKU0157,2025-10-07,28,31.0,30.484323314482147
SKU0157,2025-10-14,35,32.0,32.55344530277892
SKU0157,2025-10-21,44,64.0,45.478138323405176
SKU0157,2025-10-28,81,64.0,50.34792472589679
SKU0157,2025-11-04,40,41.0,43.09635795724422
SKU0157,2025-11-11,40,41.0,39.90148043848227
SKU0158,2025-10-07,40,32.0,34.68121012333325
SKU0158,2025-10-14,24,32.0,40.461366436966344
SKU0158,2025-10-21,62,53.0,43.40893197000603
SKU0158,2025-10-28,69,81.0,56.12742444800279
SKU0158,2025-11-04,48,54.0,45.26793669643475
SKU0158,2025-11-11,37,46.0,39.017091217024664
SKU0159,2025-10-07,16,16.0,13.704683468644813
SKU0159,2025-10-14,14,13.0,16.65692778714521
SKU0159,2025-10-21,15,25.0,23.97963328165578
SKU0159,2025-10-28,25,32.0,26.029380024929683
SKU0159,2025-11-04,19,20.0,15.976320276861562
SKU0159,2025-11-11,10,10.0,16.28205149396283
SKU0160,2025-10-07,34,50.5,42.64286387376259
SKU0160,2025-10-14,42,49.93103448275862,42.43181322388484
SKU0160,2025-10-21,65,49.66666666666666,59.386664865955346
SKU0160,2025-10-28,104,50.16129032258065,70.37446405054921
SKU0160,2025-11-04,59,51.84375,55.95162732514546
SKU0160,2025-11-11,38,52.06060606060606,51.02383855677211
SKU0161,2025-10-07,14,8.0,12.547228556807429
SKU0161,2025-10-14,18,15.0,15.233926242575764
SKU0161,2025-10-21,15,21.0,23.142861150328862
SKU0161,2025-10-28,30,30.0,24.863584279673773
SKU0161,2025-11-04,14,16.0,17.739556620207292
SKU0161,2025-11-11,10,17.0,15.40388860767822
SKU0162,2025-10-07,115,107.0,105.5708857848398
SKU0162,2025-10-14,102,114.0,121.17039267890632
SKU0162,2025-10-21,143,200.0,147.49423010017148
SKU0162,2025-10-28,191,281.0,147.45931641366965
SKU0162,2025-11-04,95,104.0,113.8596841985323
SKU0162,2025-11-11,118,135.0,108.11355495483414
SKU0163,2025-10-07,24,19.0,19.11860918645393
SKU0163,2025-10-14,26,23.0,21.86097734689246
SKU0163,2025-10-21,32,34.0,34.22168005196968
SKU0163,2025-10-28,46,52.0,37.443001332914136
SKU0163,2025-11-04,31,23.0,24.687060236850684
SKU0163,2025-11-11,27,18.0,27.042659696166673
SKU0164,2025-10-07,141,162.0,143.95330840725032
SKU0164,2025-10-14,189,116.0,156.3221084182728
SKU0164,2025-10-21,286,185.0,179.31733506982317
SKU0164,2025-10-28,301,260.0,190.32467095852965
SKU0164,2025-11-04,270,175.0,179.48565778643936
SKU0164,2025-11-11,181,154.0,200.28621009367615
SKU0165,2025-10-07,98,158.82,113.49144960487556
SKU0165,2025-10-14,130,157.62745098039215,121.11671629893395
SKU0165,2025-10-21,169,68.0,178.16248916803443
SKU0165,2025-10-28,190,239.0,165.93923037463372
SKU0165,2025-11-04,140,150.0,144.32559302320453
SKU0165,2025-11-11,132,115.0,124.6021334220426
SKU0166,2025-10-07,130,96.0,100.70681380330414
SKU0166,2025-10-14,132,102.0,117.24478915240819
SKU0166,2025-10-21,162,160.0,155.36278054172465
SKU0166,2025-10-28,200,194.0,118.14100015044926
SKU0166,2025-11-04,119,93.0,117.21663846290744
SKU0166,2025-11-11,142,83.0,114.3864220697513
SKU0167,2025-10-07,200,157.0,201.9075895205489
SKU0167,2025-10-14,191,153.0,238.49051062999916
SKU0167,2025-10-21,287,231.0,266.14855574544646
SKU0167,2025-10-28,384,358.0,290.64166524262413
SKU0167,2025-11-04,241,180.0,225.46503089577575
SKU0167,2025-11-11,208,194.0,208.227742360224
SKU0168,2025-10-07,60,84.0,71.420536483252
SKU0168,2025-10-14,73,65.0,81.2212235037533
SKU0168,2025-10-21,92,114.0,107.69454849546032
SKU0168,2025-10-28,101,206.0,116.75520690646918
SKU0168,2025-11-04,62,116.0,82.702783552029
SKU0168,2025-11-11,66,62.0,62.25170067428209
SKU0169,2025-10-07,51,68.0,47.312203375515914
SKU0169,2025-10-14,54,63.0,52.346004113288735
SKU0169,2025-10-21,78,87.0,73.04158506300365
SKU0169,2025-10-28,95,133.0,78.73763446275196
SKU0169,2025-11-04,59,76.0,65.92325444411256
SKU0169,2025-11-11,61,72.0,61.329619727526165
SKU0170,2025-10-07,50,43.0,46.81013332161389
SKU0170,2025-10-14,48,38.0,52.99462860264015
SKU0170,2025-10-21,69,74.0,66.19715782182021
SKU0170,2025-10-28,81,82.0,75.29906228351982
SKU0170,2025-11-04,60,38.0,60.223764178305096
SKU0170,2025-11-11,51,51.0,58.00298198187596
SKU0171,2025-10-07,24,22.0,19.231318470507645
SKU0171,2025-10-14,20,27.0,23.458468710695065
SKU0171,2025-10-21,30,30.0,32.51807654145954
SKU0171,2025-10-28,40,44.0,36.69312307359866
SKU0171,2025-11-04,28,26.0,23.509517143493962
SKU0171,2025-11-11,24,21.0,22.35506345712912
SKU0172,2025-10-07,88,65.0,83.76111888365686
SKU0172,2025-10-14,71,71.0,92.47977373240906
SKU0172,2025-10-21,96,125.0,102.34568767625326
SKU0172,2025-10-28,141,139.0,108.72481781118604
SKU0172,2025-11-04,89,72.0,77.77439276892741
SKU0172,2025-11-11,55,89.0,83.60406096836829
SKU0173,2025-10-07,100,83.0,90.78121247467668
SKU0173,2025-10-14,105,83.0,101.73867337658355
SKU0173,2025-10-21,129,126.0,121.40683531903282
SKU0173,2025-10-28,188,169.0,126.51013605696923
SKU0173,2025-11-04,130,102.0,110.07648815339881
SKU0173,2025-11-11,104,90.0,110.36547555489774
SKU0174,2025-10-07,35,35.0,35.97641317500696
SKU0174,2025-10-14,33,29.0,37.31522791055755
SKU0174,2025-10-21,52,47.0,47.05855454518461
SKU0174,2025-10-28,64,69.0,56.81589119326107
SKU0174,2025-11-04,46,33.0,45.35573124679517
SKU0174,2025-11-11,37,23.0,40.28364222883043
SKU0175,2025-10-07,113,77.0,115.420019729376
SKU0175,2025-10-14,130,121.0,119.53413037807347
SKU0175,2025-10-21,186,164.0,162.5251871528646
SKU0175,2025-10-28,229,224.0,134.72415827876478
SKU0175,2025-11-04,153,102.0,109.24636907626493
SKU0175,2025-11-11,146,115.0,121.57436018782116
SKU0176,2025-10-07,49,44.0,50.80401003952032
SKU0176,2025-10-14,55,42.0,57.33229294662434
SKU0176,2025-10-21,88,67.0,72.80581747148341
SKU0176,2025-10-28,109,112.0,85.21919487974174
SKU0176,2025-11-04,67,62.0,63.755312118685495
SKU0176,2025-11-11,73,79.0,58.22064015114569
SKU0177,2025-10-07,31,53.25,26.816840879412542
SKU0177,2025-10-14,38,52.48275862068966,33.22487079757025
SKU0177,2025-10-21,45,52.0,46.92698528308453
SKU0177,2025-10-28,68,51.774193548387096,49.61745038657187
SKU0177,2025-11-04,52,52.28125,38.57207963148891
SKU0177,2025-11-11,29,52.27272727272727,39.533356396906484
SKU0178,2025-10-07,46,28.0,61.308657895572274
SKU0178,2025-10-14,64,57.0,67.48344741098177
SKU0178,2025-10-21,100,68.0,77.59231460492971
SKU0178,2025-10-28,113,104.0,79.3539613859962
SKU0178,2025-11-04,75,55.0,67.5755580617338
SKU0178,2025-11-11,79,50.0,65.35048544001103
SKU0179,2025-10-07,30,24.0,18.866813136715688
SKU0179,2025-10-14,17,30.0,26.330455826285174
SKU0179,2025-10-21,22,40.0,31.411952443309694
SKU0179,2025-10-28,28,56.0,33.699082631526984
SKU0179,2025-11-04,27,28.0,18.901413089674985
SKU0179,2025-11-11,22,29.0,22.47867503498926
SKU0180,2025-10-07,49,51.0,40.63773594952547
SKU0180,2025-10-14,51,40.0,48.74445397260325
SKU0180,2025-10-21,54,79.0,66.22771028696833
SKU0180,2025-10-28,84,96.0,68.90349049270091
SKU0180,2025-11-04,45,40.0,58.88938984320178
SKU0180,2025-11-11,54,51.0,45.61632279161675
SKU0181,2025-10-07,144,135.0,148.75350944767143
SKU0181,2025-10-14,183,98.0,150.31175485605024
SKU0181,2025-10-21,187,202.0,208.11655036173414
SKU0181,2025-10-28,318,274.0,208.61497845541663
SKU0181,2025-11-04,220,101.0,168.12738763416854
SKU0181,2025-11-11,224,92.0,171.81833047335738
SKU0182,2025-10-07,86,74.0,92.70057581671779
SKU0182,2025-10-14,104,66.0,97.5820692645272
SKU0182,2025-10-21,140,116.0,131.10943507733137
SKU0182,2025-10-28,186,172.0,124.34845765682468
SKU0182,2025-11-04,132,114.0,96.52899649650905
SKU0182,2025-11-11,148,70.0,111.27527958544323
SKU0183,2025-10-07,152,107.0,131.92971385134402
SKU0183,2025-10-14,157,75.0,140.50384774282696
SKU0183,2025-10-21,204,172.0,152.3571364805439
SKU0183,2025-10-28,250,246.0,136.7827814726912
SKU0183,2025-11-04,185,150.0,138.6711088108591
SKU0183,2025-11-11,159,116.0,152.70827526547384
SKU0184,2025-10-07,64,56.0,59.63787132674327
SKU0184,2025-10-14,69,34.0,72.51855041981806
SKU0184,2025-10-21,97,104.0,91.46454448271827
SKU0184,2025-10-28,121,132.0,83.11773255213329
SKU0184,2025-11-04,79,71.0,68.43180263558983
SKU0184,2025-11-11,64,59.0,67.0915648432045
SKU0185,2025-10-07,73,174.0,106.02427919049471
SKU0185,2025-10-14,142,141.0,105.80591405818986
SKU0185,2025-10-21,101,216.0,136.65443298723048
SKU0185,2025-10-28,167,192.0,163.62531004884966
SKU0185,2025-11-04,129,160.0,109.01281728159503
SKU0185,2025-11-11,90,161.0,110.79494797892401
SKU0186,2025-10-07,27,27.0,25.90509212488449
SKU0186,2025-10-14,32,24.0,29.910491116426183
SKU0186,2025-10-21,42,37.0,42.35349838055843
SKU0186,2025-10-28,55,53.0,45.59515019559836
SKU0186,2025-11-04,36,26.0,33.812294977154515
SKU0186,2025-11-11,33,24.0,33.43953262734701
SKU0187,2025-10-07,59,51.0,47.78854133938256
SKU0187,2025-10-14,52,32.0,58.730427765123586
SKU0187,2025-10-21,75,74.0,70.6383557329415
SKU0187,2025-10-28,93,91.0,78.84930125290842
SKU0187,2025-11-04,62,45.0,64.77534541049707
SKU0187,2025-11-11,55,53.0,59.836548127897466
SKU0188,2025-10-07,188,136.0,161.3302697749479
SKU0188,2025-10-14,203,135.0,224.01135803932004
SKU0188,2025-10-21,220,216.0,235.90919274875498
SKU0188,2025-10-28,325,289.0,238.22736515628597
SKU0188,2025-11-04,218,174.0,199.31874263498506
SKU0188,2025-11-11,173,166.0,184.9405100139747
SKU0189,2025-10-07,140,197.34,133.80433838340159
SKU0189,2025-10-14,135,196.2156862745098,139.84111870308766
SKU0189,2025-10-21,206,77.0,205.85425286880135
SKU0189,2025-10-28,299,224.0,177.45244152388352
SKU0189,2025-11-04,125,131.0,186.7211543376663
SKU0189,2025-11-11,139,123.0,137.13596716049054
SKU0190,2025-10-07,146,128.0,132.91074687508183
SKU0190,2025-10-14,168,120.0,140.64799388447236
SKU0190,2025-10-21,202,241.0,188.46083538243133
SKU0190,2025-10-28,239,268.0,178.31448064986108
SKU0190,2025-11-04,187,157.0,169.7133153487521
SKU0190,2025-11-11,167,135.0,160.31303887871036
SKU0191,2025-10-07,26,83.0,47.99529038919047
SKU0191,2025-10-14,56,74.0,49.2628597757528
SKU0191,2025-10-21,43,92.0,74.07658372158158
SKU0191,2025-10-28,102,133.0,69.86951678339922
SKU0191,2025-11-04,62,59.0,49.01033896672169
SKU0191,2025-11-11,26,74.0,50.01496988725219
SKU0192,2025-10-07,11,7.0,10.803580474488239
SKU0192,2025-10-14,12,10.0,13.629156892794919
SKU0192,2025-10-21,15,19.0,21.297257857118467
SKU0192,2025-10-28,16,26.0,23.97288488060485
SKU0192,2025-11-04,13,14.0,11.189195945603382
SKU0192,2025-11-11,13,13.0,11.688613748046974
SKU0193,2025-10-07,69,70.0,66.42876154357184
SKU0193,2025-10-14,65,59.0,80.49719123937075
SKU0193,2025-10-21,79,114.0,100.00910953368258
SKU0193,2025-10-28,101,131.0,99.1523229171875
SKU0193,2025-11-04,83,71.0,91.26363877408157
SKU0193,2025-11-11,63,65.0,80.07470576351481
SKU0194,2025-10-07,90,96.0,87.52754433079122
SKU0194,2025-10-14,109,91.0,93.64327879084307
SKU0194,2025-10-21,92,115.0,123.09785705579827
SKU0194,2025-10-28,172,199.0,137.359978525257
SKU0194,2025-11-04,97,106.0,99.35359421315377
SKU0194,2025-11-11,62,77.0,92.03322648043718
SKU0195,2025-10-07,23,19.0,17.895423059267458
SKU0195,2025-10-14,23,13.0,21.70044593471528
SKU0195,2025-10-21,28,26.0,32.917632181316264
SKU0195,2025-10-28,39,37.0,36.093272165444965
SKU0195,2025-11-04,23,24.0,23.08138467953613
SKU0195,2025-11-11,23,16.0,20.91213007181096
SKU0196,2025-10-07,106,124.0,138.74263671623035
SKU0196,2025-10-14,152,116.0,129.786672487822
SKU0196,2025-10-21,215,154.0,158.71812895822887
SKU0196,2025-10-28,277,237.0,147.89327386425668
SKU0196,2025-11-04,182,156.0,139.42444332938868
SKU0196,2025-11-11,162,129.0,157.94530173986985
SKU0197,2025-10-07,94,82.0,75.36674852116978
SKU0197,2025-10-14,88,86.0,84.26014090936708
SKU0197,2025-10-21,114,122.0,108.5291599732692
SKU0197,2025-10-28,162,159.0,98.95734692728901
SKU0197,2025-11-04,86,119.0,81.09379602530731
SKU0197,2025-11-11,128,95.0,83.07187148065258
SKU0198,2025-10-07,107,165.10714285714286,79.88570835004718
SKU0198,2025-10-14,95,163.10344827586206,91.66533074234923
SKU0198,2025-10-21,128,160.83333333333334,134.40696162045177
SKU0198,2025-10-28,186,159.7741935483871,116.97562405461377
SKU0198,2025-11-04,137,160.59375,131.00596974043845
SKU0198,2025-11-11,114,159.87878787878788,106.8142217257139
SKU0199,2025-10-07,62,57.0,55.8512877170162
SKU0199,2025-10-14,70,79.0,66.64263870172037
SKU0199,2025-10-21,77,69.0,79.61502859309564
SKU0199,2025-10-28,123,135.0,89.3039535254278
SKU0199,2025-11-04,73,60.0,58.94917969206441
SKU0199,2025-11-11,82,63.0,62.597106917021954
SKU0200,2025-10-07,16,41.7,22.10734822423344
SKU0200,2025-10-14,26,41.19607843137255,22.389697508537804
SKU0200,2025-10-21,28,11.0,34.443001877187584
SKU0200,2025-10-28,42,48.0,36.19033636023876
SKU0200,2025-11-04,30,33.0,25.21426947744582
SKU0200,2025-11-11,23,27.0,25.845274767970785
