date,sku_id,on_hand_units,on_order_units,lead_time_days,reorder_point
2024-01-01,SKU0001,168,242,14.0,132
2024-01-08,SKU0001,156,144,14.0,132
2024-01-15,SKU0001,201,256,14.0,132
2024-01-22,SKU0001,143,0,14.0,132
2024-01-29,SKU0001,157,107,14.0,132
2024-02-05,SKU0001,185,251,14.0,132
2024-02-12,SKU0001,184,205,14.0,132
2024-02-19,SKU0001,178,235,14.0,132
2024-02-26,SKU0001,125,102,14.0,132
2024-03-04,SKU0001,58,104,14.0,132
2024-03-11,SKU0001,52,134,14.0,132
2024-03-18,SKU0001,40,124,14.0,132
2024-03-25,SKU0001,66,151,14.0,132
2024-04-01,SKU0001,68,228,14.0,132
2024-04-08,SKU0001,91,148,14.0,132
2024-04-15,SKU0001,133,254,14.0,132
2024-04-22,SKU0001,135,158,14.0,132
2024-04-29,SKU0001,181,275,14.0,132
2024-05-06,SKU0001,185,185,14.0,132
2024-05-13,SKU0001,163,0,14.0,132
2024-05-20,SKU0001,147,104,14.0,132
2024-05-27,SKU0001,150,269,14.0,132
2024-06-03,SKU0001,157,254,14.0,132
2024-06-10,SKU0001,134,0,14.0,132
2024-06-17,SKU0001,137,176,14.0,132
2024-06-24,SKU0001,101,146,14.0,132
2024-07-01,SKU0001,162,270,14.0,132
2024-07-08,SKU0001,93,104,14.0,132
2024-07-15,SKU0001,113,153,14.0,132
2024-07-22,SKU0001,69,130,14.0,132
2024-07-29,SKU0001,124,286,14.0,132
2024-08-05,SKU0001,135,189,14.0,132
2024-08-12,SKU0001,173,221,14.0,132
2024-08-19,SKU0001,155,113,14.0,132
2024-08-26,SKU0001,164,233,14.0,132
2024-09-02,SKU0001,195,266,14.0,132
2024-09-09,SKU0001,136,0,14.0,132
2024-09-16,SKU0001,122,282,14.0,132
2024-09-23,SKU0001,98,125,14.0,132
2024-09-30,SKU0001,130,254,14.0,132
2024-10-07,SKU0001,172,208,14.0,132
2024-10-14,SKU0001,192,213,14.0,132
2024-10-21,SKU0001,194,243,14.0,132
2024-10-28,SKU0001,169,0,14.0,132
2024-11-04,SKU0001,155,161,14.0,132
2024-11-11,SKU0001,124,158,14.0,132
2024-11-18,SKU0001,101,205,14.0,132
2024-11-25,SKU0001,117,197,14.0,132
2024-12-02,SKU0001,105,205,14.0,132
2024-12-09,SKU0001,93,133,14.0,132
2024-12-16,SKU0001,110,168,14.0,132
2024-12-23,SKU0001,116,122,14.0,132
2024-12-30,SKU0001,83,190,14.0,132
2025-01-06,SKU0001,83,103,14.0,132
2025-01-13,SKU0001,87,291,14.0,132
2025-01-20,SKU0001,88,294,14.0,132
2025-01-27,SKU0001,111,122,14.0,132
2025-02-03,SKU0001,149,273,14.0,132
2025-02-10,SKU0001,151,138,14.0,132
2025-02-17,SKU0001,171,211,14.0,132
2025-02-24,SKU0001,177,190,14.0,132
2025-03-03,SKU0001,142,0,14.0,132
2025-03-10,SKU0001,137,286,14.0,132
2025-03-17,SKU0001,168,143,14.0,132
2025-03-24,SKU0001,139,0,14.0,132
2025-03-31,SKU0001,123,244,14.0,132
2025-04-07,SKU0001,78,132,14.0,132
2025-04-14,SKU0001,47,159,14.0,132
2025-04-21,SKU0001,75,250,14.0,132
2025-04-28,SKU0001,79,238,14.0,132
2025-05-05,SKU0001,63,211,14.0,132
2025-05-12,SKU0001,133,281,14.0,132
2025-05-19,SKU0001,158,140,14.0,132
2025-05-26,SKU0001,164,273,14.0,132
2025-06-02,SKU0001,134,0,14.0,132
2025-06-09,SKU0001,110,116,14.0,132
2025-06-16,SKU0001,147,282,14.0,132
2025-06-23,SKU0001,160,252,14.0,132
2025-06-30,SKU0001,132,0,14.0,132
2025-07-07,SKU0001,103,126,14.0,132
2025-07-14,SKU0001,150,273,14.0,132
2025-07-21,SKU0001,142,188,14.0,132
2025-07-28,SKU0001,153,230,14.0,132
2025-08-04,SKU0001,161,240,14.0,132
2025-08-11,SKU0001,150,0,14.0,132
2025-08-18,SKU0001,179,183,14.0,132
2025-08-25,SKU0001,168,221,14.0,132
2025-09-01,SKU0001,146,179,14.0,132
2025-09-08,SKU0001,126,180,14.0,132
2025-09-15,SKU0001,189,297,14.0,132
2025-09-22,SKU0001,163,243,14.0,132
2025-09-29,SKU0001,142,0,14.0,132
2025-10-06,SKU0001,146,262,14.0,132
2025-10-13,SKU0001,141,155,14.0,132
2025-10-20,SKU0001,175,268,14.0,132
2025-10-27,SKU0001,171,193,14.0,132
2025-11-03,SKU0001,136,134,14.0,132
2025-11-10,SKU0001,175,203,14.0,132
2025-11-17,SKU0001,160,0,14.0,132
2025-11-24,SKU0001,156,239,14.0,132
2025-12-01,SKU0001,152,259,14.0,132
2025-12-08,SKU0001,183,272,14.0,132
2025-12-15,SKU0001,138,0,14.0,132
2025-12-22,SKU0001,138,103,14.0,132
2025-12-29,SKU0001,126,264,14.0,132
2024-01-01,SKU0002,202,280,,135
2024-01-08,SKU0002,179,0,7.0,135
2024-01-15,SKU0002,136,0,7.0,135
2024-01-22,SKU0002,164,134,7.0,135
2024-01-29,SKU0002,142,165,7.0,135
2024-02-05,SKU0002,147,204,7.0,135
2024-02-12,SKU0002,142,236,7.0,135
2024-02-19,SKU0002,113,184,7.0,135
2024-02-26,SKU0002,59,131,7.0,135
2024-03-04,SKU0002,69,232,7.0,135
2024-03-11,SKU0002,37,124,7.0,135
2024-03-18,SKU0002,35,117,7.0,135
2024-03-25,SKU0002,102,289,7.0,135
2024-04-01,SKU0002,101,132,7.0,135
2024-04-08,SKU0002,139,206,7.0,135
2024-04-15,SKU0002,146,259,7.0,135
2024-04-22,SKU0002,151,232,7.0,135
2024-04-29,SKU0002,191,245,7.0,135
2024-05-06,SKU0002,172,0,7.0,135
2024-05-13,SKU0002,144,0,7.0,135
2024-05-20,SKU0002,148,203,7.0,135
2024-05-27,SKU0002,159,254,7.0,135
2024-06-03,SKU0002,119,194,7.0,135
2024-06-10,SKU0002,118,109,7.0,135
2024-06-17,SKU0002,119,197,7.0,135
2024-06-24,SKU0002,89,203,7.0,135
2024-07-01,SKU0002,104,237,7.0,135
2024-07-08,SKU0002,123,272,7.0,135
2024-07-15,SKU0002,129,201,7.0,135
2024-07-22,SKU0002,158,253,7.0,135
2024-07-29,SKU0002,153,197,7.0,135
2024-08-05,SKU0002,135,0,7.0,135
2024-08-12,SKU0002,157,272,7.0,135
2024-08-19,SKU0002,167,140,7.0,135
2024-08-26,SKU0002,159,148,7.0,135
2024-09-02,SKU0002,202,292,7.0,135
2024-09-09,SKU0002,162,0,7.0,135
2024-09-16,SKU0002,136,0,7.0,135
2024-09-23,SKU0002,178,186,7.0,135
2024-09-30,SKU0002,165,131,7.0,135
2024-10-07,SKU0002,158,227,7.0,135
2024-10-14,SKU0002,140,0,7.0,135
2024-10-21,SKU0002,163,251,7.0,135
2024-10-28,SKU0002,202,228,7.0,135
2024-11-04,SKU0002,148,138,7.0,135
2024-11-11,SKU0002,124,106,7.0,135
2024-11-18,SKU0002,84,101,7.0,135
2024-11-25,SKU0002,133,264,7.0,135
2024-12-02,SKU0002,171,215,7.0,135
2024-12-09,SKU0002,163,237,7.0,135
2024-12-16,SKU0002,161,186,7.0,135
2024-12-23,SKU0002,144,0,7.0,135
2024-12-30,SKU0002,149,112,7.0,135
2025-01-06,SKU0002,185,276,7.0,135
2025-01-13,SKU0002,202,285,7.0,135
2025-01-20,SKU0002,142,0,7.0,135
2025-01-27,SKU0002,139,272,7.0,135
2025-02-03,SKU0002,108,133,7.0,135
2025-02-10,SKU0002,98,168,7.0,135
2025-02-17,SKU0002,57,112,7.0,135
2025-02-24,SKU0002,30,102,7.0,135
2025-03-03,SKU0002,33,110,7.0,135
2025-03-10,SKU0002,80,268,7.0,135
2025-03-17,SKU0002,80,134,7.0,135
2025-03-24,SKU0002,75,188,7.0,135
2025-03-31,SKU0002,89,123,7.0,135
2025-04-07,SKU0002,103,231,7.0,135
2025-04-14,SKU0002,103,139,7.0,135
2025-04-21,SKU0002,53,119,7.0,135
2025-04-28,SKU0002,81,272,7.0,135
2025-05-05,SKU0002,47,159,7.0,135
2025-05-12,SKU0002,61,191,7.0,135
2025-05-19,SKU0002,85,285,7.0,135
2025-05-26,SKU0002,106,241,7.0,135
2025-06-02,SKU0002,112,208,7.0,135
2025-06-09,SKU0002,93,260,7.0,135
2025-06-16,SKU0002,118,221,7.0,135
2025-06-23,SKU0002,70,169,7.0,135
2025-06-30,SKU0002,53,179,7.0,135
2025-07-07,SKU0002,41,112,7.0,135
2025-07-14,SKU0002,80,266,7.0,135
2025-07-21,SKU0002,81,257,7.0,135
2025-07-28,SKU0002,49,150,7.0,135
2025-08-04,SKU0002,42,142,7.0,135
2025-08-11,SKU0002,80,215,7.0,135
2025-08-18,SKU0002,142,283,7.0,135
2025-08-25,SKU0002,101,101,7.0,135
2025-09-01,SKU0002,162,242,7.0,135
2025-09-08,SKU0002,153,295,7.0,135
2025-09-15,SKU0002,169,282,7.0,135
2025-09-22,SKU0002,153,0,7.0,135
2025-09-29,SKU0002,98,116,7.0,135
2025-10-06,SKU0002,72,200,7.0,135
2025-10-13,SKU0002,62,157,7.0,135
2025-10-20,SKU0002,78,260,,135
2025-10-27,SKU0002,100,260,7.0,135
2025-11-03,SKU0002,68,214,7.0,135
2025-11-10,SKU0002,96,248,7.0,135
2025-11-17,SKU0002,137,189,7.0,135
2025-11-24,SKU0002,82,142,7.0,135
2025-12-01,SKU0002,127,194,7.0,135
2025-12-08,SKU0002,98,220,7.0,135
2025-12-15,SKU0002,86,254,7.0,135
2025-12-22,SKU0002,52,133,7.0,135
2025-12-29,SKU0002,81,270,7.0,135
2024-01-01,SKU0003,354,0,30.0,39
2024-01-08,SKU0003,269,0,30.0,39
2024-01-15,SKU0003,255,0,30.0,39
2024-01-22,SKU0003,181,0,30.0,39
2024-01-29,SKU0003,107,0,30.0,39
2024-02-05,SKU0003,105,244,30.0,39
2024-02-12,SKU0003,59,0,30.0,39
2024-02-19,SKU0003,64,124,30.0,39
2024-02-26,SKU0003,79,266,30.0,39
2024-03-04,SKU0003,68,0,30.0,39
2024-03-11,SKU0003,44,0,30.0,39
2024-03-18,SKU0003,91,289,30.0,39
2024-03-25,SKU0003,64,155,30.0,39
2024-04-01,SKU0003,48,0,30.0,39
2024-04-08,SKU0003,36,123,30.0,39
2024-04-15,SKU0003,58,195,30.0,39
2024-04-22,SKU0003,80,198,30.0,39
2024-04-29,SKU0003,46,136,30.0,39
2024-05-06,SKU0003,66,222,30.0,39
2024-05-13,SKU0003,47,0,30.0,39
2024-05-20,SKU0003,67,225,30.0,39
2024-05-27,SKU0003,51,0,30.0,39
2024-06-03,SKU0003,73,245,30.0,39
2024-06-10,SKU0003,81,272,30.0,39
2024-06-17,SKU0003,90,236,30.0,39
2024-06-24,SKU0003,86,278,30.0,39
2024-07-01,SKU0003,110,299,30.0,39
2024-07-08,SKU0003,64,0,30.0,39
2024-07-15,SKU0003,65,196,30.0,39
2024-07-22,SKU0003,49,0,30.0,39
2024-07-29,SKU0003,52,176,30.0,39
2024-08-05,SKU0003,70,133,30.0,39
2024-08-12,SKU0003,89,297,30.0,39
2024-08-19,SKU0003,44,122,30.0,39
2024-08-26,SKU0003,56,187,30.0,39
2024-09-02,SKU0003,47,110,30.0,39
2024-09-09,SKU0003,84,224,30.0,39
2024-09-16,SKU0003,106,284,30.0,39
2024-09-23,SKU0003,78,0,30.0,39
2024-09-30,SKU0003,87,241,30.0,39
2024-10-07,SKU0003,90,179,30.0,39
2024-10-14,SKU0003,47,0,30.0,39
2024-10-21,SKU0003,59,198,30.0,39
2024-10-28,SKU0003,44,147,30.0,39
2024-11-04,SKU0003,72,187,30.0,39
2024-11-11,SKU0003,55,123,30.0,39
2024-11-18,SKU0003,81,200,30.0,39
2024-11-25,SKU0003,65,133,30.0,39
2024-12-02,SKU0003,54,0,30.0,39
2024-12-09,SKU0003,82,274,30.0,39
2024-12-16,SKU0003,91,219,30.0,39
2024-12-23,SKU0003,68,205,30.0,39
2024-12-30,SKU0003,34,114,30.0,39
2025-01-06,SKU0003,76,216,30.0,39
2025-01-13,SKU0003,35,119,30.0,39
2025-01-20,SKU0003,39,132,30.0,39
2025-01-27,SKU0003,50,168,30.0,39
2025-02-03,SKU0003,44,127,30.0,39
2025-02-10,SKU0003,88,221,30.0,39
2025-02-17,SKU0003,61,0,30.0,39
2025-02-24,SKU0003,77,259,30.0,39
2025-03-03,SKU0003,86,178,30.0,39
2025-03-10,SKU0003,85,259,30.0,39
2025-03-17,SKU0003,69,224,30.0,39
2025-03-24,SKU0003,61,202,30.0,39
2025-03-31,SKU0003,47,158,30.0,39
2025-04-07,SKU0003,85,284,30.0,39
2025-04-14,SKU0003,68,169,30.0,39
2025-04-21,SKU0003,53,176,30.0,39
2025-04-28,SKU0003,54,183,30.0,39
2025-05-05,SKU0003,63,209,30.0,39
2025-05-12,SKU0003,43,144,30.0,39
2025-05-19,SKU0003,39,130,30.0,39
2025-05-26,SKU0003,85,286,30.0,39
2025-06-02,SKU0003,50,0,30.0,39
2025-06-09,SKU0003,73,246,30.0,39
2025-06-16,SKU0003,82,272,30.0,39
2025-06-23,SKU0003,89,254,30.0,39
2025-06-30,SKU0003,41,0,30.0,39
2025-07-07,SKU0003,78,261,30.0,39
2025-07-14,SKU0003,31,104,30.0,39
2025-07-21,SKU0003,71,239,30.0,39
2025-07-28,SKU0003,61,0,30.0,39
2025-08-04,SKU0003,94,290,30.0,39
2025-08-11,SKU0003,88,274,30.0,39
2025-08-18,SKU0003,41,0,30.0,39
2025-08-25,SKU0003,71,155,30.0,39
2025-09-01,SKU0003,55,0,30.0,39
2025-09-08,SKU0003,43,145,30.0,39
2025-09-15,SKU0003,53,177,30.0,39
2025-09-22,SKU0003,87,293,30.0,39
2025-09-29,SKU0003,38,127,30.0,39
2025-10-06,SKU0003,61,148,30.0,39
2025-10-13,SKU0003,50,0,30.0,39
2025-10-20,SKU0003,84,283,30.0,39
2025-10-27,SKU0003,51,145,30.0,39
2025-11-03,SKU0003,36,122,30.0,39
2025-11-10,SKU0003,63,151,30.0,39
2025-11-17,SKU0003,89,297,30.0,39
2025-11-24,SKU0003,54,181,30.0,39
2025-12-01,SKU0003,41,0,30.0,39
2025-12-08,SKU0003,30,100,30.0,39
2025-12-15,SKU0003,80,269,30.0,39
2025-12-22,SKU0003,74,165,30.0,39
2025-12-29,SKU0003,51,0,30.0,39
2024-01-01,SKU0004,135,0,21.0,28
2024-01-08,SKU0004,124,0,21.0,28
2024-01-15,SKU0004,100,0,21.0,28
2024-01-22,SKU0004,84,0,21.0,28
2024-01-29,SKU0004,39,0,21.0,28
2024-02-05,SKU0004,95,291,21.0,28
2024-02-12,SKU0004,72,0,21.0,28
2024-02-19,SKU0004,112,285,21.0,28
2024-02-26,SKU0004,93,0,21.0,28
2024-03-04,SKU0004,49,153,21.0,28
2024-03-11,SKU0004,32,105,21.0,28
2024-03-18,SKU0004,63,210,21.0,28
2024-03-25,SKU0004,67,224,21.0,28
2024-04-01,SKU0004,33,111,21.0,28
2024-04-08,SKU0004,75,250,21.0,28
2024-04-15,SKU0004,78,263,21.0,28
2024-04-22,SKU0004,36,120,21.0,28
2024-04-29,SKU0004,76,233,21.0,28
2024-05-06,SKU0004,110,276,21.0,28
2024-05-13,SKU0004,59,0,21.0,28
2024-05-20,SKU0004,41,138,21.0,28
2024-05-27,SKU0004,28,0,21.0,28
2024-06-03,SKU0004,51,171,21.0,28
2024-06-10,SKU0004,74,202,21.0,28
2024-06-17,SKU0004,59,0,21.0,28
2024-06-24,SKU0004,29,0,21.0,28
2024-07-01,SKU0004,68,229,21.0,28
2024-07-08,SKU0004,59,122,21.0,28
2024-07-15,SKU0004,40,134,21.0,28
2024-07-22,SKU0004,93,238,21.0,28
2024-07-29,SKU0004,71,191,21.0,28
2024-08-05,SKU0004,85,277,21.0,28
2024-08-12,SKU0004,67,0,21.0,28
2024-08-19,SKU0004,76,173,21.0,28
2024-08-26,SKU0004,56,112,21.0,28
2024-09-02,SKU0004,64,215,21.0,28
2024-09-09,SKU0004,62,157,21.0,28
2024-09-16,SKU0004,40,0,21.0,28
2024-09-23,SKU0004,99,244,21.0,28
2024-09-30,SKU0004,76,0,21.0,28
2024-10-07,SKU0004,88,295,21.0,28
2024-10-14,SKU0004,45,0,21.0,28
2024-10-21,SKU0004,48,155,21.0,28
2024-10-28,SKU0004,55,185,21.0,28
2024-11-04,SKU0004,75,251,21.0,28
2024-11-11,SKU0004,79,201,21.0,28
2024-11-18,SKU0004,81,191,21.0,28
2024-11-25,SKU0004,44,148,21.0,28
2024-12-02,SKU0004,35,106,21.0,28
2024-12-09,SKU0004,83,278,21.0,28
2024-12-16,SKU0004,64,216,21.0,28
2024-12-23,SKU0004,57,191,21.0,28
2024-12-30,SKU0004,42,0,21.0,28
2025-01-06,SKU0004,76,200,21.0,28
2025-01-13,SKU0004,53,0,21.0,28
2025-01-20,SKU0004,57,192,21.0,28
2025-01-27,SKU0004,38,128,21.0,28
2025-02-03,SKU0004,37,126,21.0,28
2025-02-10,SKU0004,38,127,21.0,28
2025-02-17,SKU0004,73,153,21.0,28
2025-02-24,SKU0004,79,262,21.0,28
2025-03-03,SKU0004,42,0,21.0,28
2025-03-10,SKU0004,69,230,21.0,28
2025-03-17,SKU0004,40,135,,28
2025-03-24,SKU0004,74,230,21.0,28
2025-03-31,SKU0004,78,262,21.0,28
2025-04-07,SKU0004,66,222,21.0,28
2025-04-14,SKU0004,61,199,21.0,28
2025-04-21,SKU0004,61,193,21.0,28
2025-04-28,SKU0004,37,0,21.0,28
2025-05-05,SKU0004,46,154,21.0,28
2025-05-12,SKU0004,47,159,21.0,28
2025-05-19,SKU0004,66,217,21.0,28
2025-05-26,SKU0004,28,0,21.0,28
2025-06-02,SKU0004,82,274,21.0,28
2025-06-09,SKU0004,30,0,21.0,28
2025-06-16,SKU0004,43,100,21.0,28
2025-06-23,SKU0004,77,224,21.0,28
2025-06-30,SKU0004,38,0,21.0,28
2025-07-07,SKU0004,67,224,21.0,28
2025-07-14,SKU0004,88,265,21.0,28
2025-07-21,SKU0004,72,0,21.0,28
2025-07-28,SKU0004,69,214,21.0,28
2025-08-04,SKU0004,56,103,21.0,28
2025-08-11,SKU0004,71,239,21.0,28
2025-08-18,SKU0004,56,188,21.0,28
2025-08-25,SKU0004,50,167,21.0,28
2025-09-01,SKU0004,47,157,21.0,28
2025-09-08,SKU0004,33,0,21.0,28
2025-09-15,SKU0004,72,240,21.0,28
2025-09-22,SKU0004,41,0,21.0,28
2025-09-29,SKU0004,58,195,21.0,28
2025-10-06,SKU0004,38,129,21.0,28
2025-10-13,SKU0004,50,167,21.0,28
2025-10-20,SKU0004,34,108,21.0,28
2025-10-27,SKU0004,39,133,21.0,28
2025-11-03,SKU0004,36,120,21.0,28
2025-11-10,SKU0004,48,162,21.0,28
2025-11-17,SKU0004,71,238,21.0,28
2025-11-24,SKU0004,51,173,21.0,28
2025-12-01,SKU0004,68,227,21.0,28
2025-12-08,SKU0004,36,0,21.0,28
2025-12-15,SKU0004,86,242,21.0,28
2025-12-22,SKU0004,68,229,21.0,28
2025-12-29,SKU0004,44,135,21.0,28
2024-01-01,SKU0005,350,0,21.0,40
2024-01-08,SKU0005,325,0,21.0,40
2024-01-15,SKU0005,226,0,21.0,40
2024-01-22,SKU0005,176,0,21.0,40
2024-01-29,SKU0005,133,0,21.0,40
2024-02-05,SKU0005,74,0,,40
2024-02-12,SKU0005,91,180,21.0,40
2024-02-19,SKU0005,115,255,21.0,40
2024-02-26,SKU0005,116,297,21.0,40
2024-03-04,SKU0005,118,280,21.0,40
2024-03-11,SKU0005,76,0,21.0,40
2024-03-18,SKU0005,42,107,21.0,40
2024-03-25,SKU0005,58,195,21.0,40
2024-04-01,SKU0005,96,295,21.0,40
2024-04-08,SKU0005,48,160,21.0,40
2024-04-15,SKU0005,94,199,21.0,40
2024-04-22,SKU0005,77,125,21.0,40
2024-04-29,SKU0005,57,0,21.0,40
2024-05-06,SKU0005,65,218,21.0,40
2024-05-13,SKU0005,46,0,21.0,40
2024-05-20,SKU0005,63,170,21.0,40
2024-05-27,SKU0005,41,0,21.0,40
2024-06-03,SKU0005,73,177,21.0,40
2024-06-10,SKU0005,72,218,21.0,40
2024-06-17,SKU0005,48,0,21.0,40
2024-06-24,SKU0005,58,195,21.0,40
2024-07-01,SKU0005,75,250,21.0,40
2024-07-08,SKU0005,50,163,21.0,40
2024-07-15,SKU0005,66,220,21.0,40
2024-07-22,SKU0005,35,117,21.0,40
2024-07-29,SKU0005,101,271,21.0,40
2024-08-05,SKU0005,42,0,21.0,40
2024-08-12,SKU0005,75,250,21.0,40
2024-08-19,SKU0005,116,281,21.0,40
2024-08-26,SKU0005,91,189,21.0,40
2024-09-02,SKU0005,40,0,21.0,40
2024-09-09,SKU0005,84,216,21.0,40
2024-09-16,SKU0005,55,186,21.0,40
2024-09-23,SKU0005,54,180,21.0,40
2024-09-30,SKU0005,53,169,21.0,40
2024-10-07,SKU0005,53,178,21.0,40
2024-10-14,SKU0005,69,231,21.0,40
2024-10-21,SKU0005,84,170,21.0,40
2024-10-28,SKU0005,94,234,21.0,40
2024-11-04,SKU0005,64,168,21.0,40
2024-11-11,SKU0005,35,119,21.0,40
2024-11-18,SKU0005,108,279,21.0,40
2024-11-25,SKU0005,57,0,21.0,40
2024-12-02,SKU0005,51,171,21.0,40
2024-12-09,SKU0005,97,203,21.0,40
2024-12-16,SKU0005,69,106,21.0,40
2024-12-23,SKU0005,54,121,21.0,40
2024-12-30,SKU0005,64,216,21.0,40
2025-01-06,SKU0005,86,203,21.0,40
2025-01-13,SKU0005,64,215,21.0,40
2025-01-20,SKU0005,87,292,21.0,40
2025-01-27,SKU0005,55,0,21.0,40
2025-02-03,SKU0005,60,201,21.0,40
2025-02-10,SKU0005,86,287,21.0,40
2025-02-17,SKU0005,46,0,21.0,40
2025-02-24,SKU0005,78,263,21.0,40
2025-03-03,SKU0005,81,216,,40
2025-03-10,SKU0005,30,102,21.0,40
2025-03-17,SKU0005,74,248,21.0,40
2025-03-24,SKU0005,77,172,21.0,40
2025-03-31,SKU0005,86,160,21.0,40
2025-04-07,SKU0005,45,0,21.0,40
2025-04-14,SKU0005,33,113,21.0,40
2025-04-21,SKU0005,85,239,21.0,40
2025-04-28,SKU0005,63,112,21.0,40
2025-05-05,SKU0005,40,135,21.0,40
2025-05-12,SKU0005,57,145,21.0,40
2025-05-19,SKU0005,83,243,21.0,40
2025-05-26,SKU0005,80,202,21.0,40
2025-06-02,SKU0005,81,271,21.0,40
2025-06-09,SKU0005,67,0,21.0,40
2025-06-16,SKU0005,67,224,21.0,40
2025-06-23,SKU0005,100,259,21.0,40
2025-06-30,SKU0005,86,0,21.0,40
2025-07-07,SKU0005,73,0,21.0,40
2025-07-14,SKU0005,44,0,21.0,40
2025-07-21,SKU0005,77,247,21.0,40
2025-07-28,SKU0005,45,153,21.0,40
2025-08-04,SKU0005,96,283,21.0,40
2025-08-11,SKU0005,73,0,21.0,40
2025-08-18,SKU0005,72,108,21.0,40
2025-08-25,SKU0005,60,105,21.0,40
2025-09-01,SKU0005,36,123,21.0,40
2025-09-08,SKU0005,61,205,21.0,40
2025-09-15,SKU0005,33,110,21.0,40
2025-09-22,SKU0005,68,228,21.0,40
2025-09-29,SKU0005,54,0,21.0,40
2025-10-06,SKU0005,32,108,21.0,40
2025-10-13,SKU0005,71,198,21.0,40
2025-10-20,SKU0005,57,0,21.0,40
2025-10-27,SKU0005,45,111,21.0,40
2025-11-03,SKU0005,72,172,21.0,40
2025-11-10,SKU0005,57,0,21.0,40
2025-11-17,SKU0005,87,160,21.0,40
2025-11-24,SKU0005,55,185,21.0,40
2025-12-01,SKU0005,110,298,21.0,40
2025-12-08,SKU0005,74,163,21.0,40
2025-12-15,SKU0005,41,138,21.0,40
2025-12-22,SKU0005,45,150,21.0,40
2025-12-29,SKU0005,65,217,21.0,40
2024-01-01,SKU0006,311,0,14.0,98
2024-01-08,SKU0006,281,0,14.0,98
2024-01-15,SKU0006,186,0,14.0,98
2024-01-22,SKU0006,119,0,14.0,98
2024-01-29,SKU0006,164,291,14.0,98
2024-02-05,SKU0006,102,0,14.0,98
2024-02-12,SKU0006,151,218,14.0,98
2024-02-19,SKU0006,124,214,14.0,98
2024-02-26,SKU0006,67,141,14.0,98
2024-03-04,SKU0006,50,142,14.0,98
2024-03-11,SKU0006,58,196,14.0,98
2024-03-18,SKU0006,122,250,14.0,98
2024-03-25,SKU0006,84,112,14.0,98
2024-04-01,SKU0006,69,186,14.0,98
2024-04-08,SKU0006,50,128,14.0,98
2024-04-15,SKU0006,75,245,14.0,98
2024-04-22,SKU0006,77,259,14.0,98
2024-04-29,SKU0006,69,232,14.0,98
2024-05-06,SKU0006,33,112,14.0,98
2024-05-13,SKU0006,59,198,14.0,98
2024-05-20,SKU0006,81,273,14.0,98
2024-05-27,SKU0006,88,211,14.0,98
2024-06-03,SKU0006,113,193,14.0,98
2024-06-10,SKU0006,134,235,14.0,98
2024-06-17,SKU0006,144,192,14.0,98
2024-06-24,SKU0006,124,140,14.0,98
2024-07-01,SKU0006,104,254,14.0,98
2024-07-08,SKU0006,76,194,14.0,98
2024-07-15,SKU0006,106,165,14.0,98
2024-07-22,SKU0006,52,120,14.0,98
2024-07-29,SKU0006,86,287,14.0,98
2024-08-05,SKU0006,55,169,14.0,98
2024-08-12,SKU0006,83,214,14.0,98
2024-08-19,SKU0006,129,284,14.0,98
2024-08-26,SKU0006,144,173,14.0,98
2024-09-02,SKU0006,108,168,14.0,98
2024-09-09,SKU0006,140,165,14.0,98
2024-09-16,SKU0006,127,0,14.0,98
2024-09-23,SKU0006,104,0,14.0,98
2024-09-30,SKU0006,94,284,14.0,98
2024-10-07,SKU0006,33,110,14.0,98
2024-10-14,SKU0006,33,113,14.0,98
2024-10-21,SKU0006,41,138,14.0,98
2024-10-28,SKU0006,67,226,14.0,98
2024-11-04,SKU0006,39,131,14.0,98
2024-11-11,SKU0006,39,130,14.0,98
2024-11-18,SKU0006,41,139,14.0,98
2024-11-25,SKU0006,33,112,14.0,98
2024-12-02,SKU0006,76,219,14.0,98
2024-12-09,SKU0006,118,269,14.0,98
2024-12-16,SKU0006,118,293,14.0,98
2024-12-23,SKU0006,107,0,14.0,98
2024-12-30,SKU0006,94,202,14.0,98
2025-01-06,SKU0006,123,178,14.0,98
2025-01-13,SKU0006,160,265,14.0,98
2025-01-20,SKU0006,139,0,14.0,98
2025-01-27,SKU0006,116,0,14.0,98
2025-02-03,SKU0006,90,177,14.0,98
2025-02-10,SKU0006,50,104,14.0,98
2025-02-17,SKU0006,67,194,14.0,98
2025-02-24,SKU0006,54,151,14.0,98
2025-03-03,SKU0006,104,271,14.0,98
2025-03-10,SKU0006,131,190,14.0,98
2025-03-17,SKU0006,117,0,14.0,98
2025-03-24,SKU0006,58,116,14.0,98
2025-03-31,SKU0006,65,218,14.0,98
2025-04-07,SKU0006,66,117,14.0,98
2025-04-14,SKU0006,31,100,14.0,98
2025-04-21,SKU0006,89,290,14.0,98
2025-04-28,SKU0006,62,153,14.0,98
2025-05-05,SKU0006,53,178,14.0,98
2025-05-12,SKU0006,103,221,14.0,98
2025-05-19,SKU0006,121,229,14.0,98
2025-05-26,SKU0006,164,272,14.0,98
2025-06-02,SKU0006,149,247,14.0,98
2025-06-09,SKU0006,136,199,14.0,98
2025-06-16,SKU0006,110,124,14.0,98
2025-06-23,SKU0006,55,126,14.0,98
2025-06-30,SKU0006,123,279,14.0,98
2025-07-07,SKU0006,160,219,14.0,98
2025-07-14,SKU0006,111,136,14.0,98
2025-07-21,SKU0006,133,296,14.0,98
2025-07-28,SKU0006,112,239,14.0,98
2025-08-04,SKU0006,126,128,14.0,98
2025-08-11,SKU0006,120,197,14.0,98
2025-08-18,SKU0006,133,184,14.0,98
2025-08-25,SKU0006,160,292,14.0,98
2025-09-01,SKU0006,107,0,14.0,98
2025-09-08,SKU0006,80,193,14.0,98
2025-09-15,SKU0006,44,127,14.0,98
2025-09-22,SKU0006,40,134,14.0,98
2025-09-29,SKU0006,57,187,14.0,98
2025-10-06,SKU0006,71,149,14.0,98
2025-10-13,SKU0006,62,146,14.0,98
2025-10-20,SKU0006,100,174,14.0,98
2025-10-27,SKU0006,165,281,14.0,98
2025-11-03,SKU0006,100,0,14.0,98
2025-11-10,SKU0006,152,207,14.0,98
2025-11-17,SKU0006,113,0,14.0,98
2025-11-24,SKU0006,121,171,14.0,98
2025-12-01,SKU0006,130,173,14.0,98
2025-12-08,SKU0006,122,156,14.0,98
2025-12-15,SKU0006,178,272,14.0,98
2025-12-22,SKU0006,167,0,14.0,98
2025-12-29,SKU0006,131,0,14.0,98
2024-01-01,SKU0007,342,0,14.0,51
2024-01-08,SKU0007,322,0,14.0,51
2024-01-15,SKU0007,290,0,14.0,51
2024-01-22,SKU0007,231,0,14.0,51
2024-01-29,SKU0007,178,0,14.0,51
2024-02-05,SKU0007,156,0,14.0,51
2024-02-12,SKU0007,80,0,14.0,51
2024-02-19,SKU0007,53,0,14.0,51
2024-02-26,SKU0007,100,269,14.0,51
2024-03-04,SKU0007,90,0,14.0,51
2024-03-11,SKU0007,98,271,14.0,51
2024-03-18,SKU0007,95,208,14.0,51
2024-03-25,SKU0007,62,134,14.0,51
2024-04-01,SKU0007,69,205,14.0,51
2024-04-08,SKU0007,57,125,14.0,51
2024-04-15,SKU0007,84,283,14.0,51
2024-04-22,SKU0007,68,160,14.0,51
2024-04-29,SKU0007,119,295,14.0,51
2024-05-06,SKU0007,52,0,14.0,51
2024-05-13,SKU0007,56,189,14.0,51
2024-05-20,SKU0007,51,132,14.0,51
2024-05-27,SKU0007,87,168,14.0,51
2024-06-03,SKU0007,115,256,14.0,51
2024-06-10,SKU0007,94,0,14.0,51
2024-06-17,SKU0007,80,196,14.0,51
2024-06-24,SKU0007,107,197,14.0,51
2024-07-01,SKU0007,68,0,14.0,51
2024-07-08,SKU0007,117,272,14.0,51
2024-07-15,SKU0007,102,0,14.0,51
2024-07-22,SKU0007,68,141,14.0,51
2024-07-29,SKU0007,86,270,14.0,51
2024-08-05,SKU0007,74,142,14.0,51
2024-08-12,SKU0007,98,263,14.0,51
2024-08-19,SKU0007,76,0,14.0,51
2024-08-26,SKU0007,130,289,14.0,51
2024-09-02,SKU0007,71,0,14.0,51
2024-09-09,SKU0007,94,146,14.0,51
2024-09-16,SKU0007,75,0,14.0,51
2024-09-23,SKU0007,59,0,14.0,51
2024-09-30,SKU0007,79,265,14.0,51
2024-10-07,SKU0007,68,183,14.0,51
2024-10-14,SKU0007,50,168,14.0,51
2024-10-21,SKU0007,46,155,14.0,51
2024-10-28,SKU0007,85,269,14.0,51
2024-11-04,SKU0007,83,277,14.0,51
2024-11-11,SKU0007,64,215,14.0,51
2024-11-18,SKU0007,77,257,14.0,51
2024-11-25,SKU0007,61,0,14.0,51
2024-12-02,SKU0007,82,227,14.0,51
2024-12-09,SKU0007,80,246,14.0,51
2024-12-16,SKU0007,57,106,14.0,51
2024-12-23,SKU0007,60,200,14.0,51
2024-12-30,SKU0007,84,282,14.0,51
2025-01-06,SKU0007,62,140,14.0,51
2025-01-13,SKU0007,106,215,14.0,51
2025-01-20,SKU0007,56,0,14.0,51
2025-01-27,SKU0007,68,116,14.0,51
2025-02-03,SKU0007,52,0,14.0,51
2025-02-10,SKU0007,62,192,14.0,51
2025-02-17,SKU0007,70,236,14.0,51
2025-02-24,SKU0007,50,163,14.0,51
2025-03-03,SKU0007,97,215,14.0,51
2025-03-10,SKU0007,85,279,14.0,51
2025-03-17,SKU0007,66,0,14.0,51
2025-03-24,SKU0007,65,218,14.0,51
2025-03-31,SKU0007,54,183,14.0,51
2025-04-07,SKU0007,66,220,14.0,51
2025-04-14,SKU0007,88,294,14.0,51
2025-04-21,SKU0007,87,293,14.0,51
2025-04-28,SKU0007,89,220,14.0,51
2025-05-05,SKU0007,96,177,14.0,51
2025-05-12,SKU0007,67,196,14.0,51
2025-05-19,SKU0007,51,167,14.0,51
2025-05-26,SKU0007,57,144,14.0,51
2025-06-02,SKU0007,103,294,14.0,51
2025-06-09,SKU0007,63,0,14.0,51
2025-06-16,SKU0007,79,265,14.0,51
2025-06-23,SKU0007,97,286,14.0,51
2025-06-30,SKU0007,108,252,14.0,51
2025-07-07,SKU0007,56,126,14.0,51
2025-07-14,SKU0007,88,142,14.0,51
2025-07-21,SKU0007,62,0,14.0,51
2025-07-28,SKU0007,114,276,14.0,51
2025-08-04,SKU0007,56,0,14.0,51
2025-08-11,SKU0007,49,109,14.0,51
2025-08-18,SKU0007,83,278,14.0,51
2025-08-25,SKU0007,66,220,14.0,51
2025-09-01,SKU0007,68,229,14.0,51
2025-09-08,SKU0007,59,197,14.0,51
2025-09-15,SKU0007,86,288,14.0,51
2025-09-22,SKU0007,57,141,14.0,51
2025-09-29,SKU0007,33,111,14.0,51
2025-10-06,SKU0007,66,222,14.0,51
2025-10-13,SKU0007,98,201,14.0,51
2025-10-20,SKU0007,57,135,14.0,51
2025-10-27,SKU0007,83,278,14.0,51
2025-11-03,SKU0007,84,239,14.0,51
2025-11-10,SKU0007,98,267,14.0,51
2025-11-17,SKU0007,85,204,14.0,51
2025-11-24,SKU0007,90,284,14.0,51
2025-12-01,SKU0007,62,135,14.0,51
2025-12-08,SKU0007,89,152,14.0,51
2025-12-15,SKU0007,86,129,14.0,51
2025-12-22,SKU0007,56,0,14.0,51
2025-12-29,SKU0007,52,175,14.0,51
2025-03-31,SKU0008,224,0,7.0,54
2025-04-07,SKU0008,198,0,7.0,54
2025-04-14,SKU0008,144,0,7.0,54
2025-04-21,SKU0008,130,0,7.0,54
2025-04-28,SKU0008,97,0,7.0,54
2025-05-05,SKU0008,65,150,7.0,54
2025-05-12,SKU0008,100,194,7.0,54
2025-05-19,SKU0008,78,0,7.0,54
2025-05-26,SKU0008,64,0,7.0,54
2025-06-02,SKU0008,60,200,7.0,54
2025-06-09,SKU0008,90,150,7.0,54
2025-06-16,SKU0008,57,190,7.0,54
2025-06-23,SKU0008,66,221,7.0,54
2025-06-30,SKU0008,60,200,7.0,54
2025-07-07,SKU0008,38,127,7.0,54
2025-07-14,SKU0008,71,150,7.0,54
2025-07-21,SKU0008,75,253,7.0,54
2025-07-28,SKU0008,46,156,7.0,54
2025-08-04,SKU0008,68,228,7.0,54
2025-08-11,SKU0008,110,259,7.0,54
2025-08-18,SKU0008,73,0,7.0,54
2025-08-25,SKU0008,57,0,7.0,54
2025-09-01,SKU0008,61,206,7.0,54
2025-09-08,SKU0008,86,203,7.0,54
2025-09-15,SKU0008,33,113,7.0,54
2025-09-22,SKU0008,66,208,7.0,54
2025-09-29,SKU0008,81,182,7.0,54
2025-10-06,SKU0008,114,284,7.0,54
2025-10-13,SKU0008,109,244,7.0,54
2025-10-20,SKU0008,92,0,7.0,54
2025-10-27,SKU0008,55,0,7.0,54
2025-11-03,SKU0008,67,224,7.0,54
2025-11-10,SKU0008,87,292,7.0,54
2025-11-17,SKU0008,62,0,7.0,54
2025-11-24,SKU0008,86,135,7.0,54
2025-12-01,SKU0008,98,262,7.0,54
2025-12-08,SKU0008,86,0,7.0,54
2025-12-15,SKU0008,122,235,7.0,54
2025-12-22,SKU0008,67,0,7.0,54
2025-12-29,SKU0008,86,288,7.0,54
2024-01-01,SKU0009,228,0,14.0,99
2024-01-08,SKU0009,141,0,14.0,99
2024-01-15,SKU0009,153,297,14.0,99
2024-01-22,SKU0009,106,112,14.0,99
2024-01-29,SKU0009,52,137,14.0,99
2024-02-05,SKU0009,94,242,14.0,99
2024-02-12,SKU0009,102,130,14.0,99
2024-02-19,SKU0009,132,213,14.0,99
2024-02-26,SKU0009,101,131,14.0,99
2024-03-04,SKU0009,82,186,14.0,99
2024-03-11,SKU0009,103,131,14.0,99
2024-03-18,SKU0009,105,100,14.0,99
2024-03-25,SKU0009,96,255,14.0,99
2024-04-01,SKU0009,67,226,14.0,99
2024-04-08,SKU0009,67,176,14.0,99
2024-04-15,SKU0009,114,241,14.0,99
2024-04-22,SKU0009,117,141,14.0,99
2024-04-29,SKU0009,139,181,14.0,99
2024-05-06,SKU0009,157,217,14.0,99
2024-05-13,SKU0009,107,0,14.0,99
2024-05-20,SKU0009,65,133,14.0,99
2024-05-27,SKU0009,70,234,14.0,99
2024-06-03,SKU0009,122,280,14.0,99
2024-06-10,SKU0009,125,133,14.0,99
2024-06-17,SKU0009,98,106,14.0,99
2024-06-24,SKU0009,114,170,14.0,99
2024-07-01,SKU0009,74,184,14.0,99
2024-07-08,SKU0009,53,178,14.0,99
2024-07-15,SKU0009,66,125,14.0,99
2024-07-22,SKU0009,113,269,14.0,99
2024-07-29,SKU0009,112,138,14.0,99
2024-08-05,SKU0009,64,134,14.0,99
2024-08-12,SKU0009,87,248,14.0,99
2024-08-19,SKU0009,147,299,14.0,99
2024-08-26,SKU0009,105,0,14.0,99
2024-09-02,SKU0009,122,236,14.0,99
2024-09-09,SKU0009,109,270,14.0,99
2024-09-16,SKU0009,104,218,14.0,99
2024-09-23,SKU0009,107,257,14.0,99
2024-09-30,SKU0009,152,223,14.0,99
2024-10-07,SKU0009,109,0,14.0,99
2024-10-14,SKU0009,107,109,14.0,99
2024-10-21,SKU0009,121,299,14.0,99
2024-10-28,SKU0009,94,158,14.0,99
2024-11-04,SKU0009,151,263,14.0,99
2024-11-11,SKU0009,105,0,14.0,99
2024-11-18,SKU0009,151,224,14.0,99
2024-11-25,SKU0009,120,0,14.0,99
2024-12-02,SKU0009,82,128,14.0,99
2024-12-09,SKU0009,65,219,14.0,99
2024-12-16,SKU0009,60,154,14.0,99
2024-12-23,SKU0009,88,229,14.0,99
2024-12-30,SKU0009,112,263,14.0,99
2025-01-06,SKU0009,151,241,14.0,99
2025-01-13,SKU0009,120,0,14.0,99
2025-01-20,SKU0009,62,107,14.0,99
2025-01-27,SKU0009,42,139,14.0,99
2025-02-03,SKU0009,59,197,14.0,99
2025-02-10,SKU0009,74,248,14.0,99
2025-02-17,SKU0009,56,189,14.0,99
2025-02-24,SKU0009,86,208,14.0,99
2025-03-03,SKU0009,91,138,14.0,99
2025-03-10,SKU0009,40,134,14.0,99
2025-03-17,SKU0009,31,106,14.0,99
2025-03-24,SKU0009,58,195,14.0,99
2025-03-31,SKU0009,103,189,14.0,99
2025-04-07,SKU0009,116,140,14.0,99
2025-04-14,SKU0009,131,229,14.0,99
2025-04-21,SKU0009,105,0,14.0,99
2025-04-28,SKU0009,114,171,14.0,99
2025-05-05,SKU0009,102,0,14.0,99
2025-05-12,SKU0009,96,130,14.0,99
2025-05-19,SKU0009,94,269,14.0,99
2025-05-26,SKU0009,83,279,14.0,99
2025-06-02,SKU0009,142,270,14.0,99
2025-06-09,SKU0009,99,0,14.0,99
2025-06-16,SKU0009,88,253,14.0,99
2025-06-23,SKU0009,82,173,14.0,99
2025-06-30,SKU0009,107,262,14.0,99
2025-07-07,SKU0009,105,175,14.0,99
2025-07-14,SKU0009,65,110,14.0,99
2025-07-21,SKU0009,76,256,14.0,99
2025-07-28,SKU0009,117,205,14.0,99
2025-08-04,SKU0009,156,277,14.0,99
2025-08-11,SKU0009,136,0,14.0,99
2025-08-18,SKU0009,152,237,14.0,99
2025-08-25,SKU0009,101,0,14.0,99
2025-09-01,SKU0009,80,155,14.0,99
2025-09-08,SKU0009,82,185,14.0,99
2025-09-15,SKU0009,78,261,14.0,99
2025-09-22,SKU0009,116,191,14.0,99
2025-09-29,SKU0009,136,205,14.0,99
2025-10-06,SKU0009,147,249,14.0,99
2025-10-13,SKU0009,158,276,14.0,99
2025-10-20,SKU0009,108,0,14.0,99
2025-10-27,SKU0009,147,265,14.0,99
2025-11-03,SKU0009,113,127,14.0,99
2025-11-10,SKU0009,71,110,14.0,99
2025-11-17,SKU0009,120,286,14.0,99
2025-11-24,SKU0009,145,293,14.0,99
2025-12-01,SKU0009,95,145,14.0,99
2025-12-08,SKU0009,61,191,14.0,99
2025-12-15,SKU0009,72,229,14.0,99
2025-12-22,SKU0009,70,223,14.0,99
2025-12-29,SKU0009,111,189,14.0,99
2024-01-01,SKU0010,63,114,21.0,139
2024-01-08,SKU0010,78,261,21.0,139
2024-01-15,SKU0010,85,101,21.0,139
2024-01-22,SKU0010,97,175,21.0,139
2024-01-29,SKU0010,134,205,21.0,139
2024-02-05,SKU0010,133,119,21.0,139
2024-02-12,SKU0010,122,206,21.0,139
2024-02-19,SKU0010,67,133,21.0,139
2024-02-26,SKU0010,75,251,21.0,139
2024-03-04,SKU0010,121,191,21.0,139
2024-03-11,SKU0010,80,145,21.0,139
2024-03-18,SKU0010,105,204,21.0,139
2024-03-25,SKU0010,165,261,21.0,139
2024-04-01,SKU0010,140,132,21.0,139
2024-04-08,SKU0010,95,100,21.0,139
2024-04-15,SKU0010,73,124,21.0,139
2024-04-22,SKU0010,67,224,21.0,139
2024-04-29,SKU0010,46,141,21.0,139
2024-05-06,SKU0010,79,265,21.0,139
2024-05-13,SKU0010,70,208,21.0,139
2024-05-20,SKU0010,135,266,21.0,139
2024-05-27,SKU0010,181,224,21.0,139
2024-06-03,SKU0010,165,136,21.0,139
2024-06-10,SKU0010,174,144,21.0,139
2024-06-17,SKU0010,161,221,21.0,139
2024-06-24,SKU0010,159,162,21.0,139
2024-07-01,SKU0010,117,106,21.0,139
2024-07-08,SKU0010,133,134,21.0,139
2024-07-15,SKU0010,91,109,21.0,139
2024-07-22,SKU0010,48,131,21.0,139
2024-07-29,SKU0010,63,210,21.0,139
2024-08-05,SKU0010,75,249,21.0,139
2024-08-12,SKU0010,74,171,21.0,139
2024-08-19,SKU0010,85,209,21.0,139
2024-08-26,SKU0010,114,187,21.0,139
2024-09-02,SKU0010,125,230,21.0,139
2024-09-09,SKU0010,80,132,21.0,139
2024-09-16,SKU0010,123,277,21.0,139
2024-09-23,SKU0010,124,164,21.0,139
2024-09-30,SKU0010,156,208,21.0,139
2024-10-07,SKU0010,207,275,21.0,139
2024-10-14,SKU0010,149,0,21.0,139
2024-10-21,SKU0010,160,272,21.0,139
2024-10-28,SKU0010,144,0,21.0,139
2024-11-04,SKU0010,199,238,21.0,139
2024-11-11,SKU0010,151,0,21.0,139
2024-11-18,SKU0010,99,128,21.0,139
2024-11-25,SKU0010,101,132,21.0,139
2024-12-02,SKU0010,120,116,21.0,139
2024-12-09,SKU0010,103,274,21.0,139
2024-12-16,SKU0010,108,162,21.0,139
2024-12-23,SKU0010,102,154,21.0,139
2024-12-30,SKU0010,117,204,21.0,139
2025-01-06,SKU0010,114,232,21.0,139
2025-01-13,SKU0010,152,193,21.0,139
2025-01-20,SKU0010,178,278,21.0,139
2025-01-27,SKU0010,180,165,21.0,139
2025-02-03,SKU0010,143,0,21.0,139
2025-02-10,SKU0010,211,269,21.0,139
2025-02-17,SKU0010,158,133,21.0,139
2025-02-24,SKU0010,148,208,21.0,139
2025-03-03,SKU0010,132,270,21.0,139
2025-03-10,SKU0010,161,239,21.0,139
2025-03-17,SKU0010,179,141,21.0,139
2025-03-24,SKU0010,133,170,21.0,139
2025-03-31,SKU0010,83,108,21.0,139
2025-04-07,SKU0010,109,173,21.0,139
2025-04-14,SKU0010,87,251,21.0,139
2025-04-21,SKU0010,121,157,21.0,139
2025-04-28,SKU0010,127,173,21.0,139
2025-05-05,SKU0010,153,298,21.0,139
2025-05-12,SKU0010,147,208,21.0,139
2025-05-19,SKU0010,132,133,21.0,139
2025-05-26,SKU0010,161,247,21.0,139
2025-06-02,SKU0010,143,0,21.0,139
2025-06-09,SKU0010,140,166,21.0,139
2025-06-16,SKU0010,121,182,21.0,139
2025-06-23,SKU0010,149,176,21.0,139
2025-06-30,SKU0010,167,266,21.0,139
2025-07-07,SKU0010,163,127,21.0,139
2025-07-14,SKU0010,144,0,21.0,139
2025-07-21,SKU0010,131,163,21.0,139
2025-07-28,SKU0010,165,263,21.0,139
2025-08-04,SKU0010,188,176,21.0,139
2025-08-11,SKU0010,148,0,21.0,139
2025-08-18,SKU0010,192,296,21.0,139
2025-08-25,SKU0010,197,282,21.0,139
2025-09-01,SKU0010,146,0,21.0,139
2025-09-08,SKU0010,162,165,21.0,139
2025-09-15,SKU0010,177,236,21.0,139
2025-09-22,SKU0010,157,0,21.0,139
2025-09-29,SKU0010,182,281,21.0,139
2025-10-06,SKU0010,214,285,21.0,139
2025-10-13,SKU0010,166,0,21.0,139
2025-10-20,SKU0010,172,236,21.0,139
2025-10-27,SKU0010,152,128,21.0,139
2025-11-03,SKU0010,113,182,21.0,139
2025-11-10,SKU0010,123,231,21.0,139
2025-11-17,SKU0010,154,254,21.0,139
2025-11-24,SKU0010,205,240,21.0,139
2025-12-01,SKU0010,154,0,21.0,139
2025-12-08,SKU0010,167,292,21.0,139
2025-12-15,SKU0010,180,229,21.0,139
2025-12-22,SKU0010,161,169,21.0,139
2025-12-29,SKU0010,168,233,21.0,139
2024-01-01,SKU0011,194,0,14.0,134
2024-01-08,SKU0011,150,0,14.0,134
2024-01-15,SKU0011,89,123,14.0,134
2024-01-22,SKU0011,88,169,14.0,134
2024-01-29,SKU0011,91,210,14.0,134
2024-02-05,SKU0011,136,219,14.0,134
2024-02-12,SKU0011,93,148,14.0,134
2024-02-19,SKU0011,63,154,14.0,134
2024-02-26,SKU0011,75,251,14.0,134
2024-03-04,SKU0011,31,104,14.0,134
2024-03-11,SKU0011,57,192,14.0,134
2024-03-18,SKU0011,89,149,14.0,134
2024-03-25,SKU0011,46,154,14.0,134
2024-04-01,SKU0011,60,203,14.0,134
2024-04-08,SKU0011,89,203,14.0,134
2024-04-15,SKU0011,35,117,14.0,134
2024-04-22,SKU0011,76,256,14.0,134
2024-04-29,SKU0011,95,281,14.0,134
2024-05-06,SKU0011,56,144,14.0,134
2024-05-13,SKU0011,126,283,14.0,134
2024-05-20,SKU0011,184,259,14.0,134
2024-05-27,SKU0011,119,105,14.0,134
2024-06-03,SKU0011,167,219,14.0,134
2024-06-10,SKU0011,205,268,14.0,134
2024-06-17,SKU0011,160,149,,134
2024-06-24,SKU0011,138,254,14.0,134
2024-07-01,SKU0011,157,186,14.0,134
2024-07-08,SKU0011,138,0,14.0,134
2024-07-15,SKU0011,131,239,14.0,134
2024-07-22,SKU0011,160,195,14.0,134
2024-07-29,SKU0011,123,183,14.0,134
2024-08-05,SKU0011,134,128,14.0,134
2024-08-12,SKU0011,124,178,14.0,134
2024-08-19,SKU0011,87,167,14.0,134
2024-08-26,SKU0011,85,274,14.0,134
2024-09-02,SKU0011,85,244,14.0,134
2024-09-09,SKU0011,75,173,14.0,134
2024-09-16,SKU0011,90,100,14.0,134
2024-09-23,SKU0011,126,170,14.0,134
2024-09-30,SKU0011,128,206,14.0,134
2024-10-07,SKU0011,189,269,14.0,134
2024-10-14,SKU0011,155,0,14.0,134
2024-10-21,SKU0011,162,125,14.0,134
2024-10-28,SKU0011,141,0,14.0,134
2024-11-04,SKU0011,153,206,14.0,134
2024-11-11,SKU0011,175,270,14.0,134
2024-11-18,SKU0011,149,0,14.0,134
2024-11-25,SKU0011,157,115,14.0,134
2024-12-02,SKU0011,121,162,14.0,134
2024-12-09,SKU0011,135,244,14.0,134
2024-12-16,SKU0011,160,201,14.0,134
2024-12-23,SKU0011,203,275,14.0,134
2024-12-30,SKU0011,157,0,14.0,134
2025-01-06,SKU0011,102,141,14.0,134
2025-01-13,SKU0011,146,221,14.0,134
2025-01-20,SKU0011,128,233,14.0,134
2025-01-27,SKU0011,113,271,14.0,134
2025-02-03,SKU0011,84,190,14.0,134
2025-02-10,SKU0011,105,171,14.0,134
2025-02-17,SKU0011,80,224,14.0,134
2025-02-24,SKU0011,137,243,14.0,134
2025-03-03,SKU0011,138,182,14.0,134
2025-03-10,SKU0011,134,239,14.0,134
2025-03-17,SKU0011,141,215,14.0,134
2025-03-24,SKU0011,188,265,14.0,134
2025-03-31,SKU0011,152,0,14.0,134
2025-04-07,SKU0011,123,234,14.0,134
2025-04-14,SKU0011,118,262,14.0,134
2025-04-21,SKU0011,94,182,14.0,134
2025-04-28,SKU0011,103,131,14.0,134
2025-05-05,SKU0011,111,282,14.0,134
2025-05-12,SKU0011,136,234,14.0,134
2025-05-19,SKU0011,112,198,14.0,134
2025-05-26,SKU0011,98,115,14.0,134
2025-06-02,SKU0011,95,131,14.0,134
2025-06-09,SKU0011,88,208,14.0,134
2025-06-16,SKU0011,107,129,14.0,134
2025-06-23,SKU0011,149,209,14.0,134
2025-06-30,SKU0011,180,222,14.0,134
2025-07-07,SKU0011,139,0,14.0,134
2025-07-14,SKU0011,165,161,14.0,134
2025-07-21,SKU0011,177,189,14.0,134
2025-07-28,SKU0011,172,231,14.0,134
2025-08-04,SKU0011,160,228,14.0,134
2025-08-11,SKU0011,138,132,14.0,134
2025-08-18,SKU0011,136,260,14.0,134
2025-08-25,SKU0011,164,273,14.0,134
2025-09-01,SKU0011,125,132,14.0,134
2025-09-08,SKU0011,175,289,,134
2025-09-15,SKU0011,164,292,14.0,134
2025-09-22,SKU0011,197,268,14.0,134
2025-09-29,SKU0011,200,289,14.0,134
2025-10-06,SKU0011,201,279,14.0,134
2025-10-13,SKU0011,142,0,14.0,134
2025-10-20,SKU0011,209,285,14.0,134
2025-10-27,SKU0011,150,0,14.0,134
2025-11-03,SKU0011,141,184,14.0,134
2025-11-10,SKU0011,188,203,14.0,134
2025-11-17,SKU0011,190,201,14.0,134
2025-11-24,SKU0011,171,203,14.0,134
2025-12-01,SKU0011,168,298,14.0,134
2025-12-08,SKU0011,150,0,14.0,134
2025-12-15,SKU0011,190,202,14.0,134
2025-12-22,SKU0011,211,268,14.0,134
2025-12-29,SKU0011,148,0,14.0,134
2024-03-04,SKU0012,147,0,14.0,142
2024-03-11,SKU0012,156,218,14.0,142
2024-03-18,SKU0012,155,116,14.0,142
2024-03-25,SKU0012,140,173,14.0,142
2024-04-01,SKU0012,203,287,14.0,142
2024-04-08,SKU0012,165,0,14.0,142
2024-04-15,SKU0012,175,218,14.0,142
2024-04-22,SKU0012,152,0,14.0,142
2024-04-29,SKU0012,199,240,14.0,142
2024-05-06,SKU0012,175,175,14.0,142
2024-05-13,SKU0012,129,149,14.0,142
2024-05-20,SKU0012,172,281,14.0,142
2024-05-27,SKU0012,137,188,14.0,142
2024-06-03,SKU0012,121,240,14.0,142
2024-06-10,SKU0012,120,164,14.0,142
2024-06-17,SKU0012,142,160,14.0,142
2024-06-24,SKU0012,174,267,14.0,142
2024-07-01,SKU0012,189,176,14.0,142
2024-07-08,SKU0012,199,297,14.0,142
2024-07-15,SKU0012,179,146,14.0,142
2024-07-22,SKU0012,170,140,14.0,142
2024-07-29,SKU0012,143,0,14.0,142
2024-08-05,SKU0012,138,135,14.0,142
2024-08-12,SKU0012,159,260,,142
2024-08-19,SKU0012,211,290,14.0,142
2024-08-26,SKU0012,191,0,14.0,142
2024-09-02,SKU0012,138,112,14.0,142
2024-09-09,SKU0012,202,298,14.0,142
2024-09-16,SKU0012,158,0,14.0,142
2024-09-23,SKU0012,120,179,14.0,142
2024-09-30,SKU0012,197,289,14.0,142
2024-10-07,SKU0012,159,150,14.0,142
2024-10-14,SKU0012,175,284,14.0,142
2024-10-21,SKU0012,137,156,14.0,142
2024-10-28,SKU0012,131,258,14.0,142
2024-11-04,SKU0012,177,250,14.0,142
2024-11-11,SKU0012,188,223,14.0,142
2024-11-18,SKU0012,174,247,14.0,142
2024-11-25,SKU0012,162,184,14.0,142
2024-12-02,SKU0012,175,201,14.0,142
2024-12-09,SKU0012,151,0,14.0,142
2024-12-16,SKU0012,110,186,14.0,142
2024-12-23,SKU0012,129,146,14.0,142
2024-12-30,SKU0012,158,220,14.0,142
2025-01-06,SKU0012,153,174,14.0,142
2025-01-13,SKU0012,125,173,14.0,142
2025-01-20,SKU0012,93,106,14.0,142
2025-01-27,SKU0012,45,153,14.0,142
2025-02-03,SKU0012,70,228,14.0,142
2025-02-10,SKU0012,66,221,14.0,142
2025-02-17,SKU0012,136,269,14.0,142
2025-02-24,SKU0012,152,293,14.0,142
2025-03-03,SKU0012,153,102,14.0,142
2025-03-10,SKU0012,200,234,14.0,142
2025-03-17,SKU0012,139,113,14.0,142
2025-03-24,SKU0012,137,249,14.0,142
2025-03-31,SKU0012,154,197,14.0,142
2025-04-07,SKU0012,184,251,,142
2025-04-14,SKU0012,214,270,14.0,142
2025-04-21,SKU0012,175,0,14.0,142
2025-04-28,SKU0012,170,159,14.0,142
2025-05-05,SKU0012,153,0,14.0,142
2025-05-12,SKU0012,177,291,14.0,142
2025-05-19,SKU0012,165,199,14.0,142
2025-05-26,SKU0012,152,0,14.0,142
2025-06-02,SKU0012,157,131,14.0,142
2025-06-09,SKU0012,146,262,14.0,142
2025-06-16,SKU0012,125,119,14.0,142
2025-06-23,SKU0012,117,237,14.0,142
2025-06-30,SKU0012,165,195,14.0,142
2025-07-07,SKU0012,143,0,,142
2025-07-14,SKU0012,184,191,14.0,142
2025-07-21,SKU0012,148,160,14.0,142
2025-07-28,SKU0012,176,253,14.0,142
2025-08-04,SKU0012,130,109,14.0,142
2025-08-11,SKU0012,160,155,14.0,142
2025-08-18,SKU0012,173,291,14.0,142
2025-08-25,SKU0012,205,247,14.0,142
2025-09-01,SKU0012,192,196,14.0,142
2025-09-08,SKU0012,162,0,14.0,142
2025-09-15,SKU0012,171,292,14.0,142
2025-09-22,SKU0012,208,282,14.0,142
2025-09-29,SKU0012,178,0,14.0,142
2025-10-06,SKU0012,170,112,14.0,142
2025-10-13,SKU0012,169,195,14.0,142
2025-10-20,SKU0012,157,171,14.0,142
2025-10-27,SKU0012,119,178,14.0,142
2025-11-03,SKU0012,183,252,14.0,142
2025-11-10,SKU0012,162,0,14.0,142
2025-11-17,SKU0012,172,120,14.0,142
2025-11-24,SKU0012,170,284,14.0,142
2025-12-01,SKU0012,181,265,14.0,142
2025-12-08,SKU0012,158,0,14.0,142
2025-12-15,SKU0012,165,189,14.0,142
2025-12-22,SKU0012,145,0,14.0,142
2025-12-29,SKU0012,166,128,,142
2024-01-01,SKU0013,208,219,14.0,143
2024-01-08,SKU0013,147,0,14.0,143
2024-01-15,SKU0013,136,117,14.0,143
2024-01-22,SKU0013,175,275,14.0,143
2024-01-29,SKU0013,210,226,14.0,143
2024-02-05,SKU0013,160,136,14.0,143
2024-02-12,SKU0013,160,111,14.0,143
2024-02-19,SKU0013,178,273,14.0,143
2024-02-26,SKU0013,142,113,14.0,143
2024-03-04,SKU0013,194,252,14.0,143
2024-03-11,SKU0013,194,227,14.0,143
2024-03-18,SKU0013,197,227,14.0,143
2024-03-25,SKU0013,179,203,14.0,143
2024-04-01,SKU0013,165,0,14.0,143
2024-04-08,SKU0013,196,184,14.0,143
2024-04-15,SKU0013,194,217,14.0,143
2024-04-22,SKU0013,171,0,14.0,143
2024-04-29,SKU0013,151,134,14.0,143
2024-05-06,SKU0013,149,134,14.0,143
2024-05-13,SKU0013,156,229,14.0,143
2024-05-20,SKU0013,191,292,14.0,143
2024-05-27,SKU0013,166,0,14.0,143
2024-06-03,SKU0013,166,121,14.0,143
2024-06-10,SKU0013,129,162,14.0,143
2024-06-17,SKU0013,104,238,14.0,143
2024-06-24,SKU0013,108,116,14.0,143
2024-07-01,SKU0013,157,283,14.0,143
2024-07-08,SKU0013,165,141,14.0,143
2024-07-15,SKU0013,153,0,14.0,143
2024-07-22,SKU0013,175,164,14.0,143
2024-07-29,SKU0013,138,119,14.0,143
2024-08-05,SKU0013,125,232,14.0,143
2024-08-12,SKU0013,172,281,14.0,143
2024-08-19,SKU0013,186,155,14.0,143
2024-08-26,SKU0013,173,243,14.0,143
2024-09-02,SKU0013,161,131,14.0,143
2024-09-09,SKU0013,185,242,14.0,143
2024-09-16,SKU0013,212,291,14.0,143
2024-09-23,SKU0013,159,116,14.0,143
2024-09-30,SKU0013,162,216,14.0,143
2024-10-07,SKU0013,224,295,14.0,143
2024-10-14,SKU0013,207,259,14.0,143
2024-10-21,SKU0013,175,193,14.0,143
2024-10-28,SKU0013,144,0,14.0,143
2024-11-04,SKU0013,160,271,14.0,143
2024-11-11,SKU0013,138,218,14.0,143
2024-11-18,SKU0013,131,176,14.0,143
2024-11-25,SKU0013,117,205,14.0,143
2024-12-02,SKU0013,144,253,14.0,143
2024-12-09,SKU0013,110,128,14.0,143
2024-12-16,SKU0013,131,129,14.0,143
2024-12-23,SKU0013,166,281,14.0,143
2024-12-30,SKU0013,128,161,14.0,143
2025-01-06,SKU0013,178,237,14.0,143
2025-01-13,SKU0013,139,121,14.0,143
2025-01-20,SKU0013,187,262,14.0,143
2025-01-27,SKU0013,174,234,14.0,143
2025-02-03,SKU0013,156,106,14.0,143
2025-02-10,SKU0013,195,177,14.0,143
2025-02-17,SKU0013,212,298,14.0,143
2025-02-24,SKU0013,196,213,14.0,143
2025-03-03,SKU0013,204,285,14.0,143
2025-03-10,SKU0013,172,0,14.0,143
2025-03-17,SKU0013,158,0,14.0,143
2025-03-24,SKU0013,145,0,14.0,143
2025-03-31,SKU0013,159,288,14.0,143
2025-04-07,SKU0013,164,101,14.0,143
2025-04-14,SKU0013,190,216,14.0,143
2025-04-21,SKU0013,150,0,14.0,143
2025-04-28,SKU0013,199,276,14.0,143
2025-05-05,SKU0013,152,0,14.0,143
2025-05-12,SKU0013,102,125,14.0,143
2025-05-19,SKU0013,99,152,,143
2025-05-26,SKU0013,124,146,14.0,143
2025-06-02,SKU0013,84,128,14.0,143
2025-06-09,SKU0013,108,293,14.0,143
2025-06-16,SKU0013,87,262,14.0,143
2025-06-23,SKU0013,76,192,14.0,143
2025-06-30,SKU0013,78,263,14.0,143
2025-07-07,SKU0013,112,177,14.0,143
2025-07-14,SKU0013,81,154,14.0,143
2025-07-21,SKU0013,88,294,14.0,143
2025-07-28,SKU0013,154,290,14.0,143
2025-08-04,SKU0013,113,101,14.0,143
2025-08-11,SKU0013,164,209,14.0,143
2025-08-18,SKU0013,123,123,14.0,143
2025-08-25,SKU0013,132,125,14.0,143
2025-09-01,SKU0013,186,267,14.0,143
2025-09-08,SKU0013,193,211,14.0,143
2025-09-15,SKU0013,185,143,14.0,143
2025-09-22,SKU0013,163,0,14.0,143
2025-09-29,SKU0013,153,188,,143
2025-10-06,SKU0013,136,211,14.0,143
2025-10-13,SKU0013,88,109,14.0,143
2025-10-20,SKU0013,78,175,14.0,143
2025-10-27,SKU0013,78,105,14.0,143
2025-11-03,SKU0013,77,259,14.0,143
2025-11-10,SKU0013,33,113,14.0,143
2025-11-17,SKU0013,84,282,14.0,143
2025-11-24,SKU0013,77,259,14.0,143
2025-12-01,SKU0013,52,163,14.0,143
2025-12-08,SKU0013,78,263,14.0,143
2025-12-15,SKU0013,79,160,14.0,143
2025-12-22,SKU0013,100,225,14.0,143
2025-12-29,SKU0013,106,283,14.0,143
2024-01-01,SKU0014,315,0,30.0,35
2024-01-08,SKU0014,303,0,30.0,35
2024-01-15,SKU0014,214,0,30.0,35
2024-01-22,SKU0014,187,0,30.0,35
2024-01-29,SKU0014,126,0,30.0,35
2024-02-05,SKU0014,112,0,30.0,35
2024-02-12,SKU0014,62,0,30.0,35
2024-02-19,SKU0014,52,0,30.0,35
2024-02-26,SKU0014,32,103,30.0,35
2024-03-04,SKU0014,56,177,30.0,35
2024-03-11,SKU0014,57,192,30.0,35
2024-03-18,SKU0014,90,293,30.0,35
2024-03-25,SKU0014,52,0,30.0,35
2024-04-01,SKU0014,82,163,30.0,35
2024-04-08,SKU0014,71,0,30.0,35
2024-04-15,SKU0014,71,237,30.0,35
2024-04-22,SKU0014,47,0,30.0,35
2024-04-29,SKU0014,62,207,30.0,35
2024-05-06,SKU0014,83,180,30.0,35
2024-05-13,SKU0014,84,276,30.0,35
2024-05-20,SKU0014,56,0,30.0,35
2024-05-27,SKU0014,82,275,30.0,35
2024-06-03,SKU0014,65,0,30.0,35
2024-06-10,SKU0014,54,0,30.0,35
2024-06-17,SKU0014,68,229,30.0,35
2024-06-24,SKU0014,43,0,30.0,35
2024-07-01,SKU0014,79,266,30.0,35
2024-07-08,SKU0014,58,0,30.0,35
2024-07-15,SKU0014,75,189,30.0,35
2024-07-22,SKU0014,43,0,30.0,35
2024-07-29,SKU0014,111,298,30.0,35
2024-08-05,SKU0014,88,213,30.0,35
2024-08-12,SKU0014,53,0,30.0,35
2024-08-19,SKU0014,73,244,30.0,35
2024-08-26,SKU0014,41,0,30.0,35
2024-09-02,SKU0014,105,253,30.0,35
2024-09-09,SKU0014,79,0,30.0,35
2024-09-16,SKU0014,108,292,30.0,35
2024-09-23,SKU0014,112,292,30.0,35
2024-09-30,SKU0014,90,0,30.0,35
2024-10-07,SKU0014,121,295,30.0,35
2024-10-14,SKU0014,47,0,30.0,35
2024-10-21,SKU0014,87,224,30.0,35
2024-10-28,SKU0014,75,0,30.0,35
2024-11-04,SKU0014,63,0,30.0,35
2024-11-11,SKU0014,52,174,30.0,35
2024-11-18,SKU0014,58,196,30.0,35
2024-11-25,SKU0014,47,159,30.0,35
2024-12-02,SKU0014,36,0,30.0,35
2024-12-09,SKU0014,56,188,30.0,35
2024-12-16,SKU0014,33,111,30.0,35
2024-12-23,SKU0014,85,284,30.0,35
2024-12-30,SKU0014,56,0,30.0,35
2025-01-06,SKU0014,40,0,30.0,35
2025-01-13,SKU0014,106,283,30.0,35
2025-01-20,SKU0014,77,0,30.0,35
2025-01-27,SKU0014,30,102,30.0,35
2025-02-03,SKU0014,65,198,30.0,35
2025-02-10,SKU0014,48,160,30.0,35
2025-02-17,SKU0014,62,209,30.0,35
2025-02-24,SKU0014,122,298,30.0,35
2025-03-03,SKU0014,50,0,30.0,35
2025-03-10,SKU0014,30,103,30.0,35
2025-03-17,SKU0014,36,122,30.0,35
2025-03-24,SKU0014,53,139,30.0,35
2025-03-31,SKU0014,74,226,30.0,35
2025-04-07,SKU0014,58,0,30.0,35
2025-04-14,SKU0014,33,113,30.0,35
2025-04-21,SKU0014,67,225,30.0,35
2025-04-28,SKU0014,102,240,30.0,35
2025-05-05,SKU0014,66,0,30.0,35
2025-05-12,SKU0014,55,186,30.0,35
2025-05-19,SKU0014,50,168,30.0,35
2025-05-26,SKU0014,88,294,30.0,35
2025-06-02,SKU0014,49,158,30.0,35
2025-06-09,SKU0014,69,230,30.0,35
2025-06-16,SKU0014,98,288,30.0,35
2025-06-23,SKU0014,89,212,30.0,35
2025-06-30,SKU0014,36,123,30.0,35
2025-07-07,SKU0014,58,194,30.0,35
2025-07-14,SKU0014,39,131,30.0,35
2025-07-21,SKU0014,65,219,30.0,35
2025-07-28,SKU0014,47,0,30.0,35
2025-08-04,SKU0014,39,132,30.0,35
2025-08-11,SKU0014,88,294,30.0,35
2025-08-18,SKU0014,66,0,30.0,35
2025-08-25,SKU0014,51,0,30.0,35
2025-09-01,SKU0014,50,169,30.0,35
2025-09-08,SKU0014,63,210,30.0,35
2025-09-15,SKU0014,87,244,30.0,35
2025-09-22,SKU0014,64,166,30.0,35
2025-09-29,SKU0014,65,133,30.0,35
2025-10-06,SKU0014,62,209,30.0,35
2025-10-13,SKU0014,70,234,30.0,35
2025-10-20,SKU0014,34,114,30.0,35
2025-10-27,SKU0014,63,212,30.0,35
2025-11-03,SKU0014,43,0,30.0,35
2025-11-10,SKU0014,76,255,30.0,35
2025-11-17,SKU0014,47,0,30.0,35
2025-11-24,SKU0014,41,138,30.0,35
2025-12-01,SKU0014,82,276,30.0,35
2025-12-08,SKU0014,102,231,30.0,35
2025-12-15,SKU0014,92,0,30.0,35
2025-12-22,SKU0014,71,185,30.0,35
2025-12-29,SKU0014,70,208,30.0,35
2024-01-01,SKU0015,149,0,14.0,21
2024-01-08,SKU0015,92,0,14.0,21
2024-01-15,SKU0015,42,114,14.0,21
2024-01-22,SKU0015,67,176,14.0,21
2024-01-29,SKU0015,39,130,14.0,21
2024-02-05,SKU0015,73,207,,21
2024-02-12,SKU0015,23,0,14.0,21
2024-02-19,SKU0015,79,265,14.0,21
2024-02-26,SKU0015,32,0,14.0,21
2024-03-04,SKU0015,48,152,14.0,21
2024-03-11,SKU0015,76,256,14.0,21
2024-03-18,SKU0015,61,143,14.0,21
2024-03-25,SKU0015,63,166,14.0,21
2024-04-01,SKU0015,35,0,14.0,21
2024-04-08,SKU0015,45,152,14.0,21
2024-04-15,SKU0015,50,167,14.0,21
2024-04-22,SKU0015,49,165,14.0,21
2024-04-29,SKU0015,31,105,14.0,21
2024-05-06,SKU0015,53,179,14.0,21
2024-05-13,SKU0015,35,0,14.0,21
2024-05-20,SKU0015,80,266,14.0,21
2024-05-27,SKU0015,85,281,14.0,21
2024-06-03,SKU0015,67,0,14.0,21
2024-06-10,SKU0015,85,273,14.0,21
2024-06-17,SKU0015,66,0,14.0,21
2024-06-24,SKU0015,33,0,14.0,21
2024-07-01,SKU0015,54,181,14.0,21
2024-07-08,SKU0015,42,0,14.0,21
2024-07-15,SKU0015,27,0,14.0,21
2024-07-22,SKU0015,75,250,14.0,21
2024-07-29,SKU0015,45,0,14.0,21
2024-08-05,SKU0015,51,173,14.0,21
2024-08-12,SKU0015,39,130,14.0,21
2024-08-19,SKU0015,47,131,14.0,21
2024-08-26,SKU0015,50,167,14.0,21
2024-09-02,SKU0015,34,114,14.0,21
2024-09-09,SKU0015,55,186,14.0,21
2024-09-16,SKU0015,72,242,14.0,21
2024-09-23,SKU0015,66,198,14.0,21
2024-09-30,SKU0015,34,108,14.0,21
2024-10-07,SKU0015,64,216,14.0,21
2024-10-14,SKU0015,54,181,14.0,21
2024-10-21,SKU0015,49,166,14.0,21
2024-10-28,SKU0015,52,175,14.0,21
2024-11-04,SKU0015,70,235,14.0,21
2024-11-11,SKU0015,54,181,14.0,21
2024-11-18,SKU0015,67,225,14.0,21
2024-11-25,SKU0015,57,190,14.0,21
2024-12-02,SKU0015,32,0,14.0,21
2024-12-09,SKU0015,34,115,14.0,21
2024-12-16,SKU0015,75,252,14.0,21
2024-12-23,SKU0015,48,162,14.0,21
2024-12-30,SKU0015,51,171,14.0,21
2025-01-06,SKU0015,89,298,14.0,21
2025-01-13,SKU0015,71,0,14.0,21
2025-01-20,SKU0015,53,0,14.0,21
2025-01-27,SKU0015,63,212,14.0,21
2025-02-03,SKU0015,40,0,14.0,21
2025-02-10,SKU0015,26,0,14.0,21
2025-02-17,SKU0015,61,205,14.0,21
2025-02-24,SKU0015,31,0,14.0,21
2025-03-03,SKU0015,53,151,14.0,21
2025-03-10,SKU0015,69,231,14.0,21
2025-03-17,SKU0015,62,208,14.0,21
2025-03-24,SKU0015,51,0,14.0,21
2025-03-31,SKU0015,39,0,14.0,21
2025-04-07,SKU0015,49,105,14.0,21
2025-04-14,SKU0015,38,129,14.0,21
2025-04-21,SKU0015,28,0,14.0,21
2025-04-28,SKU0015,85,284,14.0,21
2025-05-05,SKU0015,56,0,14.0,21
2025-05-12,SKU0015,44,0,14.0,21
2025-05-19,SKU0015,25,0,14.0,21
2025-05-26,SKU0015,49,166,14.0,21
2025-06-02,SKU0015,83,279,14.0,21
2025-06-09,SKU0015,24,0,14.0,21
2025-06-16,SKU0015,88,294,14.0,21
2025-06-23,SKU0015,38,129,14.0,21
2025-06-30,SKU0015,62,208,14.0,21
2025-07-07,SKU0015,57,190,14.0,21
2025-07-14,SKU0015,54,179,14.0,21
2025-07-21,SKU0015,32,0,14.0,21
2025-07-28,SKU0015,32,107,14.0,21
2025-08-04,SKU0015,38,120,14.0,21
2025-08-11,SKU0015,39,132,14.0,21
2025-08-18,SKU0015,68,227,14.0,21
2025-08-25,SKU0015,21,0,14.0,21
2025-09-01,SKU0015,74,234,14.0,21
2025-09-08,SKU0015,64,198,14.0,21
2025-09-15,SKU0015,46,117,14.0,21
2025-09-22,SKU0015,27,0,14.0,21
2025-09-29,SKU0015,55,135,14.0,21
2025-10-06,SKU0015,79,264,14.0,21
2025-10-13,SKU0015,37,0,14.0,21
2025-10-20,SKU0015,52,144,14.0,21
2025-10-27,SKU0015,66,220,14.0,21
2025-11-03,SKU0015,86,273,14.0,21
2025-11-10,SKU0015,52,0,14.0,21
2025-11-17,SKU0015,42,143,14.0,21
2025-11-24,SKU0015,55,186,14.0,21
2025-12-01,SKU0015,64,185,14.0,21
2025-12-08,SKU0015,60,202,14.0,21
2025-12-15,SKU0015,43,144,14.0,21
2025-12-22,SKU0015,29,0,14.0,21
2025-12-29,SKU0015,86,289,14.0,21
2025-08-25,SKU0016,79,265,7.0,73
2025-09-01,SKU0016,126,208,7.0,73
2025-09-08,SKU0016,87,0,7.0,73
2025-09-15,SKU0016,87,258,7.0,73
2025-09-22,SKU0016,100,215,7.0,73
2025-09-29,SKU0016,90,0,7.0,73
2025-10-06,SKU0016,131,215,7.0,73
2025-10-13,SKU0016,89,109,7.0,73
2025-10-20,SKU0016,102,109,7.0,73
2025-10-27,SKU0016,74,0,7.0,73
2025-11-03,SKU0016,37,121,7.0,73
2025-11-10,SKU0016,73,191,7.0,73
2025-11-17,SKU0016,54,150,7.0,73
2025-11-24,SKU0016,71,238,7.0,73
2025-12-01,SKU0016,88,295,7.0,73
2025-12-08,SKU0016,109,204,7.0,73
2025-12-15,SKU0016,79,175,7.0,73
2025-12-22,SKU0016,115,238,7.0,73
2025-12-29,SKU0016,107,282,7.0,73
2024-01-01,SKU0017,113,297,14.0,94
2024-01-08,SKU0017,94,0,14.0,94
2024-01-15,SKU0017,106,163,14.0,94
2024-01-22,SKU0017,77,215,14.0,94
2024-01-29,SKU0017,77,258,14.0,94
2024-02-05,SKU0017,58,196,14.0,94
2024-02-12,SKU0017,62,181,14.0,94
2024-02-19,SKU0017,45,136,14.0,94
2024-02-26,SKU0017,33,113,14.0,94
2024-03-04,SKU0017,73,182,14.0,94
2024-03-11,SKU0017,52,175,14.0,94
2024-03-18,SKU0017,79,258,14.0,94
2024-03-25,SKU0017,54,180,14.0,94
2024-04-01,SKU0017,41,138,14.0,94
2024-04-08,SKU0017,64,115,14.0,94
2024-04-15,SKU0017,81,256,14.0,94
2024-04-22,SKU0017,51,170,14.0,94
2024-04-29,SKU0017,79,265,14.0,94
2024-05-06,SKU0017,64,216,14.0,94
2024-05-13,SKU0017,126,255,14.0,94
2024-05-20,SKU0017,147,287,14.0,94
2024-05-27,SKU0017,168,276,14.0,94
2024-06-03,SKU0017,124,172,14.0,94
2024-06-10,SKU0017,107,170,14.0,94
2024-06-17,SKU0017,80,143,14.0,94
2024-06-24,SKU0017,81,272,14.0,94
2024-07-01,SKU0017,72,146,14.0,94
2024-07-08,SKU0017,74,109,14.0,94
2024-07-15,SKU0017,33,110,14.0,94
2024-07-22,SKU0017,42,140,14.0,94
2024-07-29,SKU0017,50,147,14.0,94
2024-08-05,SKU0017,76,226,14.0,94
2024-08-12,SKU0017,37,125,14.0,94
2024-08-19,SKU0017,53,179,14.0,94
2024-08-26,SKU0017,54,181,14.0,94
2024-09-02,SKU0017,46,115,14.0,94
2024-09-09,SKU0017,41,139,14.0,94
2024-09-16,SKU0017,63,210,14.0,94
2024-09-23,SKU0017,130,276,14.0,94
2024-09-30,SKU0017,142,163,14.0,94
2024-10-07,SKU0017,116,226,14.0,94
2024-10-14,SKU0017,119,244,14.0,94
2024-10-21,SKU0017,113,170,14.0,94
2024-10-28,SKU0017,70,139,14.0,94
2024-11-04,SKU0017,99,239,14.0,94
2024-11-11,SKU0017,141,257,,94
2024-11-18,SKU0017,151,194,14.0,94
2024-11-25,SKU0017,138,169,14.0,94
2024-12-02,SKU0017,118,0,14.0,94
2024-12-09,SKU0017,119,132,14.0,94
2024-12-16,SKU0017,98,192,14.0,94
2024-12-23,SKU0017,67,201,14.0,94
2024-12-30,SKU0017,50,167,,94
2025-01-06,SKU0017,54,182,14.0,94
2025-01-13,SKU0017,55,185,14.0,94
2025-01-20,SKU0017,61,152,14.0,94
2025-01-27,SKU0017,36,123,14.0,94
2025-02-03,SKU0017,70,147,14.0,94
2025-02-10,SKU0017,36,123,14.0,94
2025-02-17,SKU0017,87,240,14.0,94
2025-02-24,SKU0017,116,242,14.0,94
2025-03-03,SKU0017,66,127,14.0,94
2025-03-10,SKU0017,51,142,14.0,94
2025-03-17,SKU0017,59,198,14.0,94
2025-03-24,SKU0017,46,154,14.0,94
2025-03-31,SKU0017,62,208,14.0,94
2025-04-07,SKU0017,76,214,14.0,94
2025-04-14,SKU0017,109,222,14.0,94
2025-04-21,SKU0017,63,179,14.0,94
2025-04-28,SKU0017,70,118,14.0,94
2025-05-05,SKU0017,115,271,14.0,94
2025-05-12,SKU0017,91,147,14.0,94
2025-05-19,SKU0017,93,286,14.0,94
2025-05-26,SKU0017,111,287,14.0,94
2025-06-02,SKU0017,143,246,14.0,94
2025-06-09,SKU0017,140,166,14.0,94
2025-06-16,SKU0017,83,137,14.0,94
2025-06-23,SKU0017,144,266,14.0,94
2025-06-30,SKU0017,95,105,14.0,94
2025-07-07,SKU0017,115,162,14.0,94
2025-07-14,SKU0017,99,202,14.0,94
2025-07-21,SKU0017,112,217,14.0,94
2025-07-28,SKU0017,119,162,14.0,94
2025-08-04,SKU0017,140,177,14.0,94
2025-08-11,SKU0017,93,117,14.0,94
2025-08-18,SKU0017,88,224,14.0,94
2025-08-25,SKU0017,42,135,14.0,94
2025-09-01,SKU0017,34,114,14.0,94
2025-09-08,SKU0017,56,188,14.0,94
2025-09-15,SKU0017,60,200,14.0,94
2025-09-22,SKU0017,83,277,14.0,94
2025-09-29,SKU0017,158,287,14.0,94
2025-10-06,SKU0017,129,187,14.0,94
2025-10-13,SKU0017,91,104,14.0,94
2025-10-20,SKU0017,55,171,14.0,94
2025-10-27,SKU0017,79,254,14.0,94
2025-11-03,SKU0017,76,173,14.0,94
2025-11-10,SKU0017,80,269,14.0,94
2025-11-17,SKU0017,98,138,14.0,94
2025-11-24,SKU0017,141,297,14.0,94
2025-12-01,SKU0017,103,196,14.0,94
2025-12-08,SKU0017,87,129,14.0,94
2025-12-15,SKU0017,115,200,14.0,94
2025-12-22,SKU0017,100,259,14.0,94
2025-12-29,SKU0017,85,194,14.0,94
2024-01-01,SKU0018,154,0,14.0,86
2024-01-08,SKU0018,152,223,14.0,86
2024-01-15,SKU0018,106,0,14.0,86
2024-01-22,SKU0018,86,194,14.0,86
2024-01-29,SKU0018,87,155,14.0,86
2024-02-05,SKU0018,75,230,14.0,86
2024-02-12,SKU0018,74,142,14.0,86
2024-02-19,SKU0018,78,197,14.0,86
2024-02-26,SKU0018,70,117,14.0,86
2024-03-04,SKU0018,42,117,14.0,86
2024-03-11,SKU0018,61,206,14.0,86
2024-03-18,SKU0018,87,210,14.0,86
2024-03-25,SKU0018,78,234,14.0,86
2024-04-01,SKU0018,108,156,14.0,86
2024-04-08,SKU0018,133,213,14.0,86
2024-04-15,SKU0018,114,0,14.0,86
2024-04-22,SKU0018,135,181,14.0,86
2024-04-29,SKU0018,115,228,14.0,86
2024-05-06,SKU0018,87,133,14.0,86
2024-05-13,SKU0018,138,246,14.0,86
2024-05-20,SKU0018,165,298,14.0,86
2024-05-27,SKU0018,126,0,14.0,86
2024-06-03,SKU0018,111,0,14.0,86
2024-06-10,SKU0018,85,208,14.0,86
2024-06-17,SKU0018,100,282,14.0,86
2024-06-24,SKU0018,136,233,14.0,86
2024-07-01,SKU0018,71,106,14.0,86
2024-07-08,SKU0018,67,204,14.0,86
2024-07-15,SKU0018,102,267,14.0,86
2024-07-22,SKU0018,95,133,14.0,86
2024-07-29,SKU0018,85,272,14.0,86
2024-08-05,SKU0018,61,205,14.0,86
2024-08-12,SKU0018,44,120,14.0,86
2024-08-19,SKU0018,86,287,14.0,86
2024-08-26,SKU0018,93,234,14.0,86
2024-09-02,SKU0018,49,135,14.0,86
2024-09-09,SKU0018,31,102,14.0,86
2024-09-16,SKU0018,50,154,14.0,86
2024-09-23,SKU0018,80,268,14.0,86
2024-09-30,SKU0018,94,217,14.0,86
2024-10-07,SKU0018,59,153,14.0,86
2024-10-14,SKU0018,101,222,14.0,86
2024-10-21,SKU0018,129,218,14.0,86
2024-10-28,SKU0018,91,0,14.0,86
2024-11-04,SKU0018,98,116,14.0,86
2024-11-11,SKU0018,98,221,14.0,86
2024-11-18,SKU0018,118,237,14.0,86
2024-11-25,SKU0018,105,180,14.0,86
2024-12-02,SKU0018,127,151,14.0,86
2024-12-09,SKU0018,142,247,14.0,86
2024-12-16,SKU0018,91,151,14.0,86
2024-12-23,SKU0018,74,140,14.0,86
2024-12-30,SKU0018,52,151,14.0,86
2025-01-06,SKU0018,84,280,14.0,86
2025-01-13,SKU0018,39,131,14.0,86
2025-01-20,SKU0018,85,197,14.0,86
2025-01-27,SKU0018,139,231,14.0,86
2025-02-03,SKU0018,160,251,14.0,86
2025-02-10,SKU0018,129,190,14.0,86
2025-02-17,SKU0018,100,0,14.0,86
2025-02-24,SKU0018,85,184,14.0,86
2025-03-03,SKU0018,107,146,14.0,86
2025-03-10,SKU0018,114,185,14.0,86
2025-03-17,SKU0018,108,123,14.0,86
2025-03-24,SKU0018,101,225,14.0,86
2025-03-31,SKU0018,116,194,14.0,86
2025-04-07,SKU0018,75,167,14.0,86
2025-04-14,SKU0018,127,262,14.0,86
2025-04-21,SKU0018,117,253,14.0,86
2025-04-28,SKU0018,109,172,14.0,86
2025-05-05,SKU0018,70,163,14.0,86
2025-05-12,SKU0018,35,119,14.0,86
2025-05-19,SKU0018,86,288,14.0,86
2025-05-26,SKU0018,99,238,14.0,86
2025-06-02,SKU0018,37,107,14.0,86
2025-06-09,SKU0018,81,272,14.0,86
2025-06-16,SKU0018,73,202,14.0,86
2025-06-23,SKU0018,81,193,14.0,86
2025-06-30,SKU0018,61,154,14.0,86
2025-07-07,SKU0018,44,149,14.0,86
2025-07-14,SKU0018,86,289,14.0,86
2025-07-21,SKU0018,146,254,14.0,86
2025-07-28,SKU0018,131,0,14.0,86
2025-08-04,SKU0018,138,178,14.0,86
2025-08-11,SKU0018,128,166,14.0,86
2025-08-18,SKU0018,130,224,14.0,86
2025-08-25,SKU0018,152,253,14.0,86
2025-09-01,SKU0018,98,0,14.0,86
2025-09-08,SKU0018,112,223,14.0,86
2025-09-15,SKU0018,88,0,14.0,86
2025-09-22,SKU0018,62,112,14.0,86
2025-09-29,SKU0018,52,176,14.0,86
2025-10-06,SKU0018,92,283,14.0,86
2025-10-13,SKU0018,109,104,14.0,86
2025-10-20,SKU0018,87,0,14.0,86
2025-10-27,SKU0018,61,104,14.0,86
2025-11-03,SKU0018,74,247,14.0,86
2025-11-10,SKU0018,88,294,14.0,86
2025-11-17,SKU0018,105,293,14.0,86
2025-11-24,SKU0018,77,218,14.0,86
2025-12-01,SKU0018,127,246,14.0,86
2025-12-08,SKU0018,146,279,14.0,86
2025-12-15,SKU0018,95,0,14.0,86
2025-12-22,SKU0018,75,225,14.0,86
2025-12-29,SKU0018,36,122,14.0,86
2024-01-01,SKU0019,41,0,30.0,29
2024-01-08,SKU0019,41,138,30.0,29
2024-01-15,SKU0019,39,131,30.0,29
2024-01-22,SKU0019,37,126,30.0,29
2024-01-29,SKU0019,87,291,30.0,29
2024-02-05,SKU0019,65,0,30.0,29
2024-02-12,SKU0019,77,234,30.0,29
2024-02-19,SKU0019,58,168,30.0,29
2024-02-26,SKU0019,32,0,30.0,29
2024-03-04,SKU0019,66,222,30.0,29
2024-03-11,SKU0019,33,113,30.0,29
2024-03-18,SKU0019,41,139,30.0,29
2024-03-25,SKU0019,59,109,30.0,29
2024-04-01,SKU0019,56,162,30.0,29
2024-04-08,SKU0019,45,0,30.0,29
2024-04-15,SKU0019,64,216,30.0,29
2024-04-22,SKU0019,51,0,30.0,29
2024-04-29,SKU0019,79,250,30.0,29
2024-05-06,SKU0019,86,288,30.0,29
2024-05-13,SKU0019,73,0,30.0,29
2024-05-20,SKU0019,55,186,30.0,29
2024-05-27,SKU0019,77,257,30.0,29
2024-06-03,SKU0019,58,196,30.0,29
2024-06-10,SKU0019,72,242,30.0,29
2024-06-17,SKU0019,87,212,,29
2024-06-24,SKU0019,75,252,30.0,29
2024-07-01,SKU0019,47,158,30.0,29
2024-07-08,SKU0019,57,190,30.0,29
2024-07-15,SKU0019,85,285,30.0,29
2024-07-22,SKU0019,36,122,30.0,29
2024-07-29,SKU0019,64,214,30.0,29
2024-08-05,SKU0019,65,183,30.0,29
2024-08-12,SKU0019,49,0,30.0,29
2024-08-19,SKU0019,53,177,30.0,29
2024-08-26,SKU0019,52,119,30.0,29
2024-09-02,SKU0019,81,272,30.0,29
2024-09-09,SKU0019,92,220,30.0,29
2024-09-16,SKU0019,64,214,30.0,29
2024-09-23,SKU0019,102,277,30.0,29
2024-09-30,SKU0019,85,192,30.0,29
2024-10-07,SKU0019,88,296,30.0,29
2024-10-14,SKU0019,88,293,30.0,29
2024-10-21,SKU0019,65,0,30.0,29
2024-10-28,SKU0019,38,125,30.0,29
2024-11-04,SKU0019,85,285,30.0,29
2024-11-11,SKU0019,59,199,30.0,29
2024-11-18,SKU0019,47,157,30.0,29
2024-11-25,SKU0019,72,240,30.0,29
2024-12-02,SKU0019,38,0,30.0,29
2024-12-09,SKU0019,32,107,30.0,29
2024-12-16,SKU0019,70,193,30.0,29
2024-12-23,SKU0019,47,118,30.0,29
2024-12-30,SKU0019,72,240,30.0,29
2025-01-06,SKU0019,59,198,30.0,29
2025-01-13,SKU0019,67,194,30.0,29
2025-01-20,SKU0019,83,278,30.0,29
2025-01-27,SKU0019,89,210,30.0,29
2025-02-03,SKU0019,65,217,30.0,29
2025-02-10,SKU0019,93,248,30.0,29
2025-02-17,SKU0019,74,0,30.0,29
2025-02-24,SKU0019,41,138,30.0,29
2025-03-03,SKU0019,86,287,30.0,29
2025-03-10,SKU0019,43,125,30.0,29
2025-03-17,SKU0019,96,261,30.0,29
2025-03-24,SKU0019,42,0,30.0,29
2025-03-31,SKU0019,37,126,30.0,29
2025-04-07,SKU0019,39,132,30.0,29
2025-04-14,SKU0019,82,274,30.0,29
2025-04-21,SKU0019,85,286,30.0,29
2025-04-28,SKU0019,44,0,30.0,29
2025-05-05,SKU0019,64,207,30.0,29
2025-05-12,SKU0019,42,143,30.0,29
2025-05-19,SKU0019,34,114,30.0,29
2025-05-26,SKU0019,72,240,30.0,29
2025-06-02,SKU0019,79,185,30.0,29
2025-06-09,SKU0019,55,186,30.0,29
2025-06-16,SKU0019,58,170,30.0,29
2025-06-23,SKU0019,72,223,30.0,29
2025-06-30,SKU0019,39,112,30.0,29
2025-07-07,SKU0019,55,184,30.0,29
2025-07-14,SKU0019,30,103,30.0,29
2025-07-21,SKU0019,56,163,30.0,29
2025-07-28,SKU0019,55,136,30.0,29
2025-08-04,SKU0019,56,188,30.0,29
2025-08-11,SKU0019,57,193,30.0,29
2025-08-18,SKU0019,75,201,30.0,29
2025-08-25,SKU0019,37,124,30.0,29
2025-09-01,SKU0019,34,116,30.0,29
2025-09-08,SKU0019,66,223,30.0,29
2025-09-15,SKU0019,69,142,30.0,29
2025-09-22,SKU0019,60,132,30.0,29
2025-09-29,SKU0019,78,261,30.0,29
2025-10-06,SKU0019,86,289,30.0,29
2025-10-13,SKU0019,36,120,30.0,29
2025-10-20,SKU0019,49,164,30.0,29
2025-10-27,SKU0019,55,185,30.0,29
2025-11-03,SKU0019,85,284,30.0,29
2025-11-10,SKU0019,41,0,30.0,29
2025-11-17,SKU0019,69,195,30.0,29
2025-11-24,SKU0019,33,111,30.0,29
2025-12-01,SKU0019,64,214,30.0,29
2025-12-08,SKU0019,74,198,30.0,29
2025-12-15,SKU0019,34,0,30.0,29
2025-12-22,SKU0019,52,174,30.0,29
2025-12-29,SKU0019,75,250,,29
2024-01-01,SKU0020,109,0,30.0,53
2024-01-08,SKU0020,88,0,30.0,53
2024-01-15,SKU0020,74,0,30.0,53
2024-01-22,SKU0020,100,299,30.0,53
2024-01-29,SKU0020,66,0,30.0,53
2024-02-05,SKU0020,105,190,30.0,53
2024-02-12,SKU0020,126,275,30.0,53
2024-02-19,SKU0020,113,0,30.0,53
2024-02-26,SKU0020,120,260,30.0,53
2024-03-04,SKU0020,122,270,30.0,53
2024-03-11,SKU0020,64,0,30.0,53
2024-03-18,SKU0020,52,176,30.0,53
2024-03-25,SKU0020,51,172,30.0,53
2024-04-01,SKU0020,91,250,30.0,53
2024-04-08,SKU0020,68,0,30.0,53
2024-04-15,SKU0020,126,270,30.0,53
2024-04-22,SKU0020,72,0,30.0,53
2024-04-29,SKU0020,46,130,30.0,53
2024-05-06,SKU0020,45,124,30.0,53
2024-05-13,SKU0020,94,246,30.0,53
2024-05-20,SKU0020,70,0,30.0,53
2024-05-27,SKU0020,82,275,30.0,53
2024-06-03,SKU0020,108,221,30.0,53
2024-06-10,SKU0020,85,0,30.0,53
2024-06-17,SKU0020,63,191,30.0,53
2024-06-24,SKU0020,120,269,30.0,53
2024-07-01,SKU0020,53,0,30.0,53
2024-07-08,SKU0020,105,216,30.0,53
2024-07-15,SKU0020,65,136,30.0,53
2024-07-22,SKU0020,35,119,30.0,53
2024-07-29,SKU0020,64,193,30.0,53
2024-08-05,SKU0020,56,185,30.0,53
2024-08-12,SKU0020,73,240,30.0,53
2024-08-19,SKU0020,56,187,30.0,53
2024-08-26,SKU0020,83,160,30.0,53
2024-09-02,SKU0020,67,0,30.0,53
2024-09-09,SKU0020,71,219,30.0,53
2024-09-16,SKU0020,82,144,30.0,53
2024-09-23,SKU0020,54,0,30.0,53
2024-09-30,SKU0020,71,238,30.0,53
2024-10-07,SKU0020,58,196,30.0,53
2024-10-14,SKU0020,39,132,30.0,53
2024-10-21,SKU0020,64,173,30.0,53
2024-10-28,SKU0020,82,275,30.0,53
2024-11-04,SKU0020,95,295,30.0,53
2024-11-11,SKU0020,63,0,30.0,53
2024-11-18,SKU0020,40,134,30.0,53
2024-11-25,SKU0020,56,188,30.0,53
2024-12-02,SKU0020,35,118,30.0,53
2024-12-09,SKU0020,87,290,30.0,53
2024-12-16,SKU0020,105,239,30.0,53
2024-12-23,SKU0020,77,166,30.0,53
2024-12-30,SKU0020,69,176,30.0,53
2025-01-06,SKU0020,92,192,30.0,53
2025-01-13,SKU0020,102,195,30.0,53
2025-01-20,SKU0020,91,0,30.0,53
2025-01-27,SKU0020,80,0,30.0,53
2025-02-03,SKU0020,77,198,30.0,53
2025-02-10,SKU0020,82,180,30.0,53
2025-02-17,SKU0020,120,288,30.0,53
2025-02-24,SKU0020,85,143,30.0,53
2025-03-03,SKU0020,90,214,30.0,53
2025-03-10,SKU0020,115,218,30.0,53
2025-03-17,SKU0020,56,0,30.0,53
2025-03-24,SKU0020,65,122,30.0,53
2025-03-31,SKU0020,120,274,30.0,53
2025-04-07,SKU0020,74,0,30.0,53
2025-04-14,SKU0020,83,279,30.0,53
2025-04-21,SKU0020,90,148,30.0,53
2025-04-28,SKU0020,81,187,30.0,53
2025-05-05,SKU0020,48,151,30.0,53
2025-05-12,SKU0020,105,288,30.0,53
2025-05-19,SKU0020,80,158,30.0,53
2025-05-26,SKU0020,68,0,,53
2025-06-02,SKU0020,96,247,30.0,53
2025-06-09,SKU0020,85,262,30.0,53
2025-06-16,SKU0020,105,216,30.0,53
2025-06-23,SKU0020,70,0,30.0,53
2025-06-30,SKU0020,41,118,30.0,53
2025-07-07,SKU0020,51,172,30.0,53
2025-07-14,SKU0020,53,179,30.0,53
2025-07-21,SKU0020,84,189,30.0,53
2025-07-28,SKU0020,94,187,30.0,53
2025-08-04,SKU0020,66,0,30.0,53
2025-08-11,SKU0020,138,296,30.0,53
2025-08-18,SKU0020,123,0,30.0,53
2025-08-25,SKU0020,83,0,30.0,53
2025-09-01,SKU0020,137,287,30.0,53
2025-09-08,SKU0020,61,0,30.0,53
2025-09-15,SKU0020,89,298,30.0,53
2025-09-22,SKU0020,81,221,30.0,53
2025-09-29,SKU0020,63,0,30.0,53
2025-10-06,SKU0020,33,111,,53
2025-10-13,SKU0020,76,256,30.0,53
2025-10-20,SKU0020,87,290,30.0,53
2025-10-27,SKU0020,56,145,30.0,53
2025-11-03,SKU0020,40,136,30.0,53
2025-11-10,SKU0020,56,189,30.0,53
2025-11-17,SKU0020,77,228,30.0,53
2025-11-24,SKU0020,59,152,30.0,53
2025-12-01,SKU0020,69,231,30.0,53
2025-12-08,SKU0020,46,155,30.0,53
2025-12-15,SKU0020,51,172,30.0,53
2025-12-22,SKU0020,63,210,30.0,53
2025-12-29,SKU0020,74,100,30.0,53
2024-06-03,SKU0021,177,0,14.0,77
2024-06-10,SKU0021,142,0,14.0,77
2024-06-17,SKU0021,130,290,14.0,77
2024-06-24,SKU0021,148,256,14.0,77
2024-07-01,SKU0021,81,0,14.0,77
2024-07-08,SKU0021,55,185,14.0,77
2024-07-15,SKU0021,61,206,14.0,77
2024-07-22,SKU0021,114,249,14.0,77
2024-07-29,SKU0021,60,150,14.0,77
2024-08-05,SKU0021,114,284,14.0,77
2024-08-12,SKU0021,80,0,14.0,77
2024-08-19,SKU0021,83,107,14.0,77
2024-08-26,SKU0021,70,158,14.0,77
2024-09-02,SKU0021,71,141,14.0,77
2024-09-09,SKU0021,80,210,14.0,77
2024-09-16,SKU0021,73,240,14.0,77
2024-09-23,SKU0021,98,214,14.0,77
2024-09-30,SKU0021,90,272,14.0,77
2024-10-07,SKU0021,115,136,14.0,77
2024-10-14,SKU0021,99,0,14.0,77
2024-10-21,SKU0021,135,226,14.0,77
2024-10-28,SKU0021,125,0,14.0,77
2024-11-04,SKU0021,137,214,14.0,77
2024-11-11,SKU0021,132,243,14.0,77
2024-11-18,SKU0021,159,294,14.0,77
2024-11-25,SKU0021,151,277,14.0,77
2024-12-02,SKU0021,110,0,14.0,77
2024-12-09,SKU0021,91,207,14.0,77
2024-12-16,SKU0021,100,124,14.0,77
2024-12-23,SKU0021,85,228,14.0,77
2024-12-30,SKU0021,108,149,14.0,77
2025-01-06,SKU0021,113,129,14.0,77
2025-01-13,SKU0021,119,298,14.0,77
2025-01-20,SKU0021,102,0,14.0,77
2025-01-27,SKU0021,100,173,14.0,77
2025-02-03,SKU0021,104,235,14.0,77
2025-02-10,SKU0021,92,0,14.0,77
2025-02-17,SKU0021,120,177,14.0,77
2025-02-24,SKU0021,113,251,,77
2025-03-03,SKU0021,148,238,14.0,77
2025-03-10,SKU0021,88,0,14.0,77
2025-03-17,SKU0021,83,157,14.0,77
2025-03-24,SKU0021,120,186,14.0,77
2025-03-31,SKU0021,79,0,14.0,77
2025-04-07,SKU0021,146,285,14.0,77
2025-04-14,SKU0021,145,292,14.0,77
2025-04-21,SKU0021,126,0,14.0,77
2025-04-28,SKU0021,102,230,14.0,77
2025-05-05,SKU0021,79,151,14.0,77
2025-05-12,SKU0021,86,124,14.0,77
2025-05-19,SKU0021,53,178,14.0,77
2025-05-26,SKU0021,58,147,14.0,77
2025-06-02,SKU0021,55,186,14.0,77
2025-06-09,SKU0021,95,211,14.0,77
2025-06-16,SKU0021,129,233,14.0,77
2025-06-23,SKU0021,107,141,14.0,77
2025-06-30,SKU0021,77,0,14.0,77
2025-07-07,SKU0021,50,151,14.0,77
2025-07-14,SKU0021,37,125,14.0,77
2025-07-21,SKU0021,77,243,14.0,77
2025-07-28,SKU0021,115,226,14.0,77
2025-08-04,SKU0021,107,101,14.0,77
2025-08-11,SKU0021,109,148,14.0,77
2025-08-18,SKU0021,116,262,14.0,77
2025-08-25,SKU0021,100,0,14.0,77
2025-09-01,SKU0021,79,0,14.0,77
2025-09-08,SKU0021,65,139,14.0,77
2025-09-15,SKU0021,72,155,14.0,77
2025-09-22,SKU0021,78,246,14.0,77
2025-09-29,SKU0021,47,143,14.0,77
2025-10-06,SKU0021,76,256,14.0,77
2025-10-13,SKU0021,63,184,14.0,77
2025-10-20,SKU0021,97,283,14.0,77
2025-10-27,SKU0021,80,266,14.0,77
2025-11-03,SKU0021,81,139,14.0,77
2025-11-10,SKU0021,55,119,14.0,77
2025-11-17,SKU0021,46,155,14.0,77
2025-11-24,SKU0021,101,242,14.0,77
2025-12-01,SKU0021,116,186,14.0,77
2025-12-08,SKU0021,107,278,14.0,77
2025-12-15,SKU0021,93,0,14.0,77
2025-12-22,SKU0021,78,236,14.0,77
2025-12-29,SKU0021,112,228,14.0,77
2024-01-01,SKU0022,273,0,14.0,66
2024-01-08,SKU0022,233,0,14.0,66
2024-01-15,SKU0022,152,0,14.0,66
2024-01-22,SKU0022,89,0,14.0,66
2024-01-29,SKU0022,78,261,14.0,66
2024-02-05,SKU0022,79,181,14.0,66
2024-02-12,SKU0022,128,251,14.0,66
2024-02-19,SKU0022,117,0,14.0,66
2024-02-26,SKU0022,110,292,14.0,66
2024-03-04,SKU0022,134,245,14.0,66
2024-03-11,SKU0022,114,0,14.0,66
2024-03-18,SKU0022,103,166,14.0,66
2024-03-25,SKU0022,74,0,14.0,66
2024-04-01,SKU0022,109,237,14.0,66
2024-04-08,SKU0022,92,0,14.0,66
2024-04-15,SKU0022,135,268,14.0,66
2024-04-22,SKU0022,102,0,14.0,66
2024-04-29,SKU0022,141,273,14.0,66
2024-05-06,SKU0022,123,247,14.0,66
2024-05-13,SKU0022,69,117,14.0,66
2024-05-20,SKU0022,81,199,14.0,66
2024-05-27,SKU0022,112,214,14.0,66
2024-06-03,SKU0022,98,0,14.0,66
2024-06-10,SKU0022,64,115,14.0,66
2024-06-17,SKU0022,51,143,14.0,66
2024-06-24,SKU0022,37,124,14.0,66
2024-07-01,SKU0022,63,210,14.0,66
2024-07-08,SKU0022,77,193,14.0,66
2024-07-15,SKU0022,70,234,14.0,66
2024-07-22,SKU0022,129,239,14.0,66
2024-07-29,SKU0022,118,0,14.0,66
2024-08-05,SKU0022,95,167,14.0,66
2024-08-12,SKU0022,114,293,14.0,66
2024-08-19,SKU0022,140,264,14.0,66
2024-08-26,SKU0022,141,291,14.0,66
2024-09-02,SKU0022,102,0,14.0,66
2024-09-09,SKU0022,97,148,14.0,66
2024-09-16,SKU0022,117,234,14.0,66
2024-09-23,SKU0022,102,0,14.0,66
2024-09-30,SKU0022,56,105,14.0,66
2024-10-07,SKU0022,36,121,14.0,66
2024-10-14,SKU0022,63,213,14.0,66
2024-10-21,SKU0022,95,270,14.0,66
2024-10-28,SKU0022,46,128,14.0,66
2024-11-04,SKU0022,86,288,14.0,66
2024-11-11,SKU0022,88,278,14.0,66
2024-11-18,SKU0022,56,189,14.0,66
2024-11-25,SKU0022,80,268,14.0,66
2024-12-02,SKU0022,82,276,14.0,66
2024-12-09,SKU0022,78,216,14.0,66
2024-12-16,SKU0022,102,127,14.0,66
2024-12-23,SKU0022,133,262,14.0,66
2024-12-30,SKU0022,116,0,14.0,66
2025-01-06,SKU0022,86,0,14.0,66
2025-01-13,SKU0022,74,129,14.0,66
2025-01-20,SKU0022,92,146,14.0,66
2025-01-27,SKU0022,112,290,14.0,66
2025-02-03,SKU0022,68,0,14.0,66
2025-02-10,SKU0022,113,217,14.0,66
2025-02-17,SKU0022,53,118,14.0,66
2025-02-24,SKU0022,78,262,14.0,66
2025-03-03,SKU0022,137,298,14.0,66
2025-03-10,SKU0022,119,180,14.0,66
2025-03-17,SKU0022,128,209,14.0,66
2025-03-24,SKU0022,94,208,14.0,66
2025-03-31,SKU0022,82,0,14.0,66
2025-04-07,SKU0022,71,208,14.0,66
2025-04-14,SKU0022,79,263,14.0,66
2025-04-21,SKU0022,113,172,14.0,66
2025-04-28,SKU0022,74,128,14.0,66
2025-05-05,SKU0022,138,260,14.0,66
2025-05-12,SKU0022,98,0,14.0,66
2025-05-19,SKU0022,58,116,14.0,66
2025-05-26,SKU0022,60,201,14.0,66
2025-06-02,SKU0022,62,208,14.0,66
2025-06-09,SKU0022,89,299,14.0,66
2025-06-16,SKU0022,88,187,14.0,66
2025-06-23,SKU0022,32,107,14.0,66
2025-06-30,SKU0022,90,281,14.0,66
2025-07-07,SKU0022,128,260,14.0,66
2025-07-14,SKU0022,71,0,14.0,66
2025-07-21,SKU0022,102,215,14.0,66
2025-07-28,SKU0022,138,267,14.0,66
2025-08-04,SKU0022,116,0,14.0,66
2025-08-11,SKU0022,86,0,14.0,66
2025-08-18,SKU0022,54,180,14.0,66
2025-08-25,SKU0022,47,157,14.0,66
2025-09-01,SKU0022,50,167,14.0,66
2025-09-08,SKU0022,81,273,14.0,66
2025-09-15,SKU0022,91,284,14.0,66
2025-09-22,SKU0022,118,271,14.0,66
2025-09-29,SKU0022,99,0,14.0,66
2025-10-06,SKU0022,103,129,14.0,66
2025-10-13,SKU0022,76,0,14.0,66
2025-10-20,SKU0022,50,128,14.0,66
2025-10-27,SKU0022,95,200,14.0,66
2025-11-03,SKU0022,110,272,14.0,66
2025-11-10,SKU0022,72,0,14.0,66
2025-11-17,SKU0022,68,123,14.0,66
2025-11-24,SKU0022,33,112,14.0,66
2025-12-01,SKU0022,63,154,14.0,66
2025-12-08,SKU0022,90,287,14.0,66
2025-12-15,SKU0022,76,0,14.0,66
2025-12-22,SKU0022,84,282,14.0,66
2025-12-29,SKU0022,85,284,14.0,66
2024-10-28,SKU0023,365,0,7.0,104
2024-11-04,SKU0023,275,0,7.0,104
2024-11-11,SKU0023,202,0,7.0,104
2024-11-18,SKU0023,117,0,7.0,104
2024-11-25,SKU0023,106,0,7.0,104
2024-12-02,SKU0023,83,195,7.0,104
2024-12-09,SKU0023,100,247,7.0,104
2024-12-16,SKU0023,97,282,7.0,104
2024-12-23,SKU0023,42,109,7.0,104
2024-12-30,SKU0023,53,178,7.0,104
2025-01-06,SKU0023,52,174,7.0,104
2025-01-13,SKU0023,36,120,7.0,104
2025-01-20,SKU0023,30,103,7.0,104
2025-01-27,SKU0023,59,144,7.0,104
2025-02-03,SKU0023,66,220,7.0,104
2025-02-10,SKU0023,86,287,7.0,104
2025-02-17,SKU0023,52,176,7.0,104
2025-02-24,SKU0023,70,236,7.0,104
2025-03-03,SKU0023,62,208,7.0,104
2025-03-10,SKU0023,129,279,7.0,104
2025-03-17,SKU0023,99,198,7.0,104
2025-03-24,SKU0023,144,241,7.0,104
2025-03-31,SKU0023,81,121,7.0,104
2025-04-07,SKU0023,102,131,7.0,104
2025-04-14,SKU0023,99,113,7.0,104
2025-04-21,SKU0023,94,225,7.0,104
2025-04-28,SKU0023,133,186,7.0,104
2025-05-05,SKU0023,107,0,7.0,104
2025-05-12,SKU0023,58,101,7.0,104
2025-05-19,SKU0023,45,152,7.0,104
2025-05-26,SKU0023,40,123,7.0,104
2025-06-02,SKU0023,37,124,7.0,104
2025-06-09,SKU0023,71,238,7.0,104
2025-06-16,SKU0023,110,215,7.0,104
2025-06-23,SKU0023,113,154,7.0,104
2025-06-30,SKU0023,155,212,7.0,104
2025-07-07,SKU0023,127,0,7.0,104
2025-07-14,SKU0023,107,262,7.0,104
2025-07-21,SKU0023,157,292,7.0,104
2025-07-28,SKU0023,104,152,7.0,104
2025-08-04,SKU0023,149,245,7.0,104
2025-08-11,SKU0023,126,253,7.0,104
2025-08-18,SKU0023,131,201,7.0,104
2025-08-25,SKU0023,135,199,7.0,104
2025-09-01,SKU0023,110,0,7.0,104
2025-09-08,SKU0023,132,288,7.0,104
2025-09-15,SKU0023,110,0,7.0,104
2025-09-22,SKU0023,118,186,7.0,104
2025-09-29,SKU0023,104,0,7.0,104
2025-10-06,SKU0023,76,230,7.0,104
2025-10-13,SKU0023,37,119,7.0,104
2025-10-20,SKU0023,76,255,7.0,104
2025-10-27,SKU0023,138,242,7.0,104
2025-11-03,SKU0023,119,0,7.0,104
2025-11-10,SKU0023,157,293,7.0,104
2025-11-17,SKU0023,119,156,7.0,104
2025-11-24,SKU0023,110,166,7.0,104
2025-12-01,SKU0023,80,228,7.0,104
2025-12-08,SKU0023,120,227,7.0,104
2025-12-15,SKU0023,158,187,7.0,104
2025-12-22,SKU0023,113,0,7.0,104
2025-12-29,SKU0023,189,287,7.0,104
2024-01-01,SKU0024,204,0,21.0,142
2024-01-08,SKU0024,164,172,21.0,142
2024-01-15,SKU0024,146,124,21.0,142
2024-01-22,SKU0024,159,272,21.0,142
2024-01-29,SKU0024,146,0,21.0,142
2024-02-05,SKU0024,107,188,21.0,142
2024-02-12,SKU0024,151,281,21.0,142
2024-02-19,SKU0024,163,229,21.0,142
2024-02-26,SKU0024,139,110,21.0,142
2024-03-04,SKU0024,149,151,21.0,142
2024-03-11,SKU0024,102,156,21.0,142
2024-03-18,SKU0024,116,102,21.0,142
2024-03-25,SKU0024,112,171,21.0,142
2024-04-01,SKU0024,136,269,21.0,142
2024-04-08,SKU0024,82,127,21.0,142
2024-04-15,SKU0024,79,205,21.0,142
2024-04-22,SKU0024,108,199,21.0,142
2024-04-29,SKU0024,122,275,21.0,142
2024-05-06,SKU0024,170,228,21.0,142
2024-05-13,SKU0024,168,268,21.0,142
2024-05-20,SKU0024,143,162,21.0,142
2024-05-27,SKU0024,161,297,21.0,142
2024-06-03,SKU0024,187,273,21.0,142
2024-06-10,SKU0024,151,151,21.0,142
2024-06-17,SKU0024,134,211,21.0,142
2024-06-24,SKU0024,177,289,21.0,142
2024-07-01,SKU0024,112,105,,142
2024-07-08,SKU0024,123,259,21.0,142
2024-07-15,SKU0024,85,182,21.0,142
2024-07-22,SKU0024,123,233,21.0,142
2024-07-29,SKU0024,144,240,21.0,142
2024-08-05,SKU0024,189,275,21.0,142
2024-08-12,SKU0024,177,226,21.0,142
2024-08-19,SKU0024,161,0,21.0,142
2024-08-26,SKU0024,151,215,21.0,142
2024-09-02,SKU0024,142,209,21.0,142
2024-09-09,SKU0024,209,274,21.0,142
2024-09-16,SKU0024,194,0,21.0,142
2024-09-23,SKU0024,199,195,21.0,142
2024-09-30,SKU0024,181,145,21.0,142
2024-10-07,SKU0024,198,250,21.0,142
2024-10-14,SKU0024,160,0,21.0,142
2024-10-21,SKU0024,145,241,21.0,142
2024-10-28,SKU0024,179,152,21.0,142
2024-11-04,SKU0024,149,0,21.0,142
2024-11-11,SKU0024,130,183,21.0,142
2024-11-18,SKU0024,124,225,,142
2024-11-25,SKU0024,134,279,21.0,142
2024-12-02,SKU0024,144,200,21.0,142
2024-12-09,SKU0024,144,240,21.0,142
2024-12-16,SKU0024,117,139,21.0,142
2024-12-23,SKU0024,110,260,21.0,142
2024-12-30,SKU0024,88,225,21.0,142
2025-01-06,SKU0024,102,288,21.0,142
2025-01-13,SKU0024,141,268,21.0,142
2025-01-20,SKU0024,162,224,21.0,142
2025-01-27,SKU0024,159,268,21.0,142
2025-02-03,SKU0024,178,168,21.0,142
2025-02-10,SKU0024,166,0,21.0,142
2025-02-17,SKU0024,153,118,21.0,142
2025-02-24,SKU0024,144,274,21.0,142
2025-03-03,SKU0024,156,160,21.0,142
2025-03-10,SKU0024,167,183,21.0,142
2025-03-17,SKU0024,141,221,21.0,142
2025-03-24,SKU0024,143,160,21.0,142
2025-03-31,SKU0024,115,210,21.0,142
2025-04-07,SKU0024,82,187,21.0,142
2025-04-14,SKU0024,110,253,21.0,142
2025-04-21,SKU0024,117,222,21.0,142
2025-04-28,SKU0024,147,208,21.0,142
2025-05-05,SKU0024,125,196,21.0,142
2025-05-12,SKU0024,124,190,21.0,142
2025-05-19,SKU0024,117,263,21.0,142
2025-05-26,SKU0024,106,164,,142
2025-06-02,SKU0024,109,252,21.0,142
2025-06-09,SKU0024,82,219,21.0,142
2025-06-16,SKU0024,117,223,21.0,142
2025-06-23,SKU0024,59,125,,142
2025-06-30,SKU0024,95,214,21.0,142
2025-07-07,SKU0024,146,224,21.0,142
2025-07-14,SKU0024,191,284,21.0,142
2025-07-21,SKU0024,164,0,21.0,142
2025-07-28,SKU0024,161,263,21.0,142
2025-08-04,SKU0024,145,0,21.0,142
2025-08-11,SKU0024,177,155,21.0,142
2025-08-18,SKU0024,162,158,21.0,142
2025-08-25,SKU0024,166,249,21.0,142
2025-09-01,SKU0024,166,232,21.0,142
2025-09-08,SKU0024,157,242,21.0,142
2025-09-15,SKU0024,144,0,21.0,142
2025-09-22,SKU0024,215,281,21.0,142
2025-09-29,SKU0024,199,0,21.0,142
2025-10-06,SKU0024,171,226,21.0,142
2025-10-13,SKU0024,144,0,21.0,142
2025-10-20,SKU0024,146,129,21.0,142
2025-10-27,SKU0024,120,176,21.0,142
2025-11-03,SKU0024,126,256,21.0,142
2025-11-10,SKU0024,84,124,21.0,142
2025-11-17,SKU0024,124,259,21.0,142
2025-11-24,SKU0024,178,239,21.0,142
2025-12-01,SKU0024,156,205,21.0,142
2025-12-08,SKU0024,209,263,21.0,142
2025-12-15,SKU0024,170,0,21.0,142
2025-12-22,SKU0024,117,132,21.0,142
2025-12-29,SKU0024,91,244,21.0,142
2024-01-01,SKU0025,183,0,7.0,99
2024-01-08,SKU0025,110,0,7.0,99
2024-01-15,SKU0025,124,188,7.0,99
2024-01-22,SKU0025,104,0,7.0,99
2024-01-29,SKU0025,125,181,7.0,99
2024-02-05,SKU0025,162,271,7.0,99
2024-02-12,SKU0025,149,212,7.0,99
2024-02-19,SKU0025,99,0,7.0,99
2024-02-26,SKU0025,120,165,7.0,99
2024-03-04,SKU0025,115,236,7.0,99
2024-03-11,SKU0025,103,0,7.0,99
2024-03-18,SKU0025,147,260,7.0,99
2024-03-25,SKU0025,102,0,7.0,99
2024-04-01,SKU0025,111,255,7.0,99
2024-04-08,SKU0025,161,230,7.0,99
2024-04-15,SKU0025,158,222,7.0,99
2024-04-22,SKU0025,124,182,7.0,99
2024-04-29,SKU0025,70,155,7.0,99
2024-05-06,SKU0025,76,247,7.0,99
2024-05-13,SKU0025,123,276,7.0,99
2024-05-20,SKU0025,106,100,7.0,99
2024-05-27,SKU0025,113,103,7.0,99
2024-06-03,SKU0025,99,0,7.0,99
2024-06-10,SKU0025,47,115,7.0,99
2024-06-17,SKU0025,44,149,7.0,99
2024-06-24,SKU0025,68,229,7.0,99
2024-07-01,SKU0025,52,114,7.0,99
2024-07-08,SKU0025,89,298,7.0,99
2024-07-15,SKU0025,124,259,7.0,99
2024-07-22,SKU0025,144,237,7.0,99
2024-07-29,SKU0025,170,287,7.0,99
2024-08-05,SKU0025,117,0,7.0,99
2024-08-12,SKU0025,120,278,7.0,99
2024-08-19,SKU0025,174,291,,99
2024-08-26,SKU0025,104,0,7.0,99
2024-09-02,SKU0025,127,286,7.0,99
2024-09-09,SKU0025,120,293,7.0,99
2024-09-16,SKU0025,61,126,7.0,99
2024-09-23,SKU0025,41,138,7.0,99
2024-09-30,SKU0025,30,100,7.0,99
2024-10-07,SKU0025,36,121,7.0,99
2024-10-14,SKU0025,63,211,7.0,99
2024-10-21,SKU0025,35,118,7.0,99
2024-10-28,SKU0025,66,217,7.0,99
2024-11-04,SKU0025,133,270,7.0,99
2024-11-11,SKU0025,100,0,7.0,99
2024-11-18,SKU0025,99,107,7.0,99
2024-11-25,SKU0025,145,235,7.0,99
2024-12-02,SKU0025,127,0,7.0,99
2024-12-09,SKU0025,139,210,7.0,99
2024-12-16,SKU0025,122,194,7.0,99
2024-12-23,SKU0025,163,245,7.0,99
2024-12-30,SKU0025,119,0,7.0,99
2025-01-06,SKU0025,70,141,7.0,99
2025-01-13,SKU0025,68,228,7.0,99
2025-01-20,SKU0025,143,288,7.0,99
2025-01-27,SKU0025,173,292,7.0,99
2025-02-03,SKU0025,117,121,7.0,99
2025-02-10,SKU0025,106,112,7.0,99
2025-02-17,SKU0025,111,165,7.0,99
2025-02-24,SKU0025,105,242,7.0,99
2025-03-03,SKU0025,120,226,7.0,99
2025-03-10,SKU0025,87,123,7.0,99
2025-03-17,SKU0025,127,256,7.0,99
2025-03-24,SKU0025,95,100,7.0,99
2025-03-31,SKU0025,76,157,7.0,99
2025-04-07,SKU0025,133,254,7.0,99
2025-04-14,SKU0025,123,136,7.0,99
2025-04-21,SKU0025,109,285,7.0,99
2025-04-28,SKU0025,68,188,7.0,99
2025-05-05,SKU0025,70,190,7.0,99
2025-05-12,SKU0025,81,116,7.0,99
2025-05-19,SKU0025,88,206,7.0,99
2025-05-26,SKU0025,117,218,7.0,99
2025-06-02,SKU0025,152,184,,99
2025-06-09,SKU0025,151,190,7.0,99
2025-06-16,SKU0025,131,248,7.0,99
2025-06-23,SKU0025,69,120,7.0,99
2025-06-30,SKU0025,98,174,7.0,99
2025-07-07,SKU0025,113,215,7.0,99
2025-07-14,SKU0025,72,192,7.0,99
2025-07-21,SKU0025,71,238,7.0,99
2025-07-28,SKU0025,38,104,7.0,99
2025-08-04,SKU0025,110,287,7.0,99
2025-08-11,SKU0025,162,227,7.0,99
2025-08-18,SKU0025,136,0,7.0,99
2025-08-25,SKU0025,97,187,7.0,99
2025-09-01,SKU0025,68,182,7.0,99
2025-09-08,SKU0025,75,204,7.0,99
2025-09-15,SKU0025,45,151,7.0,99
2025-09-22,SKU0025,34,116,7.0,99
2025-09-29,SKU0025,70,235,7.0,99
2025-10-06,SKU0025,72,141,7.0,99
2025-10-13,SKU0025,72,141,7.0,99
2025-10-20,SKU0025,102,214,7.0,99
2025-10-27,SKU0025,83,125,7.0,99
2025-11-03,SKU0025,72,134,7.0,99
2025-11-10,SKU0025,65,149,7.0,99
2025-11-17,SKU0025,69,179,7.0,99
2025-11-24,SKU0025,134,272,7.0,99
2025-12-01,SKU0025,73,122,7.0,99
2025-12-08,SKU0025,41,139,7.0,99
2025-12-15,SKU0025,78,260,7.0,99
2025-12-22,SKU0025,89,206,7.0,99
2025-12-29,SKU0025,145,291,7.0,99
2024-01-01,SKU0026,213,0,21.0,51
2024-01-08,SKU0026,195,0,21.0,51
2024-01-15,SKU0026,120,0,21.0,51
2024-01-22,SKU0026,53,107,21.0,51
2024-01-29,SKU0026,56,100,21.0,51
2024-02-05,SKU0026,74,249,21.0,51
2024-02-12,SKU0026,118,235,21.0,51
2024-02-19,SKU0026,84,0,21.0,51
2024-02-26,SKU0026,78,262,21.0,51
2024-03-04,SKU0026,42,125,21.0,51
2024-03-11,SKU0026,69,232,21.0,51
2024-03-18,SKU0026,73,246,21.0,51
2024-03-25,SKU0026,51,0,21.0,51
2024-04-01,SKU0026,54,182,21.0,51
2024-04-08,SKU0026,81,183,,51
2024-04-15,SKU0026,32,108,21.0,51
2024-04-22,SKU0026,57,190,21.0,51
2024-04-29,SKU0026,113,229,21.0,51
2024-05-06,SKU0026,96,232,21.0,51
2024-05-13,SKU0026,110,200,21.0,51
2024-05-20,SKU0026,115,273,21.0,51
2024-05-27,SKU0026,87,210,21.0,51
2024-06-03,SKU0026,67,133,21.0,51
2024-06-10,SKU0026,32,109,21.0,51
2024-06-17,SKU0026,80,268,21.0,51
2024-06-24,SKU0026,65,0,21.0,51
2024-07-01,SKU0026,37,124,21.0,51
2024-07-08,SKU0026,54,181,21.0,51
2024-07-15,SKU0026,82,145,21.0,51
2024-07-22,SKU0026,58,195,21.0,51
2024-07-29,SKU0026,82,229,21.0,51
2024-08-05,SKU0026,91,218,21.0,51
2024-08-12,SKU0026,55,0,21.0,51
2024-08-19,SKU0026,40,135,21.0,51
2024-08-26,SKU0026,48,161,21.0,51
2024-09-02,SKU0026,84,283,21.0,51
2024-09-09,SKU0026,81,176,21.0,51
2024-09-16,SKU0026,53,171,21.0,51
2024-09-23,SKU0026,32,108,21.0,51
2024-09-30,SKU0026,43,146,21.0,51
2024-10-07,SKU0026,79,243,21.0,51
2024-10-14,SKU0026,60,149,21.0,51
2024-10-21,SKU0026,66,148,21.0,51
2024-10-28,SKU0026,102,222,21.0,51
2024-11-04,SKU0026,81,178,21.0,51
2024-11-11,SKU0026,70,0,21.0,51
2024-11-18,SKU0026,52,0,21.0,51
2024-11-25,SKU0026,54,183,21.0,51
2024-12-02,SKU0026,48,163,21.0,51
2024-12-09,SKU0026,85,284,21.0,51
2024-12-16,SKU0026,130,278,21.0,51
2024-12-23,SKU0026,82,0,21.0,51
2024-12-30,SKU0026,67,146,21.0,51
2025-01-06,SKU0026,63,211,21.0,51
2025-01-13,SKU0026,44,147,21.0,51
2025-01-20,SKU0026,85,284,21.0,51
2025-01-27,SKU0026,70,150,21.0,51
2025-02-03,SKU0026,60,153,21.0,51
2025-02-10,SKU0026,85,268,21.0,51
2025-02-17,SKU0026,36,121,21.0,51
2025-02-24,SKU0026,64,214,21.0,51
2025-03-03,SKU0026,44,147,,51
2025-03-10,SKU0026,117,294,21.0,51
2025-03-17,SKU0026,55,0,21.0,51
2025-03-24,SKU0026,87,259,21.0,51
2025-03-31,SKU0026,53,0,21.0,51
2025-04-07,SKU0026,51,173,21.0,51
2025-04-14,SKU0026,55,186,21.0,51
2025-04-21,SKU0026,86,215,21.0,51
2025-04-28,SKU0026,66,0,21.0,51
2025-05-05,SKU0026,83,278,21.0,51
2025-05-12,SKU0026,48,162,21.0,51
2025-05-19,SKU0026,80,268,21.0,51
2025-05-26,SKU0026,79,144,21.0,51
2025-06-02,SKU0026,129,285,21.0,51
2025-06-09,SKU0026,104,0,21.0,51
2025-06-16,SKU0026,85,0,21.0,51
2025-06-23,SKU0026,84,242,21.0,51
2025-06-30,SKU0026,72,0,21.0,51
2025-07-07,SKU0026,69,231,21.0,51
2025-07-14,SKU0026,80,209,21.0,51
2025-07-21,SKU0026,72,153,21.0,51
2025-07-28,SKU0026,45,152,21.0,51
2025-08-04,SKU0026,75,189,21.0,51
2025-08-11,SKU0026,62,208,21.0,51
2025-08-18,SKU0026,51,0,21.0,51
2025-08-25,SKU0026,63,213,21.0,51
2025-09-01,SKU0026,43,146,21.0,51
2025-09-08,SKU0026,70,236,21.0,51
2025-09-15,SKU0026,58,145,21.0,51
2025-09-22,SKU0026,53,179,21.0,51
2025-09-29,SKU0026,76,256,21.0,51
2025-10-06,SKU0026,70,236,21.0,51
2025-10-13,SKU0026,73,129,21.0,51
2025-10-20,SKU0026,48,154,21.0,51
2025-10-27,SKU0026,52,175,21.0,51
2025-11-03,SKU0026,66,222,,51
2025-11-10,SKU0026,69,232,21.0,51
2025-11-17,SKU0026,87,293,21.0,51
2025-11-24,SKU0026,110,253,21.0,51
2025-12-01,SKU0026,63,0,21.0,51
2025-12-08,SKU0026,64,214,21.0,51
2025-12-15,SKU0026,36,121,21.0,51
2025-12-22,SKU0026,84,282,21.0,51
2025-12-29,SKU0026,62,0,21.0,51
2024-10-28,SKU0027,148,0,14.0,42
2024-11-04,SKU0027,111,0,14.0,42
2024-11-11,SKU0027,123,296,14.0,42
2024-11-18,SKU0027,63,0,14.0,42
2024-11-25,SKU0027,84,256,14.0,42
2024-12-02,SKU0027,41,137,14.0,42
2024-12-09,SKU0027,65,217,14.0,42
2024-12-16,SKU0027,124,278,14.0,42
2024-12-23,SKU0027,103,209,14.0,42
2024-12-30,SKU0027,44,0,14.0,42
2025-01-06,SKU0027,38,116,14.0,42
2025-01-13,SKU0027,41,138,14.0,42
2025-01-20,SKU0027,38,129,14.0,42
2025-01-27,SKU0027,39,133,14.0,42
2025-02-03,SKU0027,68,191,14.0,42
2025-02-10,SKU0027,77,259,14.0,42
2025-02-17,SKU0027,37,124,14.0,42
2025-02-24,SKU0027,86,287,14.0,42
2025-03-03,SKU0027,70,0,14.0,42
2025-03-10,SKU0027,58,195,14.0,42
2025-03-17,SKU0027,51,172,14.0,42
2025-03-24,SKU0027,37,126,14.0,42
2025-03-31,SKU0027,92,274,14.0,42
2025-04-07,SKU0027,56,0,14.0,42
2025-04-14,SKU0027,73,140,14.0,42
2025-04-21,SKU0027,47,0,14.0,42
2025-04-28,SKU0027,31,105,14.0,42
2025-05-05,SKU0027,45,152,14.0,42
2025-05-12,SKU0027,36,121,14.0,42
2025-05-19,SKU0027,60,200,14.0,42
2025-05-26,SKU0027,72,110,14.0,42
2025-06-02,SKU0027,47,0,14.0,42
2025-06-09,SKU0027,88,240,14.0,42
2025-06-16,SKU0027,73,214,14.0,42
2025-06-23,SKU0027,61,181,14.0,42
2025-06-30,SKU0027,87,289,14.0,42
2025-07-07,SKU0027,122,293,14.0,42
2025-07-14,SKU0027,93,185,14.0,42
2025-07-21,SKU0027,67,0,14.0,42
2025-07-28,SKU0027,54,0,14.0,42
2025-08-04,SKU0027,72,188,14.0,42
2025-08-11,SKU0027,31,106,14.0,42
2025-08-18,SKU0027,86,288,14.0,42
2025-08-25,SKU0027,91,294,14.0,42
2025-09-01,SKU0027,91,215,14.0,42
2025-09-08,SKU0027,52,174,14.0,42
2025-09-15,SKU0027,94,254,14.0,42
2025-09-22,SKU0027,63,199,14.0,42
2025-09-29,SKU0027,49,0,14.0,42
2025-10-06,SKU0027,86,201,14.0,42
2025-10-13,SKU0027,103,284,14.0,42
2025-10-20,SKU0027,49,0,14.0,42
2025-10-27,SKU0027,30,100,14.0,42
2025-11-03,SKU0027,36,104,14.0,42
2025-11-10,SKU0027,73,244,14.0,42
2025-11-17,SKU0027,91,201,14.0,42
2025-11-24,SKU0027,54,0,14.0,42
2025-12-01,SKU0027,44,0,14.0,42
2025-12-08,SKU0027,71,230,14.0,42
2025-12-15,SKU0027,129,298,14.0,42
2025-12-22,SKU0027,105,0,14.0,42
2025-12-29,SKU0027,52,0,14.0,42
2024-01-01,SKU0028,262,0,21.0,114
2024-01-08,SKU0028,190,0,21.0,114
2024-01-15,SKU0028,127,0,,114
2024-01-22,SKU0028,111,239,21.0,114
2024-01-29,SKU0028,161,229,21.0,114
2024-02-05,SKU0028,145,117,21.0,114
2024-02-12,SKU0028,141,165,21.0,114
2024-02-19,SKU0028,119,0,21.0,114
2024-02-26,SKU0028,92,179,21.0,114
2024-03-04,SKU0028,91,284,21.0,114
2024-03-11,SKU0028,36,122,21.0,114
2024-03-18,SKU0028,55,133,21.0,114
2024-03-25,SKU0028,67,136,21.0,114
2024-04-01,SKU0028,133,275,21.0,114
2024-04-08,SKU0028,115,270,21.0,114
2024-04-15,SKU0028,70,129,21.0,114
2024-04-22,SKU0028,77,233,21.0,114
2024-04-29,SKU0028,104,271,21.0,114
2024-05-06,SKU0028,74,112,21.0,114
2024-05-13,SKU0028,32,109,21.0,114
2024-05-20,SKU0028,65,159,21.0,114
2024-05-27,SKU0028,43,126,21.0,114
2024-06-03,SKU0028,80,206,21.0,114
2024-06-10,SKU0028,61,132,21.0,114
2024-06-17,SKU0028,57,193,21.0,114
2024-06-24,SKU0028,88,220,21.0,114
2024-07-01,SKU0028,89,155,21.0,114
2024-07-08,SKU0028,78,190,21.0,114
2024-07-15,SKU0028,126,254,21.0,114
2024-07-22,SKU0028,83,151,21.0,114
2024-07-29,SKU0028,118,217,21.0,114
2024-08-05,SKU0028,55,101,21.0,114
2024-08-12,SKU0028,84,269,21.0,114
2024-08-19,SKU0028,88,295,21.0,114
2024-08-26,SKU0028,41,139,21.0,114
2024-09-02,SKU0028,93,238,21.0,114
2024-09-09,SKU0028,143,217,21.0,114
2024-09-16,SKU0028,131,202,21.0,114
2024-09-23,SKU0028,186,273,21.0,114
2024-09-30,SKU0028,126,0,21.0,114
2024-10-07,SKU0028,125,237,21.0,114
2024-10-14,SKU0028,107,137,21.0,114
2024-10-21,SKU0028,184,297,21.0,114
2024-10-28,SKU0028,168,0,21.0,114
2024-11-04,SKU0028,157,0,21.0,114
2024-11-11,SKU0028,146,0,21.0,114
2024-11-18,SKU0028,177,288,21.0,114
2024-11-25,SKU0028,154,0,21.0,114
2024-12-02,SKU0028,131,0,21.0,114
2024-12-09,SKU0028,128,136,21.0,114
2024-12-16,SKU0028,139,214,21.0,114
2024-12-23,SKU0028,126,253,21.0,114
2024-12-30,SKU0028,125,270,21.0,114
2025-01-06,SKU0028,147,199,21.0,114
2025-01-13,SKU0028,112,195,21.0,114
2025-01-20,SKU0028,160,278,21.0,114
2025-01-27,SKU0028,137,0,21.0,114
2025-02-03,SKU0028,84,133,21.0,114
2025-02-10,SKU0028,76,133,21.0,114
2025-02-17,SKU0028,54,172,21.0,114
2025-02-24,SKU0028,74,158,21.0,114
2025-03-03,SKU0028,58,194,21.0,114
2025-03-10,SKU0028,57,165,21.0,114
2025-03-17,SKU0028,74,248,21.0,114
2025-03-24,SKU0028,74,249,21.0,114
2025-03-31,SKU0028,71,237,21.0,114
2025-04-07,SKU0028,74,168,21.0,114
2025-04-14,SKU0028,51,128,21.0,114
2025-04-21,SKU0028,87,282,21.0,114
2025-04-28,SKU0028,149,249,21.0,114
2025-05-05,SKU0028,121,193,21.0,114
2025-05-12,SKU0028,131,268,21.0,114
2025-05-19,SKU0028,109,238,21.0,114
2025-05-26,SKU0028,132,193,21.0,114
2025-06-02,SKU0028,92,107,21.0,114
2025-06-09,SKU0028,139,196,21.0,114
2025-06-16,SKU0028,142,200,21.0,114
2025-06-23,SKU0028,181,235,21.0,114
2025-06-30,SKU0028,130,0,21.0,114
2025-07-07,SKU0028,143,257,21.0,114
2025-07-14,SKU0028,114,0,21.0,114
2025-07-21,SKU0028,94,201,21.0,114
2025-07-28,SKU0028,84,249,21.0,114
2025-08-04,SKU0028,90,192,21.0,114
2025-08-11,SKU0028,98,116,21.0,114
2025-08-18,SKU0028,158,287,21.0,114
2025-08-25,SKU0028,175,281,21.0,114
2025-09-01,SKU0028,155,0,21.0,114
2025-09-08,SKU0028,157,179,21.0,114
2025-09-15,SKU0028,163,176,21.0,114
2025-09-22,SKU0028,148,164,21.0,114
2025-09-29,SKU0028,135,0,21.0,114
2025-10-06,SKU0028,77,113,21.0,114
2025-10-13,SKU0028,78,233,21.0,114
2025-10-20,SKU0028,84,255,21.0,114
2025-10-27,SKU0028,88,138,21.0,114
2025-11-03,SKU0028,126,246,21.0,114
2025-11-10,SKU0028,153,241,21.0,114
2025-11-17,SKU0028,140,0,21.0,114
2025-11-24,SKU0028,140,176,21.0,114
2025-12-01,SKU0028,115,0,21.0,114
2025-12-08,SKU0028,101,161,21.0,114
2025-12-15,SKU0028,51,117,21.0,114
2025-12-22,SKU0028,71,237,21.0,114
2025-12-29,SKU0028,87,123,21.0,114
2024-01-01,SKU0029,137,267,7.0,73
2024-01-08,SKU0029,113,168,7.0,73
2024-01-15,SKU0029,74,0,7.0,73
2024-01-22,SKU0029,52,105,7.0,73
2024-01-29,SKU0029,69,172,7.0,73
2024-02-05,SKU0029,74,248,7.0,73
2024-02-12,SKU0029,75,176,7.0,73
2024-02-19,SKU0029,85,265,7.0,73
2024-02-26,SKU0029,94,277,7.0,73
2024-03-04,SKU0029,78,0,7.0,73
2024-03-11,SKU0029,104,146,7.0,73
2024-03-18,SKU0029,133,220,7.0,73
2024-03-25,SKU0029,101,0,7.0,73
2024-04-01,SKU0029,116,257,7.0,73
2024-04-08,SKU0029,90,0,7.0,73
2024-04-15,SKU0029,67,226,7.0,73
2024-04-22,SKU0029,53,178,7.0,73
2024-04-29,SKU0029,114,276,7.0,73
2024-05-06,SKU0029,131,277,7.0,73
2024-05-13,SKU0029,86,0,7.0,73
2024-05-20,SKU0029,69,189,7.0,73
2024-05-27,SKU0029,79,159,7.0,73
2024-06-03,SKU0029,81,130,7.0,73
2024-06-10,SKU0029,103,260,7.0,73
2024-06-17,SKU0029,113,281,7.0,73
2024-06-24,SKU0029,84,0,7.0,73
2024-07-01,SKU0029,80,254,7.0,73
2024-07-08,SKU0029,117,232,7.0,73
2024-07-15,SKU0029,86,0,7.0,73
2024-07-22,SKU0029,118,269,7.0,73
2024-07-29,SKU0029,104,0,7.0,73
2024-08-05,SKU0029,127,233,7.0,73
2024-08-12,SKU0029,121,270,7.0,73
2024-08-19,SKU0029,107,0,7.0,73
2024-08-26,SKU0029,89,0,7.0,73
2024-09-02,SKU0029,133,235,7.0,73
2024-09-09,SKU0029,102,225,7.0,73
2024-09-16,SKU0029,104,231,7.0,73
2024-09-23,SKU0029,128,288,7.0,73
2024-09-30,SKU0029,108,0,7.0,73
2024-10-07,SKU0029,93,0,,73
2024-10-14,SKU0029,58,117,7.0,73
2024-10-21,SKU0029,74,249,7.0,73
2024-10-28,SKU0029,82,109,7.0,73
2024-11-04,SKU0029,57,190,7.0,73
2024-11-11,SKU0029,42,141,7.0,73
2024-11-18,SKU0029,34,114,7.0,73
2024-11-25,SKU0029,81,272,7.0,73
2024-12-02,SKU0029,96,156,7.0,73
2024-12-09,SKU0029,128,230,7.0,73
2024-12-16,SKU0029,115,0,7.0,73
2024-12-23,SKU0029,91,0,7.0,73
2024-12-30,SKU0029,61,117,7.0,73
2025-01-06,SKU0029,101,271,7.0,73
2025-01-13,SKU0029,90,0,7.0,73
2025-01-20,SKU0029,53,144,,73
2025-01-27,SKU0029,58,127,7.0,73
2025-02-03,SKU0029,69,232,7.0,73
2025-02-10,SKU0029,84,148,7.0,73
2025-02-17,SKU0029,145,257,7.0,73
2025-02-24,SKU0029,81,0,7.0,73
2025-03-03,SKU0029,86,123,7.0,73
2025-03-10,SKU0029,99,254,7.0,73
2025-03-17,SKU0029,85,218,7.0,73
2025-03-24,SKU0029,103,229,7.0,73
2025-03-31,SKU0029,107,148,7.0,73
2025-04-07,SKU0029,89,0,7.0,73
2025-04-14,SKU0029,72,126,7.0,73
2025-04-21,SKU0029,78,251,7.0,73
2025-04-28,SKU0029,99,131,7.0,73
2025-05-05,SKU0029,66,139,7.0,73
2025-05-12,SKU0029,61,206,7.0,73
2025-05-19,SKU0029,76,255,7.0,73
2025-05-26,SKU0029,88,213,7.0,73
2025-06-02,SKU0029,117,253,7.0,73
2025-06-09,SKU0029,83,0,7.0,73
2025-06-16,SKU0029,119,271,7.0,73
2025-06-23,SKU0029,79,124,7.0,73
2025-06-30,SKU0029,82,275,7.0,73
2025-07-07,SKU0029,99,168,7.0,73
2025-07-14,SKU0029,107,138,7.0,73
2025-07-21,SKU0029,85,0,7.0,73
2025-07-28,SKU0029,91,245,7.0,73
2025-08-04,SKU0029,74,248,7.0,73
2025-08-11,SKU0029,82,275,7.0,73
2025-08-18,SKU0029,108,169,7.0,73
2025-08-25,SKU0029,67,130,7.0,73
2025-09-01,SKU0029,66,221,7.0,73
2025-09-08,SKU0029,80,185,7.0,73
2025-09-15,SKU0029,77,230,7.0,73
2025-09-22,SKU0029,96,271,7.0,73
2025-09-29,SKU0029,89,293,7.0,73
2025-10-06,SKU0029,47,159,7.0,73
2025-10-13,SKU0029,83,279,7.0,73
2025-10-20,SKU0029,110,151,7.0,73
2025-10-27,SKU0029,90,0,7.0,73
2025-11-03,SKU0029,128,249,7.0,73
2025-11-10,SKU0029,117,151,7.0,73
2025-11-17,SKU0029,85,0,7.0,73
2025-11-24,SKU0029,74,0,7.0,73
2025-12-01,SKU0029,72,184,,73
2025-12-08,SKU0029,91,262,7.0,73
2025-12-15,SKU0029,75,251,7.0,73
2025-12-22,SKU0029,106,266,7.0,73
2025-12-29,SKU0029,76,0,7.0,73
2024-01-01,SKU0030,297,0,14.0,71
2024-01-08,SKU0030,250,0,14.0,71
2024-01-15,SKU0030,155,0,14.0,71
2024-01-22,SKU0030,109,0,14.0,71
2024-01-29,SKU0030,87,167,14.0,71
2024-02-05,SKU0030,54,162,14.0,71
2024-02-12,SKU0030,119,295,14.0,71
2024-02-19,SKU0030,95,172,14.0,71
2024-02-26,SKU0030,83,0,14.0,71
2024-03-04,SKU0030,85,286,14.0,71
2024-03-11,SKU0030,72,0,14.0,71
2024-03-18,SKU0030,110,159,14.0,71
2024-03-25,SKU0030,89,0,14.0,71
2024-04-01,SKU0030,64,102,14.0,71
2024-04-08,SKU0030,94,186,14.0,71
2024-04-15,SKU0030,71,131,14.0,71
2024-04-22,SKU0030,113,253,14.0,71
2024-04-29,SKU0030,139,268,14.0,71
2024-05-06,SKU0030,123,0,14.0,71
2024-05-13,SKU0030,74,0,14.0,71
2024-05-20,SKU0030,126,298,14.0,71
2024-05-27,SKU0030,123,208,14.0,71
2024-06-03,SKU0030,90,0,14.0,71
2024-06-10,SKU0030,101,128,14.0,71
2024-06-17,SKU0030,76,192,14.0,71
2024-06-24,SKU0030,135,279,14.0,71
2024-07-01,SKU0030,109,0,14.0,71
2024-07-08,SKU0030,84,118,14.0,71
2024-07-15,SKU0030,121,234,14.0,71
2024-07-22,SKU0030,107,0,14.0,71
2024-07-29,SKU0030,95,106,14.0,71
2024-08-05,SKU0030,72,0,14.0,71
2024-08-12,SKU0030,45,151,14.0,71
2024-08-19,SKU0030,71,239,14.0,71
2024-08-26,SKU0030,106,289,14.0,71
2024-09-02,SKU0030,73,0,14.0,71
2024-09-09,SKU0030,67,226,14.0,71
2024-09-16,SKU0030,48,163,14.0,71
2024-09-23,SKU0030,89,184,14.0,71
2024-09-30,SKU0030,90,111,14.0,71
2024-10-07,SKU0030,52,134,14.0,71
2024-10-14,SKU0030,81,157,14.0,71
2024-10-21,SKU0030,80,105,14.0,71
2024-10-28,SKU0030,96,102,14.0,71
2024-11-04,SKU0030,71,147,14.0,71
2024-11-11,SKU0030,69,230,14.0,71
2024-11-18,SKU0030,35,117,14.0,71
2024-11-25,SKU0030,82,233,14.0,71
2024-12-02,SKU0030,40,134,14.0,71
2024-12-09,SKU0030,43,146,14.0,71
2024-12-16,SKU0030,112,279,,71
2024-12-23,SKU0030,154,287,14.0,71
2024-12-30,SKU0030,118,0,14.0,71
2025-01-06,SKU0030,76,159,14.0,71
2025-01-13,SKU0030,100,232,14.0,71
2025-01-20,SKU0030,118,218,14.0,71
2025-01-27,SKU0030,132,239,14.0,71
2025-02-03,SKU0030,119,201,14.0,71
2025-02-10,SKU0030,100,0,14.0,71
2025-02-17,SKU0030,87,169,14.0,71
2025-02-24,SKU0030,66,223,14.0,71
2025-03-03,SKU0030,62,207,14.0,71
2025-03-10,SKU0030,125,281,14.0,71
2025-03-17,SKU0030,82,0,14.0,71
2025-03-24,SKU0030,134,252,14.0,71
2025-03-31,SKU0030,72,0,14.0,71
2025-04-07,SKU0030,94,285,14.0,71
2025-04-14,SKU0030,88,231,14.0,71
2025-04-21,SKU0030,80,119,14.0,71
2025-04-28,SKU0030,72,242,14.0,71
2025-05-05,SKU0030,118,238,14.0,71
2025-05-12,SKU0030,127,247,14.0,71
2025-05-19,SKU0030,86,0,14.0,71
2025-05-26,SKU0030,111,178,14.0,71
2025-06-02,SKU0030,93,115,14.0,71
2025-06-09,SKU0030,80,129,14.0,71
2025-06-16,SKU0030,79,266,14.0,71
2025-06-23,SKU0030,101,257,14.0,71
2025-06-30,SKU0030,90,0,14.0,71
2025-07-07,SKU0030,34,105,14.0,71
2025-07-14,SKU0030,101,293,14.0,71
2025-07-21,SKU0030,75,207,14.0,71
2025-07-28,SKU0030,130,237,14.0,71
2025-08-04,SKU0030,117,164,14.0,71
2025-08-11,SKU0030,121,173,14.0,71
2025-08-18,SKU0030,103,241,,71
2025-08-25,SKU0030,89,235,14.0,71
2025-09-01,SKU0030,88,271,14.0,71
2025-09-08,SKU0030,87,247,14.0,71
2025-09-15,SKU0030,120,250,14.0,71
2025-09-22,SKU0030,104,0,14.0,71
2025-09-29,SKU0030,81,213,14.0,71
2025-10-06,SKU0030,34,116,14.0,71
2025-10-13,SKU0030,84,282,14.0,71
2025-10-20,SKU0030,72,0,14.0,71
2025-10-27,SKU0030,80,233,14.0,71
2025-11-03,SKU0030,37,124,14.0,71
2025-11-10,SKU0030,90,260,14.0,71
2025-11-17,SKU0030,121,210,14.0,71
2025-11-24,SKU0030,139,251,14.0,71
2025-12-01,SKU0030,95,165,14.0,71
2025-12-08,SKU0030,81,157,14.0,71
2025-12-15,SKU0030,83,269,14.0,71
2025-12-22,SKU0030,96,147,14.0,71
2025-12-29,SKU0030,58,188,14.0,71
2024-01-01,SKU0031,166,0,14.0,46
2024-01-08,SKU0031,128,0,14.0,46
2024-01-15,SKU0031,96,0,14.0,46
2024-01-22,SKU0031,121,284,14.0,46
2024-01-29,SKU0031,91,0,14.0,46
2024-02-05,SKU0031,76,0,14.0,46
2024-02-12,SKU0031,97,182,14.0,46
2024-02-19,SKU0031,102,233,14.0,46
2024-02-26,SKU0031,72,0,14.0,46
2024-03-04,SKU0031,62,189,14.0,46
2024-03-11,SKU0031,89,192,14.0,46
2024-03-18,SKU0031,58,0,14.0,46
2024-03-25,SKU0031,100,197,14.0,46
2024-04-01,SKU0031,77,108,14.0,46
2024-04-08,SKU0031,59,199,14.0,46
2024-04-15,SKU0031,106,283,,46
2024-04-22,SKU0031,82,0,14.0,46
2024-04-29,SKU0031,54,0,14.0,46
2024-05-06,SKU0031,61,205,14.0,46
2024-05-13,SKU0031,55,186,14.0,46
2024-05-20,SKU0031,58,158,14.0,46
2024-05-27,SKU0031,84,259,14.0,46
2024-06-03,SKU0031,50,0,14.0,46
2024-06-10,SKU0031,104,242,14.0,46
2024-06-17,SKU0031,93,0,14.0,46
2024-06-24,SKU0031,49,0,14.0,46
2024-07-01,SKU0031,58,194,14.0,46
2024-07-08,SKU0031,48,162,14.0,46
2024-07-15,SKU0031,94,259,14.0,46
2024-07-22,SKU0031,102,198,14.0,46
2024-07-29,SKU0031,70,0,14.0,46
2024-08-05,SKU0031,106,260,14.0,46
2024-08-12,SKU0031,95,269,14.0,46
2024-08-19,SKU0031,84,207,14.0,46
2024-08-26,SKU0031,34,116,14.0,46
2024-09-02,SKU0031,64,214,14.0,46
2024-09-09,SKU0031,90,294,14.0,46
2024-09-16,SKU0031,56,0,14.0,46
2024-09-23,SKU0031,127,288,14.0,46
2024-09-30,SKU0031,49,0,14.0,46
2024-10-07,SKU0031,35,105,14.0,46
2024-10-14,SKU0031,94,261,14.0,46
2024-10-21,SKU0031,91,241,14.0,46
2024-10-28,SKU0031,77,0,14.0,46
2024-11-04,SKU0031,69,230,14.0,46
2024-11-11,SKU0031,97,242,14.0,46
2024-11-18,SKU0031,78,113,14.0,46
2024-11-25,SKU0031,85,226,14.0,46
2024-12-02,SKU0031,48,0,14.0,46
2024-12-09,SKU0031,52,143,14.0,46
2024-12-16,SKU0031,68,206,14.0,46
2024-12-23,SKU0031,58,0,14.0,46
2024-12-30,SKU0031,33,110,14.0,46
2025-01-06,SKU0031,67,225,14.0,46
2025-01-13,SKU0031,80,267,14.0,46
2025-01-20,SKU0031,62,0,14.0,46
2025-01-27,SKU0031,106,215,14.0,46
2025-02-03,SKU0031,76,138,14.0,46
2025-02-10,SKU0031,51,172,14.0,46
2025-02-17,SKU0031,42,141,14.0,46
2025-02-24,SKU0031,80,269,14.0,46
2025-03-03,SKU0031,118,248,14.0,46
2025-03-10,SKU0031,73,0,14.0,46
2025-03-17,SKU0031,109,298,14.0,46
2025-03-24,SKU0031,79,135,14.0,46
2025-03-31,SKU0031,86,289,14.0,46
2025-04-07,SKU0031,58,0,14.0,46
2025-04-14,SKU0031,81,259,14.0,46
2025-04-21,SKU0031,65,0,14.0,46
2025-04-28,SKU0031,106,274,14.0,46
2025-05-05,SKU0031,82,0,14.0,46
2025-05-12,SKU0031,108,234,14.0,46
2025-05-19,SKU0031,89,0,14.0,46
2025-05-26,SKU0031,62,0,14.0,46
2025-06-02,SKU0031,30,101,14.0,46
2025-06-09,SKU0031,41,137,14.0,46
2025-06-16,SKU0031,87,290,14.0,46
2025-06-23,SKU0031,47,0,14.0,46
2025-06-30,SKU0031,61,143,14.0,46
2025-07-07,SKU0031,46,156,14.0,46
2025-07-14,SKU0031,74,249,14.0,46
2025-07-21,SKU0031,59,101,14.0,46
2025-07-28,SKU0031,111,225,,46
2025-08-04,SKU0031,94,0,14.0,46
2025-08-11,SKU0031,57,0,14.0,46
2025-08-18,SKU0031,84,237,14.0,46
2025-08-25,SKU0031,84,283,14.0,46
2025-09-01,SKU0031,130,292,14.0,46
2025-09-08,SKU0031,101,0,14.0,46
2025-09-15,SKU0031,71,0,14.0,46
2025-09-22,SKU0031,52,176,14.0,46
2025-09-29,SKU0031,64,216,14.0,46
2025-10-06,SKU0031,30,100,14.0,46
2025-10-13,SKU0031,48,163,14.0,46
2025-10-20,SKU0031,66,187,14.0,46
2025-10-27,SKU0031,97,281,14.0,46
2025-11-03,SKU0031,86,0,14.0,46
2025-11-10,SKU0031,51,0,14.0,46
2025-11-17,SKU0031,86,289,14.0,46
2025-11-24,SKU0031,93,258,14.0,46
2025-12-01,SKU0031,76,0,14.0,46
2025-12-08,SKU0031,89,298,14.0,46
2025-12-15,SKU0031,84,239,14.0,46
2025-12-22,SKU0031,75,250,14.0,46
2025-12-29,SKU0031,53,0,14.0,46
2024-01-01,SKU0032,96,274,7.0,120
2024-01-08,SKU0032,52,118,7.0,120
2024-01-15,SKU0032,48,161,7.0,120
2024-01-22,SKU0032,53,165,7.0,120
2024-01-29,SKU0032,72,109,7.0,120
2024-02-05,SKU0032,69,107,7.0,120
2024-02-12,SKU0032,113,256,7.0,120
2024-02-19,SKU0032,128,215,7.0,120
2024-02-26,SKU0032,164,190,7.0,120
2024-03-04,SKU0032,145,176,7.0,120
2024-03-11,SKU0032,165,228,7.0,120
2024-03-18,SKU0032,147,0,7.0,120
2024-03-25,SKU0032,144,283,7.0,120
2024-04-01,SKU0032,121,149,7.0,120
2024-04-08,SKU0032,129,253,7.0,120
2024-04-15,SKU0032,141,264,7.0,120
2024-04-22,SKU0032,92,156,7.0,120
2024-04-29,SKU0032,97,177,7.0,120
2024-05-06,SKU0032,124,126,7.0,120
2024-05-13,SKU0032,111,183,7.0,120
2024-05-20,SKU0032,130,263,7.0,120
2024-05-27,SKU0032,156,267,7.0,120
2024-06-03,SKU0032,160,193,7.0,120
2024-06-10,SKU0032,125,163,7.0,120
2024-06-17,SKU0032,176,267,7.0,120
2024-06-24,SKU0032,141,0,7.0,120
2024-07-01,SKU0032,157,171,7.0,120
2024-07-08,SKU0032,130,204,7.0,120
2024-07-15,SKU0032,179,249,7.0,120
2024-07-22,SKU0032,130,0,7.0,120
2024-07-29,SKU0032,139,207,7.0,120
2024-08-05,SKU0032,171,289,7.0,120
2024-08-12,SKU0032,139,0,7.0,120
2024-08-19,SKU0032,88,148,7.0,120
2024-08-26,SKU0032,95,152,7.0,120
2024-09-02,SKU0032,69,184,7.0,120
2024-09-09,SKU0032,57,122,7.0,120
2024-09-16,SKU0032,30,101,7.0,120
2024-09-23,SKU0032,55,186,7.0,120
2024-09-30,SKU0032,71,184,7.0,120
2024-10-07,SKU0032,72,117,7.0,120
2024-10-14,SKU0032,57,187,7.0,120
2024-10-21,SKU0032,84,155,7.0,120
2024-10-28,SKU0032,117,232,7.0,120
2024-11-04,SKU0032,167,248,7.0,120
2024-11-11,SKU0032,149,0,7.0,120
2024-11-18,SKU0032,132,0,7.0,120
2024-11-25,SKU0032,144,109,7.0,120
2024-12-02,SKU0032,132,0,7.0,120
2024-12-09,SKU0032,130,139,7.0,120
2024-12-16,SKU0032,158,268,7.0,120
2024-12-23,SKU0032,103,103,7.0,120
2024-12-30,SKU0032,72,146,7.0,120
2025-01-06,SKU0032,126,228,7.0,120
2025-01-13,SKU0032,131,262,7.0,120
2025-01-20,SKU0032,197,295,7.0,120
2025-01-27,SKU0032,174,0,7.0,120
2025-02-03,SKU0032,156,0,7.0,120
2025-02-10,SKU0032,154,117,7.0,120
2025-02-17,SKU0032,126,213,7.0,120
2025-02-24,SKU0032,129,100,7.0,120
2025-03-03,SKU0032,120,167,7.0,120
2025-03-10,SKU0032,132,247,7.0,120
2025-03-17,SKU0032,118,126,7.0,120
2025-03-24,SKU0032,76,173,7.0,120
2025-03-31,SKU0032,39,106,7.0,120
2025-04-07,SKU0032,75,247,7.0,120
2025-04-14,SKU0032,87,191,7.0,120
2025-04-21,SKU0032,105,168,7.0,120
2025-04-28,SKU0032,82,239,7.0,120
2025-05-05,SKU0032,102,177,7.0,120
2025-05-12,SKU0032,67,137,7.0,120
2025-05-19,SKU0032,39,132,7.0,120
2025-05-26,SKU0032,84,282,7.0,120
2025-06-02,SKU0032,111,168,7.0,120
2025-06-09,SKU0032,92,164,7.0,120
2025-06-16,SKU0032,55,131,7.0,120
2025-06-23,SKU0032,90,164,7.0,120
2025-06-30,SKU0032,35,102,7.0,120
2025-07-07,SKU0032,79,265,7.0,120
2025-07-14,SKU0032,61,157,7.0,120
2025-07-21,SKU0032,46,154,7.0,120
2025-07-28,SKU0032,66,188,7.0,120
2025-08-04,SKU0032,75,116,7.0,120
2025-08-11,SKU0032,97,289,7.0,120
2025-08-18,SKU0032,63,112,7.0,120
2025-08-25,SKU0032,73,223,7.0,120
2025-09-01,SKU0032,58,195,7.0,120
2025-09-08,SKU0032,60,159,7.0,120
2025-09-15,SKU0032,85,265,7.0,120
2025-09-22,SKU0032,52,158,7.0,120
2025-09-29,SKU0032,75,188,7.0,120
2025-10-06,SKU0032,91,200,7.0,120
2025-10-13,SKU0032,116,285,7.0,120
2025-10-20,SKU0032,153,269,7.0,120
2025-10-27,SKU0032,127,244,7.0,120
2025-11-03,SKU0032,170,286,7.0,120
2025-11-10,SKU0032,180,272,7.0,120
2025-11-17,SKU0032,139,135,7.0,120
2025-11-24,SKU0032,88,122,7.0,120
2025-12-01,SKU0032,89,298,7.0,120
2025-12-08,SKU0032,62,126,7.0,120
2025-12-15,SKU0032,82,123,7.0,120
2025-12-22,SKU0032,148,293,7.0,120
2025-12-29,SKU0032,146,102,7.0,120
2024-01-01,SKU0033,177,0,7.0,56
2024-01-08,SKU0033,166,0,7.0,56
2024-01-15,SKU0033,114,0,7.0,56
2024-01-22,SKU0033,107,264,7.0,56
2024-01-29,SKU0033,73,0,7.0,56
2024-02-05,SKU0033,100,177,7.0,56
2024-02-12,SKU0033,58,0,7.0,56
2024-02-19,SKU0033,30,101,7.0,56
2024-02-26,SKU0033,62,207,7.0,56
2024-03-04,SKU0033,75,253,7.0,56
2024-03-11,SKU0033,34,103,7.0,56
2024-03-18,SKU0033,85,286,7.0,56
2024-03-25,SKU0033,37,124,7.0,56
2024-04-01,SKU0033,32,108,7.0,56
2024-04-08,SKU0033,83,279,7.0,56
2024-04-15,SKU0033,98,271,7.0,56
2024-04-22,SKU0033,61,148,7.0,56
2024-04-29,SKU0033,136,286,7.0,56
2024-05-06,SKU0033,99,0,7.0,56
2024-05-13,SKU0033,40,126,7.0,56
2024-05-20,SKU0033,87,290,7.0,56
2024-05-27,SKU0033,37,124,7.0,56
2024-06-03,SKU0033,71,186,7.0,56
2024-06-10,SKU0033,79,154,7.0,56
2024-06-17,SKU0033,57,0,7.0,56
2024-06-24,SKU0033,60,203,7.0,56
2024-07-01,SKU0033,40,136,7.0,56
2024-07-08,SKU0033,54,181,7.0,56
2024-07-15,SKU0033,112,255,7.0,56
2024-07-22,SKU0033,83,141,7.0,56
2024-07-29,SKU0033,59,152,7.0,56
2024-08-05,SKU0033,109,286,7.0,56
2024-08-12,SKU0033,103,253,7.0,56
2024-08-19,SKU0033,90,0,7.0,56
2024-08-26,SKU0033,73,0,7.0,56
2024-09-02,SKU0033,70,156,7.0,56
2024-09-09,SKU0033,109,260,7.0,56
2024-09-16,SKU0033,71,143,7.0,56
2024-09-23,SKU0033,49,164,7.0,56
2024-09-30,SKU0033,75,251,7.0,56
2024-10-07,SKU0033,90,170,7.0,56
2024-10-14,SKU0033,92,262,7.0,56
2024-10-21,SKU0033,66,0,7.0,56
2024-10-28,SKU0033,67,226,7.0,56
2024-11-04,SKU0033,41,137,7.0,56
2024-11-11,SKU0033,56,137,7.0,56
2024-11-18,SKU0033,96,241,7.0,56
2024-11-25,SKU0033,73,0,7.0,56
2024-12-02,SKU0033,91,253,7.0,56
2024-12-09,SKU0033,63,0,7.0,56
2024-12-16,SKU0033,56,187,7.0,56
2024-12-23,SKU0033,54,181,7.0,56
2024-12-30,SKU0033,71,238,7.0,56
2025-01-06,SKU0033,70,201,7.0,56
2025-01-13,SKU0033,43,116,7.0,56
2025-01-20,SKU0033,38,128,7.0,56
2025-01-27,SKU0033,101,272,7.0,56
2025-02-03,SKU0033,72,0,7.0,56
2025-02-10,SKU0033,115,287,7.0,56
2025-02-17,SKU0033,82,0,7.0,56
2025-02-24,SKU0033,49,150,7.0,56
2025-03-03,SKU0033,118,274,7.0,56
2025-03-10,SKU0033,91,0,7.0,56
2025-03-17,SKU0033,104,197,7.0,56
2025-03-24,SKU0033,83,0,7.0,56
2025-03-31,SKU0033,74,160,7.0,56
2025-04-07,SKU0033,76,101,7.0,56
2025-04-14,SKU0033,62,115,7.0,56
2025-04-21,SKU0033,129,288,7.0,56
2025-04-28,SKU0033,104,0,7.0,56
2025-05-05,SKU0033,85,247,7.0,56
2025-05-12,SKU0033,66,220,7.0,56
2025-05-19,SKU0033,116,232,7.0,56
2025-05-26,SKU0033,71,137,7.0,56
2025-06-02,SKU0033,87,290,7.0,56
2025-06-09,SKU0033,85,270,7.0,56
2025-06-16,SKU0033,65,0,7.0,56
2025-06-23,SKU0033,30,100,7.0,56
2025-06-30,SKU0033,50,167,7.0,56
2025-07-07,SKU0033,87,293,7.0,56
2025-07-14,SKU0033,106,232,7.0,56
2025-07-21,SKU0033,105,199,7.0,56
2025-07-28,SKU0033,128,280,7.0,56
2025-08-04,SKU0033,72,0,7.0,56
2025-08-11,SKU0033,60,201,7.0,56
2025-08-18,SKU0033,105,213,7.0,56
2025-08-25,SKU0033,111,290,7.0,56
2025-09-01,SKU0033,86,172,7.0,56
2025-09-08,SKU0033,132,276,7.0,56
2025-09-15,SKU0033,70,113,7.0,56
2025-09-22,SKU0033,82,261,7.0,56
2025-09-29,SKU0033,86,108,7.0,56
2025-10-06,SKU0033,84,146,7.0,56
2025-10-13,SKU0033,57,0,7.0,56
2025-10-20,SKU0033,71,237,7.0,56
2025-10-27,SKU0033,105,168,7.0,56
2025-11-03,SKU0033,81,241,7.0,56
2025-11-10,SKU0033,103,163,7.0,56
2025-11-17,SKU0033,91,141,7.0,56
2025-11-24,SKU0033,81,271,7.0,56
2025-12-01,SKU0033,76,256,7.0,56
2025-12-08,SKU0033,56,100,7.0,56
2025-12-15,SKU0033,69,230,7.0,56
2025-12-22,SKU0033,43,145,7.0,56
2025-12-29,SKU0033,74,247,7.0,56
2024-10-28,SKU0034,214,0,21.0,40
2024-11-04,SKU0034,185,0,21.0,40
2024-11-11,SKU0034,91,0,21.0,40
2024-11-18,SKU0034,61,0,21.0,40
2024-11-25,SKU0034,46,0,21.0,40
2024-12-02,SKU0034,63,210,21.0,40
2024-12-09,SKU0034,80,166,21.0,40
2024-12-16,SKU0034,51,0,21.0,40
2024-12-23,SKU0034,50,167,21.0,40
2024-12-30,SKU0034,82,166,21.0,40
2025-01-06,SKU0034,62,0,21.0,40
2025-01-13,SKU0034,71,131,21.0,40
2025-01-20,SKU0034,40,0,21.0,40
2025-01-27,SKU0034,43,145,21.0,40
2025-02-03,SKU0034,97,230,21.0,40
2025-02-10,SKU0034,58,154,21.0,40
2025-02-17,SKU0034,32,107,21.0,40
2025-02-24,SKU0034,42,143,21.0,40
2025-03-03,SKU0034,104,252,21.0,40
2025-03-10,SKU0034,87,0,21.0,40
2025-03-17,SKU0034,71,0,21.0,40
2025-03-24,SKU0034,93,273,21.0,40
2025-03-31,SKU0034,82,169,21.0,40
2025-04-07,SKU0034,104,227,21.0,40
2025-04-14,SKU0034,114,290,21.0,40
2025-04-21,SKU0034,61,108,21.0,40
2025-04-28,SKU0034,98,282,21.0,40
2025-05-05,SKU0034,65,0,21.0,40
2025-05-12,SKU0034,70,209,21.0,40
2025-05-19,SKU0034,68,174,21.0,40
2025-05-26,SKU0034,96,291,21.0,40
2025-06-02,SKU0034,90,188,21.0,40
2025-06-09,SKU0034,48,0,21.0,40
2025-06-16,SKU0034,58,139,21.0,40
2025-06-23,SKU0034,33,104,21.0,40
2025-06-30,SKU0034,86,287,21.0,40
2025-07-07,SKU0034,56,0,21.0,40
2025-07-14,SKU0034,41,0,21.0,40
2025-07-21,SKU0034,57,107,21.0,40
2025-07-28,SKU0034,45,0,21.0,40
2025-08-04,SKU0034,74,210,21.0,40
2025-08-11,SKU0034,45,121,21.0,40
2025-08-18,SKU0034,62,208,21.0,40
2025-08-25,SKU0034,68,104,21.0,40
2025-09-01,SKU0034,44,149,21.0,40
2025-09-08,SKU0034,42,123,21.0,40
2025-09-15,SKU0034,72,242,21.0,40
2025-09-22,SKU0034,43,0,21.0,40
2025-09-29,SKU0034,66,222,21.0,40
2025-10-06,SKU0034,31,105,21.0,40
2025-10-13,SKU0034,32,108,21.0,40
2025-10-20,SKU0034,50,169,21.0,40
2025-10-27,SKU0034,33,112,21.0,40
2025-11-03,SKU0034,41,126,21.0,40
2025-11-10,SKU0034,76,190,21.0,40
2025-11-17,SKU0034,77,139,,40
2025-11-24,SKU0034,82,274,21.0,40
2025-12-01,SKU0034,61,165,21.0,40
2025-12-08,SKU0034,36,123,21.0,40
2025-12-15,SKU0034,108,282,21.0,40
2025-12-22,SKU0034,46,0,21.0,40
2025-12-29,SKU0034,76,255,21.0,40
2024-01-01,SKU0035,141,0,7.0,40
2024-01-08,SKU0035,57,0,7.0,40
2024-01-15,SKU0035,52,174,7.0,40
2024-01-22,SKU0035,87,202,7.0,40
2024-01-29,SKU0035,110,256,7.0,40
2024-02-05,SKU0035,98,0,7.0,40
2024-02-12,SKU0035,66,0,7.0,40
2024-02-19,SKU0035,52,137,7.0,40
2024-02-26,SKU0035,76,187,7.0,40
2024-03-04,SKU0035,71,169,7.0,40
2024-03-11,SKU0035,44,0,7.0,40
2024-03-18,SKU0035,36,116,7.0,40
2024-03-25,SKU0035,36,121,7.0,40
2024-04-01,SKU0035,58,196,7.0,40
2024-04-08,SKU0035,87,293,7.0,40
2024-04-15,SKU0035,62,0,7.0,40
2024-04-22,SKU0035,63,139,7.0,40
2024-04-29,SKU0035,46,154,7.0,40
2024-05-06,SKU0035,76,255,7.0,40
2024-05-13,SKU0035,67,224,7.0,40
2024-05-20,SKU0035,54,182,7.0,40
2024-05-27,SKU0035,52,176,7.0,40
2024-06-03,SKU0035,35,119,7.0,40
2024-06-10,SKU0035,65,217,7.0,40
2024-06-17,SKU0035,48,115,7.0,40
2024-06-24,SKU0035,106,249,7.0,40
2024-07-01,SKU0035,71,0,7.0,40
2024-07-08,SKU0035,64,215,7.0,40
2024-07-15,SKU0035,42,141,7.0,40
2024-07-22,SKU0035,81,272,7.0,40
2024-07-29,SKU0035,108,252,7.0,40
2024-08-05,SKU0035,60,148,7.0,40
2024-08-12,SKU0035,66,219,7.0,40
2024-08-19,SKU0035,66,219,7.0,40
2024-08-26,SKU0035,110,261,7.0,40
2024-09-02,SKU0035,77,137,7.0,40
2024-09-09,SKU0035,59,0,7.0,40
2024-09-16,SKU0035,36,121,7.0,40
2024-09-23,SKU0035,40,136,7.0,40
2024-09-30,SKU0035,110,269,7.0,40
2024-10-07,SKU0035,60,0,7.0,40
2024-10-14,SKU0035,74,247,7.0,40
2024-10-21,SKU0035,78,263,7.0,40
2024-10-28,SKU0035,60,118,7.0,40
2024-11-04,SKU0035,113,248,,40
2024-11-11,SKU0035,40,0,7.0,40
2024-11-18,SKU0035,59,198,7.0,40
2024-11-25,SKU0035,67,196,7.0,40
2024-12-02,SKU0035,112,250,7.0,40
2024-12-09,SKU0035,44,0,7.0,40
2024-12-16,SKU0035,40,136,7.0,40
2024-12-23,SKU0035,31,106,7.0,40
2024-12-30,SKU0035,64,216,7.0,40
2025-01-06,SKU0035,44,149,7.0,40
2025-01-13,SKU0035,67,224,7.0,40
2025-01-20,SKU0035,47,157,7.0,40
2025-01-27,SKU0035,83,279,7.0,40
2025-02-03,SKU0035,62,0,7.0,40
2025-02-10,SKU0035,91,260,7.0,40
2025-02-17,SKU0035,66,0,7.0,40
2025-02-24,SKU0035,69,233,7.0,40
2025-03-03,SKU0035,84,218,7.0,40
2025-03-10,SKU0035,73,244,7.0,40
2025-03-17,SKU0035,50,0,7.0,40
2025-03-24,SKU0035,82,157,7.0,40
2025-03-31,SKU0035,59,194,7.0,40
2025-04-07,SKU0035,55,185,7.0,40
2025-04-14,SKU0035,79,162,,40
2025-04-21,SKU0035,109,235,7.0,40
2025-04-28,SKU0035,40,0,7.0,40
2025-05-05,SKU0035,75,190,7.0,40
2025-05-12,SKU0035,83,148,7.0,40
2025-05-19,SKU0035,94,245,7.0,40
2025-05-26,SKU0035,51,0,7.0,40
2025-06-02,SKU0035,89,297,7.0,40
2025-06-09,SKU0035,60,196,7.0,40
2025-06-16,SKU0035,41,123,7.0,40
2025-06-23,SKU0035,113,288,7.0,40
2025-06-30,SKU0035,100,221,7.0,40
2025-07-07,SKU0035,49,0,7.0,40
2025-07-14,SKU0035,45,150,7.0,40
2025-07-21,SKU0035,75,242,7.0,40
2025-07-28,SKU0035,77,238,7.0,40
2025-08-04,SKU0035,63,0,7.0,40
2025-08-11,SKU0035,110,299,7.0,40
2025-08-18,SKU0035,65,0,7.0,40
2025-08-25,SKU0035,43,145,7.0,40
2025-09-01,SKU0035,71,239,7.0,40
2025-09-08,SKU0035,40,0,7.0,40
2025-09-15,SKU0035,35,117,7.0,40
2025-09-22,SKU0035,69,230,7.0,40
2025-09-29,SKU0035,75,251,7.0,40
2025-10-06,SKU0035,82,276,7.0,40
2025-10-13,SKU0035,71,0,7.0,40
2025-10-20,SKU0035,64,143,7.0,40
2025-10-27,SKU0035,92,194,7.0,40
2025-11-03,SKU0035,84,283,7.0,40
2025-11-10,SKU0035,80,173,7.0,40
2025-11-17,SKU0035,51,0,7.0,40
2025-11-24,SKU0035,50,102,7.0,40
2025-12-01,SKU0035,39,131,7.0,40
2025-12-08,SKU0035,73,244,7.0,40
2025-12-15,SKU0035,62,0,7.0,40
2025-12-22,SKU0035,49,0,7.0,40
2025-12-29,SKU0035,55,184,7.0,40
2024-03-04,SKU0036,265,0,30.0,83
2024-03-11,SKU0036,202,0,30.0,83
2024-03-18,SKU0036,160,0,30.0,83
2024-03-25,SKU0036,147,0,30.0,83
2024-04-01,SKU0036,112,0,30.0,83
2024-04-08,SKU0036,100,267,30.0,83
2024-04-15,SKU0036,90,0,30.0,83
2024-04-22,SKU0036,119,169,30.0,83
2024-04-29,SKU0036,88,214,30.0,83
2024-05-06,SKU0036,95,120,30.0,83
2024-05-13,SKU0036,142,295,30.0,83
2024-05-20,SKU0036,120,0,30.0,83
2024-05-27,SKU0036,81,162,30.0,83
2024-06-03,SKU0036,86,287,30.0,83
2024-06-10,SKU0036,61,206,30.0,83
2024-06-17,SKU0036,31,106,30.0,83
2024-06-24,SKU0036,39,132,30.0,83
2024-07-01,SKU0036,89,298,30.0,83
2024-07-08,SKU0036,107,170,30.0,83
2024-07-15,SKU0036,94,0,30.0,83
2024-07-22,SKU0036,66,128,30.0,83
2024-07-29,SKU0036,75,129,30.0,83
2024-08-05,SKU0036,111,272,30.0,83
2024-08-12,SKU0036,92,0,30.0,83
2024-08-19,SKU0036,59,193,30.0,83
2024-08-26,SKU0036,33,113,30.0,83
2024-09-02,SKU0036,44,147,30.0,83
2024-09-09,SKU0036,64,216,30.0,83
2024-09-16,SKU0036,41,125,30.0,83
2024-09-23,SKU0036,67,224,30.0,83
2024-09-30,SKU0036,72,214,30.0,83
2024-10-07,SKU0036,69,230,30.0,83
2024-10-14,SKU0036,111,218,30.0,83
2024-10-21,SKU0036,101,244,30.0,83
2024-10-28,SKU0036,111,137,30.0,83
2024-11-04,SKU0036,79,136,30.0,83
2024-11-11,SKU0036,45,153,30.0,83
2024-11-18,SKU0036,65,209,30.0,83
2024-11-25,SKU0036,81,271,30.0,83
2024-12-02,SKU0036,117,233,30.0,83
2024-12-09,SKU0036,145,265,,83
2024-12-16,SKU0036,110,127,30.0,83
2024-12-23,SKU0036,88,261,30.0,83
2024-12-30,SKU0036,74,249,30.0,83
2025-01-06,SKU0036,77,180,30.0,83
2025-01-13,SKU0036,86,289,30.0,83
2025-01-20,SKU0036,55,186,30.0,83
2025-01-27,SKU0036,63,210,30.0,83
2025-02-03,SKU0036,70,153,30.0,83
2025-02-10,SKU0036,74,180,30.0,83
2025-02-17,SKU0036,114,204,30.0,83
2025-02-24,SKU0036,91,0,30.0,83
2025-03-03,SKU0036,114,277,30.0,83
2025-03-10,SKU0036,112,293,30.0,83
2025-03-17,SKU0036,95,129,30.0,83
2025-03-24,SKU0036,86,154,30.0,83
2025-03-31,SKU0036,48,148,30.0,83
2025-04-07,SKU0036,36,123,30.0,83
2025-04-14,SKU0036,78,232,30.0,83
2025-04-21,SKU0036,39,133,30.0,83
2025-04-28,SKU0036,69,190,30.0,83
2025-05-05,SKU0036,103,214,30.0,83
2025-05-12,SKU0036,97,153,30.0,83
2025-05-19,SKU0036,108,235,30.0,83
2025-05-26,SKU0036,89,263,30.0,83
2025-06-02,SKU0036,50,169,30.0,83
2025-06-09,SKU0036,33,113,30.0,83
2025-06-16,SKU0036,60,202,30.0,83
2025-06-23,SKU0036,85,152,30.0,83
2025-06-30,SKU0036,55,135,30.0,83
2025-07-07,SKU0036,45,152,30.0,83
2025-07-14,SKU0036,81,195,30.0,83
2025-07-21,SKU0036,131,219,30.0,83
2025-07-28,SKU0036,135,292,30.0,83
2025-08-04,SKU0036,99,137,30.0,83
2025-08-11,SKU0036,60,162,30.0,83
2025-08-18,SKU0036,50,169,30.0,83
2025-08-25,SKU0036,82,276,30.0,83
2025-09-01,SKU0036,90,166,30.0,83
2025-09-08,SKU0036,94,194,30.0,83
2025-09-15,SKU0036,67,101,30.0,83
2025-09-22,SKU0036,70,234,30.0,83
2025-09-29,SKU0036,40,135,30.0,83
2025-10-06,SKU0036,30,103,30.0,83
2025-10-13,SKU0036,66,221,30.0,83
2025-10-20,SKU0036,116,203,30.0,83
2025-10-27,SKU0036,98,166,30.0,83
2025-11-03,SKU0036,85,282,30.0,83
2025-11-10,SKU0036,61,140,30.0,83
2025-11-17,SKU0036,54,181,30.0,83
2025-11-24,SKU0036,124,274,30.0,83
2025-12-01,SKU0036,130,167,30.0,83
2025-12-08,SKU0036,130,173,30.0,83
2025-12-15,SKU0036,73,125,30.0,83
2025-12-22,SKU0036,31,106,30.0,83
2025-12-29,SKU0036,52,174,30.0,83
2024-06-03,SKU0037,188,0,21.0,78
2024-06-10,SKU0037,113,0,21.0,78
2024-06-17,SKU0037,82,110,21.0,78
2024-06-24,SKU0037,44,149,21.0,78
2024-07-01,SKU0037,91,249,21.0,78
2024-07-08,SKU0037,34,115,21.0,78
2024-07-15,SKU0037,71,239,21.0,78
2024-07-22,SKU0037,45,150,21.0,78
2024-07-29,SKU0037,75,253,21.0,78
2024-08-05,SKU0037,78,117,21.0,78
2024-08-12,SKU0037,104,216,21.0,78
2024-08-19,SKU0037,113,186,21.0,78
2024-08-26,SKU0037,84,0,21.0,78
2024-09-02,SKU0037,55,183,21.0,78
2024-09-09,SKU0037,75,137,21.0,78
2024-09-16,SKU0037,133,229,21.0,78
2024-09-23,SKU0037,95,0,21.0,78
2024-09-30,SKU0037,82,0,21.0,78
2024-10-07,SKU0037,140,280,21.0,78
2024-10-14,SKU0037,75,110,21.0,78
2024-10-21,SKU0037,57,120,,78
2024-10-28,SKU0037,53,115,21.0,78
2024-11-04,SKU0037,64,104,21.0,78
2024-11-11,SKU0037,67,196,21.0,78
2024-11-18,SKU0037,79,266,21.0,78
2024-11-25,SKU0037,33,107,21.0,78
2024-12-02,SKU0037,59,183,21.0,78
2024-12-09,SKU0037,70,236,21.0,78
2024-12-16,SKU0037,97,273,21.0,78
2024-12-23,SKU0037,64,159,21.0,78
2024-12-30,SKU0037,56,134,21.0,78
2025-01-06,SKU0037,86,287,21.0,78
2025-01-13,SKU0037,99,299,21.0,78
2025-01-20,SKU0037,121,177,21.0,78
2025-01-27,SKU0037,95,179,21.0,78
2025-02-03,SKU0037,73,135,21.0,78
2025-02-10,SKU0037,61,146,21.0,78
2025-02-17,SKU0037,83,279,21.0,78
2025-02-24,SKU0037,42,143,21.0,78
2025-03-03,SKU0037,91,217,21.0,78
2025-03-10,SKU0037,112,272,21.0,78
2025-03-17,SKU0037,86,0,21.0,78
2025-03-24,SKU0037,71,161,21.0,78
2025-03-31,SKU0037,63,210,21.0,78
2025-04-07,SKU0037,90,180,21.0,78
2025-04-14,SKU0037,133,270,21.0,78
2025-04-21,SKU0037,114,0,21.0,78
2025-04-28,SKU0037,74,154,21.0,78
2025-05-05,SKU0037,58,140,21.0,78
2025-05-12,SKU0037,68,229,21.0,78
2025-05-19,SKU0037,132,248,21.0,78
2025-05-26,SKU0037,117,201,21.0,78
2025-06-02,SKU0037,83,0,21.0,78
2025-06-09,SKU0037,63,179,21.0,78
2025-06-16,SKU0037,84,150,21.0,78
2025-06-23,SKU0037,77,176,21.0,78
2025-06-30,SKU0037,141,273,21.0,78
2025-07-07,SKU0037,114,242,21.0,78
2025-07-14,SKU0037,137,289,21.0,78
2025-07-21,SKU0037,123,0,21.0,78
2025-07-28,SKU0037,106,0,21.0,78
2025-08-04,SKU0037,106,134,21.0,78
2025-08-11,SKU0037,91,0,21.0,78
2025-08-18,SKU0037,127,289,21.0,78
2025-08-25,SKU0037,125,222,21.0,78
2025-09-01,SKU0037,135,215,21.0,78
2025-09-08,SKU0037,84,0,21.0,78
2025-09-15,SKU0037,77,129,21.0,78
2025-09-22,SKU0037,94,182,21.0,78
2025-09-29,SKU0037,82,0,21.0,78
2025-10-06,SKU0037,155,291,21.0,78
2025-10-13,SKU0037,128,0,21.0,78
2025-10-20,SKU0037,108,0,21.0,78
2025-10-27,SKU0037,119,299,21.0,78
2025-11-03,SKU0037,80,0,21.0,78
2025-11-10,SKU0037,79,180,21.0,78
2025-11-17,SKU0037,101,244,21.0,78
2025-11-24,SKU0037,147,284,21.0,78
2025-12-01,SKU0037,91,138,21.0,78
2025-12-08,SKU0037,71,177,21.0,78
2025-12-15,SKU0037,128,248,21.0,78
2025-12-22,SKU0037,96,0,21.0,78
2025-12-29,SKU0037,78,131,21.0,78
2024-01-01,SKU0038,231,0,14.0,77
2024-01-08,SKU0038,201,0,14.0,77
2024-01-15,SKU0038,182,0,14.0,77
2024-01-22,SKU0038,148,0,14.0,77
2024-01-29,SKU0038,104,0,14.0,77
2024-02-05,SKU0038,111,116,14.0,77
2024-02-12,SKU0038,129,291,14.0,77
2024-02-19,SKU0038,150,258,14.0,77
2024-02-26,SKU0038,100,0,14.0,77
2024-03-04,SKU0038,92,178,14.0,77
2024-03-11,SKU0038,120,150,14.0,77
2024-03-18,SKU0038,146,273,14.0,77
2024-03-25,SKU0038,130,246,14.0,77
2024-04-01,SKU0038,93,131,14.0,77
2024-04-08,SKU0038,67,223,14.0,77
2024-04-15,SKU0038,127,267,14.0,77
2024-04-22,SKU0038,83,0,14.0,77
2024-04-29,SKU0038,101,108,14.0,77
2024-05-06,SKU0038,57,123,14.0,77
2024-05-13,SKU0038,107,246,14.0,77
2024-05-20,SKU0038,135,260,14.0,77
2024-05-27,SKU0038,126,201,14.0,77
2024-06-03,SKU0038,114,0,14.0,77
2024-06-10,SKU0038,72,171,14.0,77
2024-06-17,SKU0038,85,119,14.0,77
2024-06-24,SKU0038,104,112,14.0,77
2024-07-01,SKU0038,48,124,14.0,77
2024-07-08,SKU0038,104,292,14.0,77
2024-07-15,SKU0038,83,179,14.0,77
2024-07-22,SKU0038,102,195,14.0,77
2024-07-29,SKU0038,89,0,14.0,77
2024-08-05,SKU0038,61,139,14.0,77
2024-08-12,SKU0038,74,247,14.0,77
2024-08-19,SKU0038,119,282,14.0,77
2024-08-26,SKU0038,91,216,14.0,77
2024-09-02,SKU0038,125,260,14.0,77
2024-09-09,SKU0038,100,0,14.0,77
2024-09-16,SKU0038,119,273,14.0,77
2024-09-23,SKU0038,115,140,14.0,77
2024-09-30,SKU0038,101,0,14.0,77
2024-10-07,SKU0038,96,215,14.0,77
2024-10-14,SKU0038,81,0,14.0,77
2024-10-21,SKU0038,40,134,14.0,77
2024-10-28,SKU0038,85,286,14.0,77
2024-11-04,SKU0038,74,249,14.0,77
2024-11-11,SKU0038,87,174,14.0,77
2024-11-18,SKU0038,58,194,14.0,77
2024-11-25,SKU0038,55,109,14.0,77
2024-12-02,SKU0038,52,175,14.0,77
2024-12-09,SKU0038,36,106,14.0,77
2024-12-16,SKU0038,63,140,14.0,77
2024-12-23,SKU0038,75,139,14.0,77
2024-12-30,SKU0038,49,142,14.0,77
2025-01-06,SKU0038,69,231,14.0,77
2025-01-13,SKU0038,89,177,14.0,77
2025-01-20,SKU0038,51,148,14.0,77
2025-01-27,SKU0038,63,118,14.0,77
2025-02-03,SKU0038,81,272,14.0,77
2025-02-10,SKU0038,58,137,14.0,77
2025-02-17,SKU0038,83,279,14.0,77
2025-02-24,SKU0038,80,217,14.0,77
2025-03-03,SKU0038,64,169,14.0,77
2025-03-10,SKU0038,68,185,14.0,77
2025-03-17,SKU0038,71,223,14.0,77
2025-03-24,SKU0038,64,216,14.0,77
2025-03-31,SKU0038,73,246,14.0,77
2025-04-07,SKU0038,52,176,14.0,77
2025-04-14,SKU0038,78,261,14.0,77
2025-04-21,SKU0038,82,141,14.0,77
2025-04-28,SKU0038,90,194,14.0,77
2025-05-05,SKU0038,130,293,,77
2025-05-12,SKU0038,83,0,14.0,77
2025-05-19,SKU0038,108,264,14.0,77
2025-05-26,SKU0038,112,121,14.0,77
2025-06-02,SKU0038,115,154,14.0,77
2025-06-09,SKU0038,104,227,14.0,77
2025-06-16,SKU0038,78,0,14.0,77
2025-06-23,SKU0038,55,122,14.0,77
2025-06-30,SKU0038,46,113,14.0,77
2025-07-07,SKU0038,83,277,14.0,77
2025-07-14,SKU0038,147,286,14.0,77
2025-07-21,SKU0038,98,0,14.0,77
2025-07-28,SKU0038,100,131,,77
2025-08-04,SKU0038,90,0,,77
2025-08-11,SKU0038,100,195,14.0,77
2025-08-18,SKU0038,78,241,14.0,77
2025-08-25,SKU0038,94,104,14.0,77
2025-09-01,SKU0038,83,129,14.0,77
2025-09-08,SKU0038,65,218,,77
2025-09-15,SKU0038,100,253,14.0,77
2025-09-22,SKU0038,69,144,14.0,77
2025-09-29,SKU0038,72,242,14.0,77
2025-10-06,SKU0038,82,276,14.0,77
2025-10-13,SKU0038,93,282,14.0,77
2025-10-20,SKU0038,99,176,14.0,77
2025-10-27,SKU0038,95,120,14.0,77
2025-11-03,SKU0038,90,152,14.0,77
2025-11-10,SKU0038,86,288,14.0,77
2025-11-17,SKU0038,159,286,14.0,77
2025-11-24,SKU0038,97,0,14.0,77
2025-12-01,SKU0038,112,225,14.0,77
2025-12-08,SKU0038,86,0,14.0,77
2025-12-15,SKU0038,91,190,14.0,77
2025-12-22,SKU0038,73,244,14.0,77
2025-12-29,SKU0038,110,233,14.0,77
2024-06-03,SKU0039,82,0,7.0,80
2024-06-10,SKU0039,59,192,7.0,80
2024-06-17,SKU0039,46,155,7.0,80
2024-06-24,SKU0039,80,269,7.0,80
2024-07-01,SKU0039,55,152,7.0,80
2024-07-08,SKU0039,36,122,7.0,80
2024-07-15,SKU0039,49,166,7.0,80
2024-07-22,SKU0039,30,101,7.0,80
2024-07-29,SKU0039,82,247,7.0,80
2024-08-05,SKU0039,91,209,7.0,80
2024-08-12,SKU0039,162,291,7.0,80
2024-08-19,SKU0039,141,0,7.0,80
2024-08-26,SKU0039,116,0,7.0,80
2024-09-02,SKU0039,83,200,7.0,80
2024-09-09,SKU0039,66,156,7.0,80
2024-09-16,SKU0039,87,104,7.0,80
2024-09-23,SKU0039,49,165,7.0,80
2024-09-30,SKU0039,58,195,7.0,80
2024-10-07,SKU0039,43,146,7.0,80
2024-10-14,SKU0039,100,278,7.0,80
2024-10-21,SKU0039,89,0,7.0,80
2024-10-28,SKU0039,86,224,7.0,80
2024-11-04,SKU0039,81,223,7.0,80
2024-11-11,SKU0039,111,202,7.0,80
2024-11-18,SKU0039,106,284,7.0,80
2024-11-25,SKU0039,119,249,7.0,80
2024-12-02,SKU0039,101,0,7.0,80
2024-12-09,SKU0039,49,154,7.0,80
2024-12-16,SKU0039,73,196,7.0,80
2024-12-23,SKU0039,56,188,7.0,80
2024-12-30,SKU0039,89,155,7.0,80
2025-01-06,SKU0039,70,217,7.0,80
2025-01-13,SKU0039,54,180,7.0,80
2025-01-20,SKU0039,99,222,7.0,80
2025-01-27,SKU0039,68,102,7.0,80
2025-02-03,SKU0039,75,195,7.0,80
2025-02-10,SKU0039,84,112,7.0,80
2025-02-17,SKU0039,127,176,7.0,80
2025-02-24,SKU0039,136,262,7.0,80
2025-03-03,SKU0039,87,0,7.0,80
2025-03-10,SKU0039,130,194,7.0,80
2025-03-17,SKU0039,104,246,7.0,80
2025-03-24,SKU0039,82,137,,80
2025-03-31,SKU0039,43,144,7.0,80
2025-04-07,SKU0039,54,139,7.0,80
2025-04-14,SKU0039,119,263,7.0,80
2025-04-21,SKU0039,167,296,7.0,80
2025-04-28,SKU0039,100,0,7.0,80
2025-05-05,SKU0039,116,281,7.0,80
2025-05-12,SKU0039,147,255,7.0,80
2025-05-19,SKU0039,157,292,7.0,80
2025-05-26,SKU0039,89,0,7.0,80
2025-06-02,SKU0039,96,164,7.0,80
2025-06-09,SKU0039,72,141,7.0,80
2025-06-16,SKU0039,67,224,7.0,80
2025-06-23,SKU0039,33,111,7.0,80
2025-06-30,SKU0039,45,152,7.0,80
2025-07-07,SKU0039,76,156,7.0,80
2025-07-14,SKU0039,70,128,7.0,80
2025-07-21,SKU0039,124,265,7.0,80
2025-07-28,SKU0039,97,0,7.0,80
2025-08-04,SKU0039,69,224,7.0,80
2025-08-11,SKU0039,107,263,7.0,80
2025-08-18,SKU0039,64,160,7.0,80
2025-08-25,SKU0039,33,113,7.0,80
2025-09-01,SKU0039,58,159,7.0,80
2025-09-08,SKU0039,39,131,7.0,80
2025-09-15,SKU0039,81,272,7.0,80
2025-09-22,SKU0039,60,188,7.0,80
2025-09-29,SKU0039,37,125,7.0,80
2025-10-06,SKU0039,51,170,7.0,80
2025-10-13,SKU0039,82,274,7.0,80
2025-10-20,SKU0039,47,158,7.0,80
2025-10-27,SKU0039,31,104,7.0,80
2025-11-03,SKU0039,45,152,7.0,80
2025-11-10,SKU0039,42,141,7.0,80
2025-11-17,SKU0039,46,105,7.0,80
2025-11-24,SKU0039,63,210,7.0,80
2025-12-01,SKU0039,39,132,7.0,80
2025-12-08,SKU0039,80,225,7.0,80
2025-12-15,SKU0039,86,183,7.0,80
2025-12-22,SKU0039,100,235,7.0,80
2025-12-29,SKU0039,66,179,7.0,80
2025-03-31,SKU0040,229,0,7.0,85
2025-04-07,SKU0040,172,0,7.0,85
2025-04-14,SKU0040,153,234,7.0,85
2025-04-21,SKU0040,108,0,7.0,85
2025-04-28,SKU0040,116,257,7.0,85
2025-05-05,SKU0040,108,102,7.0,85
2025-05-12,SKU0040,107,245,7.0,85
2025-05-19,SKU0040,58,106,7.0,85
2025-05-26,SKU0040,87,205,7.0,85
2025-06-02,SKU0040,83,160,7.0,85
2025-06-09,SKU0040,76,216,7.0,85
2025-06-16,SKU0040,87,291,7.0,85
2025-06-23,SKU0040,74,101,7.0,85
2025-06-30,SKU0040,87,256,7.0,85
2025-07-07,SKU0040,64,198,7.0,85
2025-07-14,SKU0040,74,248,7.0,85
2025-07-21,SKU0040,64,127,7.0,85
2025-07-28,SKU0040,88,177,7.0,85
2025-08-04,SKU0040,149,273,7.0,85
2025-08-11,SKU0040,114,0,7.0,85
2025-08-18,SKU0040,93,261,7.0,85
2025-08-25,SKU0040,124,257,7.0,85
2025-09-01,SKU0040,116,284,7.0,85
2025-09-08,SKU0040,139,248,7.0,85
2025-09-15,SKU0040,118,194,7.0,85
2025-09-22,SKU0040,119,291,7.0,85
2025-09-29,SKU0040,95,0,7.0,85
2025-10-06,SKU0040,149,262,7.0,85
2025-10-13,SKU0040,88,0,7.0,85
2025-10-20,SKU0040,84,216,7.0,85
2025-10-27,SKU0040,33,110,7.0,85
2025-11-03,SKU0040,34,116,7.0,85
2025-11-10,SKU0040,60,200,7.0,85
2025-11-17,SKU0040,112,228,7.0,85
2025-11-24,SKU0040,114,245,7.0,85
2025-12-01,SKU0040,93,210,7.0,85
2025-12-08,SKU0040,75,171,7.0,85
2025-12-15,SKU0040,84,228,7.0,85
2025-12-22,SKU0040,45,153,7.0,85
2025-12-29,SKU0040,33,112,7.0,85
2024-01-01,SKU0041,283,0,14.0,49
2024-01-08,SKU0041,223,0,14.0,49
2024-01-15,SKU0041,142,0,14.0,49
2024-01-22,SKU0041,116,0,14.0,49
2024-01-29,SKU0041,98,0,14.0,49
2024-02-05,SKU0041,57,140,14.0,49
2024-02-12,SKU0041,74,123,14.0,49
2024-02-19,SKU0041,55,0,14.0,49
2024-02-26,SKU0041,98,216,14.0,49
2024-03-04,SKU0041,59,101,14.0,49
2024-03-11,SKU0041,102,182,14.0,49
2024-03-18,SKU0041,73,191,14.0,49
2024-03-25,SKU0041,65,182,14.0,49
2024-04-01,SKU0041,51,0,14.0,49
2024-04-08,SKU0041,109,291,14.0,49
2024-04-15,SKU0041,54,0,14.0,49
2024-04-22,SKU0041,90,223,14.0,49
2024-04-29,SKU0041,64,103,14.0,49
2024-05-06,SKU0041,76,256,14.0,49
2024-05-13,SKU0041,52,0,14.0,49
2024-05-20,SKU0041,71,238,14.0,49
2024-05-27,SKU0041,53,0,14.0,49
2024-06-03,SKU0041,44,147,14.0,49
2024-06-10,SKU0041,64,200,14.0,49
2024-06-17,SKU0041,87,240,14.0,49
2024-06-24,SKU0041,61,0,14.0,49
2024-07-01,SKU0041,74,223,14.0,49
2024-07-08,SKU0041,51,0,14.0,49
2024-07-15,SKU0041,69,163,14.0,49
2024-07-22,SKU0041,60,203,,49
2024-07-29,SKU0041,46,155,14.0,49
2024-08-05,SKU0041,45,150,14.0,49
2024-08-12,SKU0041,67,138,14.0,49
2024-08-19,SKU0041,88,294,14.0,49
2024-08-26,SKU0041,76,149,14.0,49
2024-09-02,SKU0041,56,107,14.0,49
2024-09-09,SKU0041,62,209,14.0,49
2024-09-16,SKU0041,106,251,14.0,49
2024-09-23,SKU0041,73,0,14.0,49
2024-09-30,SKU0041,56,187,14.0,49
2024-10-07,SKU0041,34,116,14.0,49
2024-10-14,SKU0041,47,114,14.0,49
2024-10-21,SKU0041,74,249,14.0,49
2024-10-28,SKU0041,72,131,14.0,49
2024-11-04,SKU0041,77,199,14.0,49
2024-11-11,SKU0041,64,0,14.0,49
2024-11-18,SKU0041,102,194,14.0,49
2024-11-25,SKU0041,54,0,14.0,49
2024-12-02,SKU0041,56,130,14.0,49
2024-12-09,SKU0041,77,248,14.0,49
2024-12-16,SKU0041,68,193,14.0,49
2024-12-23,SKU0041,71,239,14.0,49
2024-12-30,SKU0041,52,0,14.0,49
2025-01-06,SKU0041,89,298,14.0,49
2025-01-13,SKU0041,55,0,14.0,49
2025-01-20,SKU0041,34,116,14.0,49
2025-01-27,SKU0041,46,156,14.0,49
2025-02-03,SKU0041,59,198,14.0,49
2025-02-10,SKU0041,32,107,14.0,49
2025-02-17,SKU0041,59,197,14.0,49
2025-02-24,SKU0041,41,131,14.0,49
2025-03-03,SKU0041,38,127,14.0,49
2025-03-10,SKU0041,94,274,14.0,49
2025-03-17,SKU0041,58,0,14.0,49
2025-03-24,SKU0041,65,217,14.0,49
2025-03-31,SKU0041,66,135,14.0,49
2025-04-07,SKU0041,53,0,14.0,49
2025-04-14,SKU0041,59,197,14.0,49
2025-04-21,SKU0041,99,225,14.0,49
2025-04-28,SKU0041,49,0,14.0,49
2025-05-05,SKU0041,62,208,14.0,49
2025-05-12,SKU0041,112,298,14.0,49
2025-05-19,SKU0041,75,0,14.0,49
2025-05-26,SKU0041,59,0,14.0,49
2025-06-02,SKU0041,101,200,14.0,49
2025-06-09,SKU0041,69,0,14.0,49
2025-06-16,SKU0041,41,108,14.0,49
2025-06-23,SKU0041,52,175,14.0,49
2025-06-30,SKU0041,62,200,14.0,49
2025-07-07,SKU0041,122,284,14.0,49
2025-07-14,SKU0041,58,0,14.0,49
2025-07-21,SKU0041,85,284,14.0,49
2025-07-28,SKU0041,51,173,14.0,49
2025-08-04,SKU0041,95,282,14.0,49
2025-08-11,SKU0041,90,239,14.0,49
2025-08-18,SKU0041,43,146,14.0,49
2025-08-25,SKU0041,51,173,14.0,49
2025-09-01,SKU0041,65,219,14.0,49
2025-09-08,SKU0041,74,248,14.0,49
2025-09-15,SKU0041,80,152,14.0,49
2025-09-22,SKU0041,78,262,14.0,49
2025-09-29,SKU0041,52,105,14.0,49
2025-10-06,SKU0041,69,204,14.0,49
2025-10-13,SKU0041,46,155,14.0,49
2025-10-20,SKU0041,64,214,14.0,49
2025-10-27,SKU0041,116,243,14.0,49
2025-11-03,SKU0041,76,153,14.0,49
2025-11-10,SKU0041,39,101,14.0,49
2025-11-17,SKU0041,31,104,14.0,49
2025-11-24,SKU0041,90,238,14.0,49
2025-12-01,SKU0041,94,164,14.0,49
2025-12-08,SKU0041,124,270,14.0,49
2025-12-15,SKU0041,62,0,14.0,49
2025-12-22,SKU0041,48,161,14.0,49
2025-12-29,SKU0041,42,143,14.0,49
2024-01-01,SKU0042,98,0,14.0,51
2024-01-08,SKU0042,104,243,14.0,51
2024-01-15,SKU0042,87,196,14.0,51
2024-01-22,SKU0042,76,0,14.0,51
2024-01-29,SKU0042,87,290,14.0,51
2024-02-05,SKU0042,110,246,14.0,51
2024-02-12,SKU0042,76,0,14.0,51
2024-02-19,SKU0042,54,0,14.0,51
2024-02-26,SKU0042,39,131,14.0,51
2024-03-04,SKU0042,30,100,14.0,51
2024-03-11,SKU0042,57,193,14.0,51
2024-03-18,SKU0042,72,217,14.0,51
2024-03-25,SKU0042,53,0,14.0,51
2024-04-01,SKU0042,68,229,14.0,51
2024-04-08,SKU0042,90,287,14.0,51
2024-04-15,SKU0042,56,0,14.0,51
2024-04-22,SKU0042,40,134,14.0,51
2024-04-29,SKU0042,74,204,14.0,51
2024-05-06,SKU0042,54,183,14.0,51
2024-05-13,SKU0042,93,169,14.0,51
2024-05-20,SKU0042,84,155,14.0,51
2024-05-27,SKU0042,59,0,14.0,51
2024-06-03,SKU0042,100,258,14.0,51
2024-06-10,SKU0042,80,0,14.0,51
2024-06-17,SKU0042,95,256,14.0,51
2024-06-24,SKU0042,31,102,14.0,51
2024-07-01,SKU0042,85,284,14.0,51
2024-07-08,SKU0042,63,0,14.0,51
2024-07-15,SKU0042,76,191,14.0,51
2024-07-22,SKU0042,125,257,14.0,51
2024-07-29,SKU0042,77,0,14.0,51
2024-08-05,SKU0042,80,230,14.0,51
2024-08-12,SKU0042,79,212,14.0,51
2024-08-19,SKU0042,108,233,14.0,51
2024-08-26,SKU0042,107,220,14.0,51
2024-09-02,SKU0042,72,0,14.0,51
2024-09-09,SKU0042,72,242,14.0,51
2024-09-16,SKU0042,62,0,14.0,51
2024-09-23,SKU0042,77,208,14.0,51
2024-09-30,SKU0042,87,290,14.0,51
2024-10-07,SKU0042,75,189,14.0,51
2024-10-14,SKU0042,54,0,14.0,51
2024-10-21,SKU0042,42,143,14.0,51
2024-10-28,SKU0042,60,201,14.0,51
2024-11-04,SKU0042,75,252,14.0,51
2024-11-11,SKU0042,95,172,14.0,51
2024-11-18,SKU0042,84,0,14.0,51
2024-11-25,SKU0042,95,159,14.0,51
2024-12-02,SKU0042,40,116,14.0,51
2024-12-09,SKU0042,67,226,14.0,51
2024-12-16,SKU0042,70,234,14.0,51
2024-12-23,SKU0042,76,122,14.0,51
2024-12-30,SKU0042,52,0,14.0,51
2025-01-06,SKU0042,51,172,14.0,51
2025-01-13,SKU0042,69,200,14.0,51
2025-01-20,SKU0042,126,295,14.0,51
2025-01-27,SKU0042,61,0,14.0,51
2025-02-03,SKU0042,97,176,14.0,51
2025-02-10,SKU0042,56,0,14.0,51
2025-02-17,SKU0042,48,163,14.0,51
2025-02-24,SKU0042,62,208,14.0,51
2025-03-03,SKU0042,39,102,14.0,51
2025-03-10,SKU0042,33,110,14.0,51
2025-03-17,SKU0042,39,133,14.0,51
2025-03-24,SKU0042,34,109,14.0,51
2025-03-31,SKU0042,82,275,14.0,51
2025-04-07,SKU0042,117,256,14.0,51
2025-04-14,SKU0042,111,264,14.0,51
2025-04-21,SKU0042,66,110,14.0,51
2025-04-28,SKU0042,69,195,14.0,51
2025-05-05,SKU0042,42,143,14.0,51
2025-05-12,SKU0042,55,186,14.0,51
2025-05-19,SKU0042,82,275,14.0,51
2025-05-26,SKU0042,61,0,14.0,51
2025-06-02,SKU0042,120,247,14.0,51
2025-06-09,SKU0042,72,0,14.0,51
2025-06-16,SKU0042,71,153,14.0,51
2025-06-23,SKU0042,58,184,14.0,51
2025-06-30,SKU0042,84,215,14.0,51
2025-07-07,SKU0042,52,0,14.0,51
2025-07-14,SKU0042,107,236,14.0,51
2025-07-21,SKU0042,84,0,14.0,51
2025-07-28,SKU0042,79,233,14.0,51
2025-08-04,SKU0042,120,259,14.0,51
2025-08-11,SKU0042,73,0,14.0,51
2025-08-18,SKU0042,99,277,14.0,51
2025-08-25,SKU0042,63,0,14.0,51
2025-09-01,SKU0042,89,181,14.0,51
2025-09-08,SKU0042,93,241,14.0,51
2025-09-15,SKU0042,53,0,14.0,51
2025-09-22,SKU0042,51,171,14.0,51
2025-09-29,SKU0042,43,125,14.0,51
2025-10-06,SKU0042,70,235,14.0,51
2025-10-13,SKU0042,98,219,14.0,51
2025-10-20,SKU0042,98,285,14.0,51
2025-10-27,SKU0042,94,295,14.0,51
2025-11-03,SKU0042,75,0,14.0,51
2025-11-10,SKU0042,54,182,14.0,51
2025-11-17,SKU0042,60,161,14.0,51
2025-11-24,SKU0042,80,138,14.0,51
2025-12-01,SKU0042,92,185,14.0,51
2025-12-08,SKU0042,36,123,14.0,51
2025-12-15,SKU0042,36,120,14.0,51
2025-12-22,SKU0042,63,210,,51
2025-12-29,SKU0042,70,166,14.0,51
2024-01-01,SKU0043,286,0,14.0,57
2024-01-08,SKU0043,236,0,14.0,57
2024-01-15,SKU0043,224,0,14.0,57
2024-01-22,SKU0043,140,0,14.0,57
2024-01-29,SKU0043,67,0,14.0,57
2024-02-05,SKU0043,61,204,14.0,57
2024-02-12,SKU0043,53,179,14.0,57
2024-02-19,SKU0043,70,234,14.0,57
2024-02-26,SKU0043,88,163,14.0,57
2024-03-04,SKU0043,45,152,14.0,57
2024-03-11,SKU0043,75,217,14.0,57
2024-03-18,SKU0043,72,242,14.0,57
2024-03-25,SKU0043,59,179,14.0,57
2024-04-01,SKU0043,79,133,14.0,57
2024-04-08,SKU0043,111,273,14.0,57
2024-04-15,SKU0043,126,236,14.0,57
2024-04-22,SKU0043,110,0,14.0,57
2024-04-29,SKU0043,83,232,14.0,57
2024-05-06,SKU0043,71,238,14.0,57
2024-05-13,SKU0043,57,134,14.0,57
2024-05-20,SKU0043,51,170,14.0,57
2024-05-27,SKU0043,64,216,14.0,57
2024-06-03,SKU0043,79,264,14.0,57
2024-06-10,SKU0043,64,205,14.0,57
2024-06-17,SKU0043,80,268,14.0,57
2024-06-24,SKU0043,116,207,14.0,57
2024-07-01,SKU0043,80,142,14.0,57
2024-07-08,SKU0043,30,100,14.0,57
2024-07-15,SKU0043,47,157,14.0,57
2024-07-22,SKU0043,56,187,14.0,57
2024-07-29,SKU0043,56,188,14.0,57
2024-08-05,SKU0043,61,118,14.0,57
2024-08-12,SKU0043,72,242,14.0,57
2024-08-19,SKU0043,86,287,14.0,57
2024-08-26,SKU0043,79,170,14.0,57
2024-09-02,SKU0043,55,147,14.0,57
2024-09-09,SKU0043,127,281,14.0,57
2024-09-16,SKU0043,61,0,14.0,57
2024-09-23,SKU0043,100,191,14.0,57
2024-09-30,SKU0043,79,0,14.0,57
2024-10-07,SKU0043,33,113,14.0,57
2024-10-14,SKU0043,89,299,14.0,57
2024-10-21,SKU0043,95,145,14.0,57
2024-10-28,SKU0043,135,289,14.0,57
2024-11-04,SKU0043,65,0,14.0,57
2024-11-11,SKU0043,36,122,14.0,57
2024-11-18,SKU0043,30,103,14.0,57
2024-11-25,SKU0043,83,278,14.0,57
2024-12-02,SKU0043,61,0,14.0,57
2024-12-09,SKU0043,74,249,14.0,57
2024-12-16,SKU0043,139,283,14.0,57
2024-12-23,SKU0043,90,0,14.0,57
2024-12-30,SKU0043,57,0,14.0,57
2025-01-06,SKU0043,75,157,14.0,57
2025-01-13,SKU0043,85,106,14.0,57
2025-01-20,SKU0043,108,197,14.0,57
2025-01-27,SKU0043,108,276,14.0,57
2025-02-03,SKU0043,59,0,14.0,57
2025-02-10,SKU0043,58,185,14.0,57
2025-02-17,SKU0043,76,178,14.0,57
2025-02-24,SKU0043,47,142,14.0,57
2025-03-03,SKU0043,92,198,14.0,57
2025-03-10,SKU0043,74,0,14.0,57
2025-03-17,SKU0043,63,135,14.0,57
2025-03-24,SKU0043,75,250,14.0,57
2025-03-31,SKU0043,71,238,14.0,57
2025-04-07,SKU0043,107,243,14.0,57
2025-04-14,SKU0043,94,237,14.0,57
2025-04-21,SKU0043,92,123,14.0,57
2025-04-28,SKU0043,78,0,14.0,57
2025-05-05,SKU0043,78,131,14.0,57
2025-05-12,SKU0043,66,223,14.0,57
2025-05-19,SKU0043,71,214,14.0,57
2025-05-26,SKU0043,90,297,14.0,57
2025-06-02,SKU0043,138,276,14.0,57
2025-06-09,SKU0043,67,0,14.0,57
2025-06-16,SKU0043,80,191,14.0,57
2025-06-23,SKU0043,58,195,14.0,57
2025-06-30,SKU0043,85,284,14.0,57
2025-07-07,SKU0043,63,180,14.0,57
2025-07-14,SKU0043,68,145,14.0,57
2025-07-21,SKU0043,105,213,14.0,57
2025-07-28,SKU0043,75,0,14.0,57
2025-08-04,SKU0043,38,128,14.0,57
2025-08-11,SKU0043,80,269,14.0,57
2025-08-18,SKU0043,79,206,14.0,57
2025-08-25,SKU0043,111,274,14.0,57
2025-09-01,SKU0043,81,0,14.0,57
2025-09-08,SKU0043,63,0,14.0,57
2025-09-15,SKU0043,96,191,14.0,57
2025-09-22,SKU0043,84,198,14.0,57
2025-09-29,SKU0043,71,202,14.0,57
2025-10-06,SKU0043,87,241,14.0,57
2025-10-13,SKU0043,36,116,14.0,57
2025-10-20,SKU0043,66,220,14.0,57
2025-10-27,SKU0043,82,276,14.0,57
2025-11-03,SKU0043,99,265,14.0,57
2025-11-10,SKU0043,92,209,14.0,57
2025-11-17,SKU0043,99,271,14.0,57
2025-11-24,SKU0043,36,118,14.0,57
2025-12-01,SKU0043,66,221,14.0,57
2025-12-08,SKU0043,75,130,14.0,57
2025-12-15,SKU0043,50,167,14.0,57
2025-12-22,SKU0043,81,201,14.0,57
2025-12-29,SKU0043,59,105,14.0,57
2024-03-04,SKU0044,336,0,7.0,136
2024-03-11,SKU0044,286,0,7.0,136
2024-03-18,SKU0044,241,0,7.0,136
2024-03-25,SKU0044,177,0,7.0,136
2024-04-01,SKU0044,150,124,7.0,136
2024-04-08,SKU0044,152,132,7.0,136
2024-04-15,SKU0044,117,108,7.0,136
2024-04-22,SKU0044,113,263,7.0,136
2024-04-29,SKU0044,72,152,7.0,136
2024-05-06,SKU0044,119,203,7.0,136
2024-05-13,SKU0044,73,139,7.0,136
2024-05-20,SKU0044,49,139,7.0,136
2024-05-27,SKU0044,63,212,7.0,136
2024-06-03,SKU0044,67,225,7.0,136
2024-06-10,SKU0044,134,261,7.0,136
2024-06-17,SKU0044,191,238,7.0,136
2024-06-24,SKU0044,220,290,7.0,136
2024-07-01,SKU0044,193,0,7.0,136
2024-07-08,SKU0044,159,0,7.0,136
2024-07-15,SKU0044,170,172,7.0,136
2024-07-22,SKU0044,147,118,7.0,136
2024-07-29,SKU0044,128,103,7.0,136
2024-08-05,SKU0044,157,201,7.0,136
2024-08-12,SKU0044,138,0,7.0,136
2024-08-19,SKU0044,169,188,7.0,136
2024-08-26,SKU0044,150,0,7.0,136
2024-09-02,SKU0044,135,251,7.0,136
2024-09-09,SKU0044,150,195,7.0,136
2024-09-16,SKU0044,131,153,7.0,136
2024-09-23,SKU0044,178,221,7.0,136
2024-09-30,SKU0044,197,283,7.0,136
2024-10-07,SKU0044,174,217,7.0,136
2024-10-14,SKU0044,158,0,7.0,136
2024-10-21,SKU0044,179,156,7.0,136
2024-10-28,SKU0044,172,193,7.0,136
2024-11-04,SKU0044,203,232,7.0,136
2024-11-11,SKU0044,151,0,7.0,136
2024-11-18,SKU0044,118,175,7.0,136
2024-11-25,SKU0044,129,261,7.0,136
2024-12-02,SKU0044,166,285,7.0,136
2024-12-09,SKU0044,146,133,7.0,136
2024-12-16,SKU0044,150,235,7.0,136
2024-12-23,SKU0044,100,152,7.0,136
2024-12-30,SKU0044,72,202,7.0,136
2025-01-06,SKU0044,47,140,7.0,136
2025-01-13,SKU0044,69,233,7.0,136
2025-01-20,SKU0044,94,127,7.0,136
2025-01-27,SKU0044,132,211,7.0,136
2025-02-03,SKU0044,171,189,7.0,136
2025-02-10,SKU0044,188,188,7.0,136
2025-02-17,SKU0044,149,160,7.0,136
2025-02-24,SKU0044,169,149,7.0,136
2025-03-03,SKU0044,153,152,7.0,136
2025-03-10,SKU0044,100,132,7.0,136
2025-03-17,SKU0044,135,278,7.0,136
2025-03-24,SKU0044,83,149,7.0,136
2025-03-31,SKU0044,147,262,7.0,136
2025-04-07,SKU0044,103,165,7.0,136
2025-04-14,SKU0044,104,214,7.0,136
2025-04-21,SKU0044,89,143,7.0,136
2025-04-28,SKU0044,107,274,7.0,136
2025-05-05,SKU0044,105,125,7.0,136
2025-05-12,SKU0044,105,267,7.0,136
2025-05-19,SKU0044,57,107,7.0,136
2025-05-26,SKU0044,67,224,7.0,136
2025-06-02,SKU0044,72,121,7.0,136
2025-06-09,SKU0044,38,127,7.0,136
2025-06-16,SKU0044,61,205,7.0,136
2025-06-23,SKU0044,82,275,7.0,136
2025-06-30,SKU0044,84,283,7.0,136
2025-07-07,SKU0044,103,163,7.0,136
2025-07-14,SKU0044,56,102,7.0,136
2025-07-21,SKU0044,89,145,7.0,136
2025-07-28,SKU0044,86,128,7.0,136
2025-08-04,SKU0044,104,129,7.0,136
2025-08-11,SKU0044,149,257,7.0,136
2025-08-18,SKU0044,135,213,7.0,136
2025-08-25,SKU0044,139,244,7.0,136
2025-09-01,SKU0044,151,234,7.0,136
2025-09-08,SKU0044,155,135,7.0,136
2025-09-15,SKU0044,185,218,7.0,136
2025-09-22,SKU0044,180,154,7.0,136
2025-09-29,SKU0044,151,0,7.0,136
2025-10-06,SKU0044,137,0,7.0,136
2025-10-13,SKU0044,133,225,7.0,136
2025-10-20,SKU0044,115,106,7.0,136
2025-10-27,SKU0044,187,279,7.0,136
2025-11-03,SKU0044,191,272,7.0,136
2025-11-10,SKU0044,145,135,7.0,136
2025-11-17,SKU0044,208,296,7.0,136
2025-11-24,SKU0044,168,0,7.0,136
2025-12-01,SKU0044,157,0,7.0,136
2025-12-08,SKU0044,145,287,7.0,136
2025-12-15,SKU0044,156,221,7.0,136
2025-12-22,SKU0044,139,0,7.0,136
2025-12-29,SKU0044,153,233,7.0,136
2024-10-28,SKU0045,200,0,14.0,47
2024-11-04,SKU0045,160,0,14.0,47
2024-11-11,SKU0045,137,0,14.0,47
2024-11-18,SKU0045,124,0,14.0,47
2024-11-25,SKU0045,63,0,14.0,47
2024-12-02,SKU0045,50,0,14.0,47
2024-12-09,SKU0045,56,189,14.0,47
2024-12-16,SKU0045,96,237,14.0,47
2024-12-23,SKU0045,78,157,14.0,47
2024-12-30,SKU0045,55,0,14.0,47
2025-01-06,SKU0045,103,278,14.0,47
2025-01-13,SKU0045,57,151,14.0,47
2025-01-20,SKU0045,73,125,14.0,47
2025-01-27,SKU0045,82,275,14.0,47
2025-02-03,SKU0045,50,169,14.0,47
2025-02-10,SKU0045,61,203,14.0,47
2025-02-17,SKU0045,84,237,14.0,47
2025-02-24,SKU0045,63,0,14.0,47
2025-03-03,SKU0045,38,128,14.0,47
2025-03-10,SKU0045,111,279,14.0,47
2025-03-17,SKU0045,52,0,14.0,47
2025-03-24,SKU0045,107,289,14.0,47
2025-03-31,SKU0045,93,0,14.0,47
2025-04-07,SKU0045,64,0,14.0,47
2025-04-14,SKU0045,87,292,14.0,47
2025-04-21,SKU0045,70,212,14.0,47
2025-04-28,SKU0045,86,203,14.0,47
2025-05-05,SKU0045,60,112,14.0,47
2025-05-12,SKU0045,42,121,14.0,47
2025-05-19,SKU0045,61,205,14.0,47
2025-05-26,SKU0045,50,0,14.0,47
2025-06-02,SKU0045,69,230,14.0,47
2025-06-09,SKU0045,48,0,14.0,47
2025-06-16,SKU0045,87,230,14.0,47
2025-06-23,SKU0045,56,189,14.0,47
2025-06-30,SKU0045,84,245,14.0,47
2025-07-07,SKU0045,51,173,14.0,47
2025-07-14,SKU0045,62,145,14.0,47
2025-07-21,SKU0045,53,179,14.0,47
2025-07-28,SKU0045,33,111,14.0,47
2025-08-04,SKU0045,77,257,14.0,47
2025-08-11,SKU0045,102,258,14.0,47
2025-08-18,SKU0045,85,0,14.0,47
2025-08-25,SKU0045,54,117,14.0,47
2025-09-01,SKU0045,87,200,14.0,47
2025-09-08,SKU0045,77,218,14.0,47
2025-09-15,SKU0045,75,252,14.0,47
2025-09-22,SKU0045,107,208,14.0,47
2025-09-29,SKU0045,82,0,14.0,47
2025-10-06,SKU0045,96,203,14.0,47
2025-10-13,SKU0045,76,114,14.0,47
2025-10-20,SKU0045,98,249,14.0,47
2025-10-27,SKU0045,42,127,14.0,47
2025-11-03,SKU0045,77,258,14.0,47
2025-11-10,SKU0045,87,202,14.0,47
2025-11-17,SKU0045,126,274,14.0,47
2025-11-24,SKU0045,135,299,14.0,47
2025-12-01,SKU0045,71,0,14.0,47
2025-12-08,SKU0045,67,213,14.0,47
2025-12-15,SKU0045,66,223,14.0,47
2025-12-22,SKU0045,49,0,14.0,47
2025-12-29,SKU0045,47,157,14.0,47
2024-01-01,SKU0046,94,0,7.0,80
2024-01-08,SKU0046,132,236,7.0,80
2024-01-15,SKU0046,106,169,7.0,80
2024-01-22,SKU0046,89,0,7.0,80
2024-01-29,SKU0046,163,292,7.0,80
2024-02-05,SKU0046,80,0,7.0,80
2024-02-12,SKU0046,83,134,7.0,80
2024-02-19,SKU0046,85,206,7.0,80
2024-02-26,SKU0046,121,203,7.0,80
2024-03-04,SKU0046,132,295,7.0,80
2024-03-11,SKU0046,122,0,7.0,80
2024-03-18,SKU0046,147,254,7.0,80
2024-03-25,SKU0046,128,169,7.0,80
2024-04-01,SKU0046,78,135,7.0,80
2024-04-08,SKU0046,79,266,7.0,80
2024-04-15,SKU0046,96,127,7.0,80
2024-04-22,SKU0046,83,0,7.0,80
2024-04-29,SKU0046,68,109,7.0,80
2024-05-06,SKU0046,86,230,7.0,80
2024-05-13,SKU0046,84,133,7.0,80
2024-05-20,SKU0046,113,220,7.0,80
2024-05-27,SKU0046,123,259,7.0,80
2024-06-03,SKU0046,130,258,7.0,80
2024-06-10,SKU0046,79,107,7.0,80
2024-06-17,SKU0046,62,207,7.0,80
2024-06-24,SKU0046,88,296,7.0,80
2024-07-01,SKU0046,125,292,7.0,80
2024-07-08,SKU0046,146,264,7.0,80
2024-07-15,SKU0046,91,0,7.0,80
2024-07-22,SKU0046,48,147,7.0,80
2024-07-29,SKU0046,101,289,7.0,80
2024-08-05,SKU0046,88,0,7.0,80
2024-08-12,SKU0046,120,254,7.0,80
2024-08-19,SKU0046,117,265,7.0,80
2024-08-26,SKU0046,122,209,7.0,80
2024-09-02,SKU0046,93,0,7.0,80
2024-09-09,SKU0046,33,112,7.0,80
2024-09-16,SKU0046,57,193,7.0,80
2024-09-23,SKU0046,38,127,7.0,80
2024-09-30,SKU0046,67,184,7.0,80
2024-10-07,SKU0046,96,269,7.0,80
2024-10-14,SKU0046,122,269,7.0,80
2024-10-21,SKU0046,120,273,7.0,80
2024-10-28,SKU0046,102,0,7.0,80
2024-11-04,SKU0046,108,174,7.0,80
2024-11-11,SKU0046,108,182,7.0,80
2024-11-18,SKU0046,80,0,7.0,80
2024-11-25,SKU0046,46,154,7.0,80
2024-12-02,SKU0046,79,266,7.0,80
2024-12-09,SKU0046,42,140,7.0,80
2024-12-16,SKU0046,68,216,7.0,80
2024-12-23,SKU0046,80,267,7.0,80
2024-12-30,SKU0046,99,123,7.0,80
2025-01-06,SKU0046,131,277,7.0,80
2025-01-13,SKU0046,101,151,7.0,80
2025-01-20,SKU0046,127,204,7.0,80
2025-01-27,SKU0046,109,147,7.0,80
2025-02-03,SKU0046,56,111,7.0,80
2025-02-10,SKU0046,89,261,7.0,80
2025-02-17,SKU0046,71,102,7.0,80
2025-02-24,SKU0046,55,184,7.0,80
2025-03-03,SKU0046,74,249,7.0,80
2025-03-10,SKU0046,112,207,7.0,80
2025-03-17,SKU0046,102,130,7.0,80
2025-03-24,SKU0046,65,106,7.0,80
2025-03-31,SKU0046,46,155,7.0,80
2025-04-07,SKU0046,44,109,7.0,80
2025-04-14,SKU0046,84,281,7.0,80
2025-04-21,SKU0046,90,281,7.0,80
2025-04-28,SKU0046,87,221,7.0,80
2025-05-05,SKU0046,106,253,7.0,80
2025-05-12,SKU0046,116,176,7.0,80
2025-05-19,SKU0046,138,203,7.0,80
2025-05-26,SKU0046,122,0,7.0,80
2025-06-02,SKU0046,107,161,7.0,80
2025-06-09,SKU0046,112,268,7.0,80
2025-06-16,SKU0046,72,121,7.0,80
2025-06-23,SKU0046,79,158,7.0,80
2025-06-30,SKU0046,85,154,7.0,80
2025-07-07,SKU0046,84,118,7.0,80
2025-07-14,SKU0046,69,230,7.0,80
2025-07-21,SKU0046,68,181,7.0,80
2025-07-28,SKU0046,71,237,7.0,80
2025-08-04,SKU0046,66,221,7.0,80
2025-08-11,SKU0046,83,278,7.0,80
2025-08-18,SKU0046,71,164,7.0,80
2025-08-25,SKU0046,67,224,7.0,80
2025-09-01,SKU0046,37,125,7.0,80
2025-09-08,SKU0046,49,125,7.0,80
2025-09-15,SKU0046,88,294,7.0,80
2025-09-22,SKU0046,108,207,7.0,80
2025-09-29,SKU0046,90,248,7.0,80
2025-10-06,SKU0046,70,117,7.0,80
2025-10-13,SKU0046,85,161,7.0,80
2025-10-20,SKU0046,120,178,7.0,80
2025-10-27,SKU0046,86,194,7.0,80
2025-11-03,SKU0046,113,268,7.0,80
2025-11-10,SKU0046,82,0,7.0,80
2025-11-17,SKU0046,131,249,7.0,80
2025-11-24,SKU0046,91,0,7.0,80
2025-12-01,SKU0046,85,227,7.0,80
2025-12-08,SKU0046,67,223,7.0,80
2025-12-15,SKU0046,79,265,7.0,80
2025-12-22,SKU0046,57,190,7.0,80
2025-12-29,SKU0046,69,146,7.0,80
2024-01-01,SKU0047,190,0,7.0,83
2024-01-08,SKU0047,151,0,7.0,83
2024-01-15,SKU0047,94,102,7.0,83
2024-01-22,SKU0047,79,262,7.0,83
2024-01-29,SKU0047,75,205,7.0,83
2024-02-05,SKU0047,83,171,7.0,83
2024-02-12,SKU0047,89,181,7.0,83
2024-02-19,SKU0047,60,164,7.0,83
2024-02-26,SKU0047,57,193,7.0,83
2024-03-04,SKU0047,34,114,7.0,83
2024-03-11,SKU0047,92,271,7.0,83
2024-03-18,SKU0047,94,184,7.0,83
2024-03-25,SKU0047,117,230,7.0,83
2024-04-01,SKU0047,123,181,7.0,83
2024-04-08,SKU0047,108,0,7.0,83
2024-04-15,SKU0047,55,156,7.0,83
2024-04-22,SKU0047,106,248,7.0,83
2024-04-29,SKU0047,117,197,7.0,83
2024-05-06,SKU0047,133,286,7.0,83
2024-05-13,SKU0047,95,0,7.0,83
2024-05-20,SKU0047,76,251,7.0,83
2024-05-27,SKU0047,51,128,7.0,83
2024-06-03,SKU0047,49,166,7.0,83
2024-06-10,SKU0047,82,178,7.0,83
2024-06-17,SKU0047,90,177,7.0,83
2024-06-24,SKU0047,151,269,7.0,83
2024-07-01,SKU0047,137,248,7.0,83
2024-07-08,SKU0047,117,0,7.0,83
2024-07-15,SKU0047,101,0,7.0,83
2024-07-22,SKU0047,77,163,7.0,83
2024-07-29,SKU0047,127,265,7.0,83
2024-08-05,SKU0047,115,160,7.0,83
2024-08-12,SKU0047,118,254,,83
2024-08-19,SKU0047,97,104,7.0,83
2024-08-26,SKU0047,71,169,7.0,83
2024-09-02,SKU0047,99,133,7.0,83
2024-09-09,SKU0047,132,185,7.0,83
2024-09-16,SKU0047,100,140,7.0,83
2024-09-23,SKU0047,131,194,7.0,83
2024-09-30,SKU0047,96,0,7.0,83
2024-10-07,SKU0047,106,186,7.0,83
2024-10-14,SKU0047,62,126,7.0,83
2024-10-21,SKU0047,110,231,7.0,83
2024-10-28,SKU0047,125,277,7.0,83
2024-11-04,SKU0047,91,0,7.0,83
2024-11-11,SKU0047,52,175,7.0,83
2024-11-18,SKU0047,69,143,7.0,83
2024-11-25,SKU0047,79,167,7.0,83
2024-12-02,SKU0047,137,237,7.0,83
2024-12-09,SKU0047,79,110,7.0,83
2024-12-16,SKU0047,102,243,7.0,83
2024-12-23,SKU0047,119,257,7.0,83
2024-12-30,SKU0047,106,0,7.0,83
2025-01-06,SKU0047,134,236,7.0,83
2025-01-13,SKU0047,99,0,7.0,83
2025-01-20,SKU0047,65,176,7.0,83
2025-01-27,SKU0047,94,213,7.0,83
2025-02-03,SKU0047,85,145,7.0,83
2025-02-10,SKU0047,76,255,7.0,83
2025-02-17,SKU0047,54,182,7.0,83
2025-02-24,SKU0047,58,196,7.0,83
2025-03-03,SKU0047,63,211,7.0,83
2025-03-10,SKU0047,101,269,7.0,83
2025-03-17,SKU0047,121,204,7.0,83
2025-03-24,SKU0047,109,0,7.0,83
2025-03-31,SKU0047,128,161,7.0,83
2025-04-07,SKU0047,120,186,7.0,83
2025-04-14,SKU0047,120,278,7.0,83
2025-04-21,SKU0047,90,0,7.0,83
2025-04-28,SKU0047,41,127,7.0,83
2025-05-05,SKU0047,51,171,,83
2025-05-12,SKU0047,72,110,7.0,83
2025-05-19,SKU0047,90,286,7.0,83
2025-05-26,SKU0047,56,136,7.0,83
2025-06-02,SKU0047,38,128,7.0,83
2025-06-09,SKU0047,70,166,7.0,83
2025-06-16,SKU0047,111,216,7.0,83
2025-06-23,SKU0047,123,288,7.0,83
2025-06-30,SKU0047,117,242,7.0,83
2025-07-07,SKU0047,104,276,7.0,83
2025-07-14,SKU0047,119,191,7.0,83
2025-07-21,SKU0047,95,242,7.0,83
2025-07-28,SKU0047,84,164,7.0,83
2025-08-04,SKU0047,109,289,7.0,83
2025-08-11,SKU0047,101,192,7.0,83
2025-08-18,SKU0047,144,257,7.0,83
2025-08-25,SKU0047,113,221,7.0,83
2025-09-01,SKU0047,105,178,7.0,83
2025-09-08,SKU0047,108,277,7.0,83
2025-09-15,SKU0047,101,230,7.0,83
2025-09-22,SKU0047,54,155,7.0,83
2025-09-29,SKU0047,81,271,7.0,83
2025-10-06,SKU0047,107,180,7.0,83
2025-10-13,SKU0047,87,0,7.0,83
2025-10-20,SKU0047,36,117,7.0,83
2025-10-27,SKU0047,75,253,7.0,83
2025-11-03,SKU0047,128,225,7.0,83
2025-11-10,SKU0047,127,286,7.0,83
2025-11-17,SKU0047,96,0,7.0,83
2025-11-24,SKU0047,84,0,7.0,83
2025-12-01,SKU0047,88,196,7.0,83
2025-12-08,SKU0047,119,192,7.0,83
2025-12-15,SKU0047,92,164,7.0,83
2025-12-22,SKU0047,52,162,7.0,83
2025-12-29,SKU0047,54,182,7.0,83
2024-01-01,SKU0048,117,0,14.0,57
2024-01-08,SKU0048,99,0,14.0,57
2024-01-15,SKU0048,76,0,14.0,57
2024-01-22,SKU0048,46,154,14.0,57
2024-01-29,SKU0048,44,149,14.0,57
2024-02-05,SKU0048,86,287,14.0,57
2024-02-12,SKU0048,68,135,14.0,57
2024-02-19,SKU0048,86,259,14.0,57
2024-02-26,SKU0048,57,0,14.0,57
2024-03-04,SKU0048,102,248,14.0,57
2024-03-11,SKU0048,52,141,14.0,57
2024-03-18,SKU0048,92,287,14.0,57
2024-03-25,SKU0048,102,241,14.0,57
2024-04-01,SKU0048,52,143,14.0,57
2024-04-08,SKU0048,64,123,14.0,57
2024-04-15,SKU0048,86,287,14.0,57
2024-04-22,SKU0048,79,228,14.0,57
2024-04-29,SKU0048,83,219,,57
2024-05-06,SKU0048,93,218,14.0,57
2024-05-13,SKU0048,66,102,14.0,57
2024-05-20,SKU0048,100,194,14.0,57
2024-05-27,SKU0048,78,0,14.0,57
2024-06-03,SKU0048,39,133,14.0,57
2024-06-10,SKU0048,61,204,14.0,57
2024-06-17,SKU0048,78,260,14.0,57
2024-06-24,SKU0048,87,137,14.0,57
2024-07-01,SKU0048,73,238,14.0,57
2024-07-08,SKU0048,83,193,14.0,57
2024-07-15,SKU0048,88,275,14.0,57
2024-07-22,SKU0048,85,157,14.0,57
2024-07-29,SKU0048,87,180,14.0,57
2024-08-05,SKU0048,59,0,14.0,57
2024-08-12,SKU0048,54,182,14.0,57
2024-08-19,SKU0048,58,170,14.0,57
2024-08-26,SKU0048,63,211,14.0,57
2024-09-02,SKU0048,134,294,14.0,57
2024-09-09,SKU0048,101,0,,57
2024-09-16,SKU0048,68,126,14.0,57
2024-09-23,SKU0048,135,287,14.0,57
2024-09-30,SKU0048,71,0,14.0,57
2024-10-07,SKU0048,122,235,14.0,57
2024-10-14,SKU0048,98,0,14.0,57
2024-10-21,SKU0048,62,147,14.0,57
2024-10-28,SKU0048,38,128,14.0,57
2024-11-04,SKU0048,74,247,14.0,57
2024-11-11,SKU0048,95,274,14.0,57
2024-11-18,SKU0048,57,163,14.0,57
2024-11-25,SKU0048,35,119,14.0,57
2024-12-02,SKU0048,49,166,14.0,57
2024-12-09,SKU0048,56,167,14.0,57
2024-12-16,SKU0048,46,100,14.0,57
2024-12-23,SKU0048,58,103,14.0,57
2024-12-30,SKU0048,88,177,14.0,57
2025-01-06,SKU0048,105,287,14.0,57
2025-01-13,SKU0048,93,151,14.0,57
2025-01-20,SKU0048,91,129,14.0,57
2025-01-27,SKU0048,63,0,14.0,57
2025-02-03,SKU0048,60,120,14.0,57
2025-02-10,SKU0048,87,238,14.0,57
2025-02-17,SKU0048,105,233,14.0,57
2025-02-24,SKU0048,88,0,14.0,57
2025-03-03,SKU0048,77,0,14.0,57
2025-03-10,SKU0048,66,189,14.0,57
2025-03-17,SKU0048,55,180,14.0,57
2025-03-24,SKU0048,85,284,14.0,57
2025-03-31,SKU0048,89,297,14.0,57
2025-04-07,SKU0048,62,0,14.0,57
2025-04-14,SKU0048,88,239,14.0,57
2025-04-21,SKU0048,144,299,14.0,57
2025-04-28,SKU0048,66,0,14.0,57
2025-05-05,SKU0048,57,192,14.0,57
2025-05-12,SKU0048,114,289,14.0,57
2025-05-19,SKU0048,71,0,14.0,57
2025-05-26,SKU0048,57,0,14.0,57
2025-06-02,SKU0048,87,134,14.0,57
2025-06-09,SKU0048,91,171,14.0,57
2025-06-16,SKU0048,62,139,14.0,57
2025-06-23,SKU0048,51,170,14.0,57
2025-06-30,SKU0048,44,149,14.0,57
2025-07-07,SKU0048,73,186,14.0,57
2025-07-14,SKU0048,88,296,14.0,57
2025-07-21,SKU0048,82,257,14.0,57
2025-07-28,SKU0048,91,185,14.0,57
2025-08-04,SKU0048,94,254,14.0,57
2025-08-11,SKU0048,70,0,14.0,57
2025-08-18,SKU0048,45,152,14.0,57
2025-08-25,SKU0048,53,178,14.0,57
2025-09-01,SKU0048,40,109,14.0,57
2025-09-08,SKU0048,60,203,14.0,57
2025-09-15,SKU0048,101,170,14.0,57
2025-09-22,SKU0048,68,151,14.0,57
2025-09-29,SKU0048,58,139,14.0,57
2025-10-06,SKU0048,69,230,14.0,57
2025-10-13,SKU0048,49,165,14.0,57
2025-10-20,SKU0048,72,190,14.0,57
2025-10-27,SKU0048,121,261,14.0,57
2025-11-03,SKU0048,95,0,14.0,57
2025-11-10,SKU0048,93,250,14.0,57
2025-11-17,SKU0048,81,206,14.0,57
2025-11-24,SKU0048,64,177,14.0,57
2025-12-01,SKU0048,31,106,14.0,57
2025-12-08,SKU0048,76,218,14.0,57
2025-12-15,SKU0048,103,245,14.0,57
2025-12-22,SKU0048,81,0,14.0,57
2025-12-29,SKU0048,56,105,14.0,57
2024-06-03,SKU0049,374,0,14.0,145
2024-06-10,SKU0049,351,0,14.0,145
2024-06-17,SKU0049,309,0,14.0,145
2024-06-24,SKU0049,285,0,14.0,145
2024-07-01,SKU0049,233,0,14.0,145
2024-07-08,SKU0049,157,0,14.0,145
2024-07-15,SKU0049,173,194,14.0,145
2024-07-22,SKU0049,175,149,14.0,145
2024-07-29,SKU0049,175,299,14.0,145
2024-08-05,SKU0049,216,266,,145
2024-08-12,SKU0049,172,144,14.0,145
2024-08-19,SKU0049,154,106,14.0,145
2024-08-26,SKU0049,176,143,14.0,145
2024-09-02,SKU0049,184,199,14.0,145
2024-09-09,SKU0049,131,140,14.0,145
2024-09-16,SKU0049,88,171,14.0,145
2024-09-23,SKU0049,88,194,14.0,145
2024-09-30,SKU0049,54,118,14.0,145
2024-10-07,SKU0049,54,120,14.0,145
2024-10-14,SKU0049,68,218,14.0,145
2024-10-21,SKU0049,30,101,14.0,145
2024-10-28,SKU0049,67,224,14.0,145
2024-11-04,SKU0049,79,168,14.0,145
2024-11-11,SKU0049,80,106,14.0,145
2024-11-18,SKU0049,130,235,,145
2024-11-25,SKU0049,171,230,14.0,145
2024-12-02,SKU0049,210,220,14.0,145
2024-12-09,SKU0049,161,0,14.0,145
2024-12-16,SKU0049,168,176,14.0,145
2024-12-23,SKU0049,218,267,14.0,145
2024-12-30,SKU0049,160,0,14.0,145
2025-01-06,SKU0049,137,180,14.0,145
2025-01-13,SKU0049,114,256,14.0,145
2025-01-20,SKU0049,85,185,14.0,145
2025-01-27,SKU0049,140,286,14.0,145
2025-02-03,SKU0049,180,273,14.0,145
2025-02-10,SKU0049,151,0,14.0,145
2025-02-17,SKU0049,124,126,14.0,145
2025-02-24,SKU0049,128,153,14.0,145
2025-03-03,SKU0049,67,102,14.0,145
2025-03-10,SKU0049,66,199,14.0,145
2025-03-17,SKU0049,106,273,14.0,145
2025-03-24,SKU0049,123,175,14.0,145
2025-03-31,SKU0049,59,111,14.0,145
2025-04-07,SKU0049,66,222,14.0,145
2025-04-14,SKU0049,72,180,14.0,145
2025-04-21,SKU0049,60,197,14.0,145
2025-04-28,SKU0049,94,271,14.0,145
2025-05-05,SKU0049,142,208,14.0,145
2025-05-12,SKU0049,121,159,14.0,145
2025-05-19,SKU0049,133,232,14.0,145
2025-05-26,SKU0049,92,175,14.0,145
2025-06-02,SKU0049,42,143,14.0,145
2025-06-09,SKU0049,66,221,14.0,145
2025-06-16,SKU0049,55,128,14.0,145
2025-06-23,SKU0049,85,238,14.0,145
2025-06-30,SKU0049,112,249,14.0,145
2025-07-07,SKU0049,86,184,14.0,145
2025-07-14,SKU0049,72,177,14.0,145
2025-07-21,SKU0049,115,235,14.0,145
2025-07-28,SKU0049,140,233,14.0,145
2025-08-04,SKU0049,149,254,14.0,145
2025-08-11,SKU0049,193,286,14.0,145
2025-08-18,SKU0049,147,114,14.0,145
2025-08-25,SKU0049,143,285,14.0,145
2025-09-01,SKU0049,180,202,14.0,145
2025-09-08,SKU0049,218,268,14.0,145
2025-09-15,SKU0049,194,0,14.0,145
2025-09-22,SKU0049,147,0,14.0,145
2025-09-29,SKU0049,84,102,14.0,145
2025-10-06,SKU0049,123,169,14.0,145
2025-10-13,SKU0049,135,145,14.0,145
2025-10-20,SKU0049,176,297,14.0,145
2025-10-27,SKU0049,132,134,14.0,145
2025-11-03,SKU0049,136,115,14.0,145
2025-11-10,SKU0049,113,122,14.0,145
2025-11-17,SKU0049,69,134,14.0,145
2025-11-24,SKU0049,33,112,14.0,145
2025-12-01,SKU0049,81,273,14.0,145
2025-12-08,SKU0049,70,220,14.0,145
2025-12-15,SKU0049,37,124,14.0,145
2025-12-22,SKU0049,59,197,14.0,145
2025-12-29,SKU0049,118,264,,145
2024-01-01,SKU0050,126,105,30.0,127
2024-01-08,SKU0050,105,158,30.0,127
2024-01-15,SKU0050,64,155,30.0,127
2024-01-22,SKU0050,75,251,30.0,127
2024-01-29,SKU0050,97,281,30.0,127
2024-02-05,SKU0050,165,262,30.0,127
2024-02-12,SKU0050,135,0,30.0,127
2024-02-19,SKU0050,179,287,30.0,127
2024-02-26,SKU0050,135,0,30.0,127
2024-03-04,SKU0050,103,135,30.0,127
2024-03-11,SKU0050,174,284,30.0,127
2024-03-18,SKU0050,161,0,30.0,127
2024-03-25,SKU0050,186,232,30.0,127
2024-04-01,SKU0050,129,0,30.0,127
2024-04-08,SKU0050,179,246,30.0,127
2024-04-15,SKU0050,144,0,30.0,127
2024-04-22,SKU0050,84,111,30.0,127
2024-04-29,SKU0050,123,294,30.0,127
2024-05-06,SKU0050,141,193,30.0,127
2024-05-13,SKU0050,138,266,30.0,127
2024-05-20,SKU0050,99,189,30.0,127
2024-05-27,SKU0050,125,137,30.0,127
2024-06-03,SKU0050,123,156,30.0,127
2024-06-10,SKU0050,164,199,30.0,127
2024-06-17,SKU0050,145,0,30.0,127
2024-06-24,SKU0050,191,276,30.0,127
2024-07-01,SKU0050,162,130,30.0,127
2024-07-08,SKU0050,157,295,30.0,127
2024-07-15,SKU0050,119,139,30.0,127
2024-07-22,SKU0050,97,258,30.0,127
2024-07-29,SKU0050,125,299,30.0,127
2024-08-05,SKU0050,137,146,30.0,127
2024-08-12,SKU0050,125,253,30.0,127
2024-08-19,SKU0050,161,250,30.0,127
2024-08-26,SKU0050,180,187,30.0,127
2024-09-02,SKU0050,190,237,30.0,127
2024-09-09,SKU0050,158,0,30.0,127
2024-09-16,SKU0050,157,269,30.0,127
2024-09-23,SKU0050,154,206,30.0,127
2024-09-30,SKU0050,179,216,30.0,127
2024-10-07,SKU0050,190,277,30.0,127
2024-10-14,SKU0050,145,0,30.0,127
2024-10-21,SKU0050,178,236,30.0,127
2024-10-28,SKU0050,167,0,30.0,127
2024-11-04,SKU0050,147,0,30.0,127
2024-11-11,SKU0050,175,252,30.0,127
2024-11-18,SKU0050,163,225,30.0,127
2024-11-25,SKU0050,168,284,30.0,127
2024-12-02,SKU0050,105,111,30.0,127
2024-12-09,SKU0050,147,234,30.0,127
2024-12-16,SKU0050,134,257,30.0,127
2024-12-23,SKU0050,129,147,30.0,127
2024-12-30,SKU0050,147,163,30.0,127
2025-01-06,SKU0050,187,273,30.0,127
2025-01-13,SKU0050,176,0,30.0,127
2025-01-20,SKU0050,161,187,30.0,127
2025-01-27,SKU0050,151,0,30.0,127
2025-02-03,SKU0050,121,160,30.0,127
2025-02-10,SKU0050,155,243,30.0,127
2025-02-17,SKU0050,131,0,30.0,127
2025-02-24,SKU0050,111,264,30.0,127
2025-03-03,SKU0050,156,197,30.0,127
2025-03-10,SKU0050,160,282,30.0,127
2025-03-17,SKU0050,126,155,30.0,127
2025-03-24,SKU0050,93,182,30.0,127
2025-03-31,SKU0050,85,139,30.0,127
2025-04-07,SKU0050,107,225,30.0,127
2025-04-14,SKU0050,70,102,30.0,127
2025-04-21,SKU0050,39,130,30.0,127
2025-04-28,SKU0050,30,100,30.0,127
2025-05-05,SKU0050,76,255,30.0,127
2025-05-12,SKU0050,106,243,30.0,127
2025-05-19,SKU0050,60,164,30.0,127
2025-05-26,SKU0050,51,171,30.0,127
2025-06-02,SKU0050,39,130,30.0,127
2025-06-09,SKU0050,54,181,30.0,127
2025-06-16,SKU0050,49,142,30.0,127
2025-06-23,SKU0050,30,102,30.0,127
2025-06-30,SKU0050,45,152,30.0,127
2025-07-07,SKU0050,37,126,30.0,127
2025-07-14,SKU0050,88,295,30.0,127
2025-07-21,SKU0050,80,219,30.0,127
2025-07-28,SKU0050,51,171,30.0,127
2025-08-04,SKU0050,77,146,30.0,127
2025-08-11,SKU0050,51,170,30.0,127
2025-08-18,SKU0050,60,200,30.0,127
2025-08-25,SKU0050,76,103,30.0,127
2025-09-01,SKU0050,70,109,30.0,127
2025-09-08,SKU0050,60,203,30.0,127
2025-09-15,SKU0050,37,125,30.0,127
2025-09-22,SKU0050,87,291,30.0,127
2025-09-29,SKU0050,54,158,30.0,127
2025-10-06,SKU0050,52,174,30.0,127
2025-10-13,SKU0050,69,231,30.0,127
2025-10-20,SKU0050,85,172,30.0,127
2025-10-27,SKU0050,105,258,30.0,127
2025-11-03,SKU0050,80,162,30.0,127
2025-11-10,SKU0050,94,248,30.0,127
2025-11-17,SKU0050,148,253,30.0,127
2025-11-24,SKU0050,144,215,30.0,127
2025-12-01,SKU0050,108,210,30.0,127
2025-12-08,SKU0050,96,223,30.0,127
2025-12-15,SKU0050,52,149,30.0,127
2025-12-22,SKU0050,52,175,30.0,127
2025-12-29,SKU0050,30,100,30.0,127
2024-10-28,SKU0051,324,0,14.0,38
2024-11-04,SKU0051,243,0,14.0,38
2024-11-11,SKU0051,220,0,14.0,38
2024-11-18,SKU0051,192,0,14.0,38
2024-11-25,SKU0051,178,0,14.0,38
2024-12-02,SKU0051,128,0,14.0,38
2024-12-09,SKU0051,92,0,14.0,38
2024-12-16,SKU0051,93,277,14.0,38
2024-12-23,SKU0051,94,274,14.0,38
2024-12-30,SKU0051,83,0,14.0,38
2025-01-06,SKU0051,95,194,14.0,38
2025-01-13,SKU0051,80,0,14.0,38
2025-01-20,SKU0051,43,0,14.0,38
2025-01-27,SKU0051,86,289,14.0,38
2025-02-03,SKU0051,71,239,14.0,38
2025-02-10,SKU0051,88,194,14.0,38
2025-02-17,SKU0051,118,297,14.0,38
2025-02-24,SKU0051,47,0,14.0,38
2025-03-03,SKU0051,83,222,14.0,38
2025-03-10,SKU0051,120,279,14.0,38
2025-03-17,SKU0051,45,0,14.0,38
2025-03-24,SKU0051,62,208,14.0,38
2025-03-31,SKU0051,69,230,14.0,38
2025-04-07,SKU0051,56,0,14.0,38
2025-04-14,SKU0051,48,159,14.0,38
2025-04-21,SKU0051,41,137,14.0,38
2025-04-28,SKU0051,59,166,14.0,38
2025-05-05,SKU0051,67,127,14.0,38
2025-05-12,SKU0051,58,164,14.0,38
2025-05-19,SKU0051,42,0,14.0,38
2025-05-26,SKU0051,36,121,14.0,38
2025-06-02,SKU0051,98,254,14.0,38
2025-06-09,SKU0051,69,0,14.0,38
2025-06-16,SKU0051,46,114,14.0,38
2025-06-23,SKU0051,88,296,14.0,38
2025-06-30,SKU0051,41,0,14.0,38
2025-07-07,SKU0051,106,264,14.0,38
2025-07-14,SKU0051,91,188,14.0,38
2025-07-21,SKU0051,45,101,14.0,38
2025-07-28,SKU0051,60,148,14.0,38
2025-08-04,SKU0051,81,270,14.0,38
2025-08-11,SKU0051,79,230,14.0,38
2025-08-18,SKU0051,60,200,14.0,38
2025-08-25,SKU0051,62,209,14.0,38
2025-09-01,SKU0051,82,275,14.0,38
2025-09-08,SKU0051,64,0,14.0,38
2025-09-15,SKU0051,72,149,14.0,38
2025-09-22,SKU0051,47,111,14.0,38
2025-09-29,SKU0051,92,287,14.0,38
2025-10-06,SKU0051,78,182,14.0,38
2025-10-13,SKU0051,51,172,14.0,38
2025-10-20,SKU0051,73,244,14.0,38
2025-10-27,SKU0051,37,126,14.0,38
2025-11-03,SKU0051,57,192,14.0,38
2025-11-10,SKU0051,54,174,14.0,38
2025-11-17,SKU0051,53,160,14.0,38
2025-11-24,SKU0051,78,232,14.0,38
2025-12-01,SKU0051,87,291,14.0,38
2025-12-08,SKU0051,73,246,14.0,38
2025-12-15,SKU0051,39,0,14.0,38
2025-12-22,SKU0051,32,109,14.0,38
2025-12-29,SKU0051,64,214,14.0,38
2024-01-01,SKU0052,297,0,21.0,126
2024-01-08,SKU0052,258,0,21.0,126
2024-01-15,SKU0052,188,0,21.0,126
2024-01-22,SKU0052,177,227,21.0,126
2024-01-29,SKU0052,146,0,21.0,126
2024-02-05,SKU0052,134,262,21.0,126
2024-02-12,SKU0052,163,295,21.0,126
2024-02-19,SKU0052,139,0,,126
2024-02-26,SKU0052,94,132,21.0,126
2024-03-04,SKU0052,88,123,21.0,126
2024-03-11,SKU0052,57,155,21.0,126
2024-03-18,SKU0052,59,168,21.0,126
2024-03-25,SKU0052,105,297,21.0,126
2024-04-01,SKU0052,94,179,21.0,126
2024-04-08,SKU0052,134,268,21.0,126
2024-04-15,SKU0052,134,122,21.0,126
2024-04-22,SKU0052,103,204,21.0,126
2024-04-29,SKU0052,158,241,21.0,126
2024-05-06,SKU0052,178,182,21.0,126
2024-05-13,SKU0052,127,0,21.0,126
2024-05-20,SKU0052,117,138,21.0,126
2024-05-27,SKU0052,134,278,21.0,126
2024-06-03,SKU0052,155,120,21.0,126
2024-06-10,SKU0052,118,177,21.0,126
2024-06-17,SKU0052,182,249,21.0,126
2024-06-24,SKU0052,132,161,21.0,126
2024-07-01,SKU0052,108,178,21.0,126
2024-07-08,SKU0052,142,268,21.0,126
2024-07-15,SKU0052,187,235,21.0,126
2024-07-22,SKU0052,157,0,21.0,126
2024-07-29,SKU0052,158,118,21.0,126
2024-08-05,SKU0052,140,251,21.0,126
2024-08-12,SKU0052,124,193,21.0,126
2024-08-19,SKU0052,186,267,21.0,126
2024-08-26,SKU0052,137,0,21.0,126
2024-09-02,SKU0052,168,279,21.0,126
2024-09-09,SKU0052,154,0,21.0,126
2024-09-16,SKU0052,132,111,21.0,126
2024-09-23,SKU0052,151,260,21.0,126
2024-09-30,SKU0052,135,0,,126
2024-10-07,SKU0052,103,224,21.0,126
2024-10-14,SKU0052,156,235,21.0,126
2024-10-21,SKU0052,172,201,21.0,126
2024-10-28,SKU0052,136,0,21.0,126
2024-11-04,SKU0052,120,168,21.0,126
2024-11-11,SKU0052,121,192,21.0,126
2024-11-18,SKU0052,76,156,21.0,126
2024-11-25,SKU0052,62,120,21.0,126
2024-12-02,SKU0052,94,231,21.0,126
2024-12-09,SKU0052,60,193,21.0,126
2024-12-16,SKU0052,41,139,21.0,126
2024-12-23,SKU0052,76,256,21.0,126
2024-12-30,SKU0052,127,290,21.0,126
2025-01-06,SKU0052,178,206,21.0,126
2025-01-13,SKU0052,144,0,21.0,126
2025-01-20,SKU0052,95,150,21.0,126
2025-01-27,SKU0052,116,112,21.0,126
2025-02-03,SKU0052,134,280,21.0,126
2025-02-10,SKU0052,116,164,21.0,126
2025-02-17,SKU0052,158,296,21.0,126
2025-02-24,SKU0052,137,0,21.0,126
2025-03-03,SKU0052,147,104,21.0,126
2025-03-10,SKU0052,130,248,21.0,126
2025-03-17,SKU0052,187,294,21.0,126
2025-03-24,SKU0052,170,0,21.0,126
2025-03-31,SKU0052,152,0,21.0,126
2025-04-07,SKU0052,118,170,21.0,126
2025-04-14,SKU0052,146,229,21.0,126
2025-04-21,SKU0052,124,250,21.0,126
2025-04-28,SKU0052,89,184,21.0,126
2025-05-05,SKU0052,102,127,21.0,126
2025-05-12,SKU0052,80,160,21.0,126
2025-05-19,SKU0052,65,127,21.0,126
2025-05-26,SKU0052,51,161,21.0,126
2025-06-02,SKU0052,39,131,21.0,126
2025-06-09,SKU0052,79,264,21.0,126
2025-06-16,SKU0052,78,226,21.0,126
2025-06-23,SKU0052,126,214,21.0,126
2025-06-30,SKU0052,151,286,21.0,126
2025-07-07,SKU0052,102,156,21.0,126
2025-07-14,SKU0052,88,221,21.0,126
2025-07-21,SKU0052,54,165,21.0,126
2025-07-28,SKU0052,95,219,21.0,126
2025-08-04,SKU0052,111,164,21.0,126
2025-08-11,SKU0052,56,124,21.0,126
2025-08-18,SKU0052,42,103,21.0,126
2025-08-25,SKU0052,78,263,21.0,126
2025-09-01,SKU0052,44,147,21.0,126
2025-09-08,SKU0052,68,227,21.0,126
2025-09-15,SKU0052,49,146,21.0,126
2025-09-22,SKU0052,118,277,21.0,126
2025-09-29,SKU0052,101,125,21.0,126
2025-10-06,SKU0052,126,299,21.0,126
2025-10-13,SKU0052,129,212,21.0,126
2025-10-20,SKU0052,102,218,21.0,126
2025-10-27,SKU0052,96,113,21.0,126
2025-11-03,SKU0052,104,276,21.0,126
2025-11-10,SKU0052,91,140,21.0,126
2025-11-17,SKU0052,96,246,21.0,126
2025-11-24,SKU0052,69,207,21.0,126
2025-12-01,SKU0052,89,240,21.0,126
2025-12-08,SKU0052,137,241,21.0,126
2025-12-15,SKU0052,198,271,21.0,126
2025-12-22,SKU0052,166,0,21.0,126
2025-12-29,SKU0052,180,265,21.0,126
2024-01-01,SKU0053,79,133,30.0,134
2024-01-08,SKU0053,46,156,30.0,134
2024-01-15,SKU0053,57,193,30.0,134
2024-01-22,SKU0053,50,168,30.0,134
2024-01-29,SKU0053,82,241,30.0,134
2024-02-05,SKU0053,103,112,30.0,134
2024-02-12,SKU0053,77,207,30.0,134
2024-02-19,SKU0053,95,141,30.0,134
2024-02-26,SKU0053,121,283,30.0,134
2024-03-04,SKU0053,140,124,30.0,134
2024-03-11,SKU0053,195,292,30.0,134
2024-03-18,SKU0053,135,0,30.0,134
2024-03-25,SKU0053,134,209,30.0,134
2024-04-01,SKU0053,195,263,30.0,134
2024-04-08,SKU0053,176,270,30.0,134
2024-04-15,SKU0053,137,164,30.0,134
2024-04-22,SKU0053,147,179,30.0,134
2024-04-29,SKU0053,153,139,30.0,134
2024-05-06,SKU0053,159,239,30.0,134
2024-05-13,SKU0053,129,140,30.0,134
2024-05-20,SKU0053,158,192,30.0,134
2024-05-27,SKU0053,133,208,30.0,134
2024-06-03,SKU0053,190,249,30.0,134
2024-06-10,SKU0053,167,0,30.0,134
2024-06-17,SKU0053,155,0,30.0,134
2024-06-24,SKU0053,136,0,30.0,134
2024-07-01,SKU0053,172,227,30.0,134
2024-07-08,SKU0053,131,155,30.0,134
2024-07-15,SKU0053,98,162,30.0,134
2024-07-22,SKU0053,66,116,30.0,134
2024-07-29,SKU0053,108,283,30.0,134
2024-08-05,SKU0053,132,150,30.0,134
2024-08-12,SKU0053,138,258,30.0,134
2024-08-19,SKU0053,173,261,30.0,134
2024-08-26,SKU0053,130,116,30.0,134
2024-09-02,SKU0053,131,295,30.0,134
2024-09-09,SKU0053,129,290,30.0,134
2024-09-16,SKU0053,118,102,30.0,134
2024-09-23,SKU0053,127,166,30.0,134
2024-09-30,SKU0053,87,164,30.0,134
2024-10-07,SKU0053,64,145,30.0,134
2024-10-14,SKU0053,82,265,30.0,134
2024-10-21,SKU0053,56,189,30.0,134
2024-10-28,SKU0053,43,145,30.0,134
2024-11-04,SKU0053,46,154,30.0,134
2024-11-11,SKU0053,64,200,30.0,134
2024-11-18,SKU0053,84,138,30.0,134
2024-11-25,SKU0053,71,235,30.0,134
2024-12-02,SKU0053,68,155,30.0,134
2024-12-09,SKU0053,68,161,30.0,134
2024-12-16,SKU0053,88,152,30.0,134
2024-12-23,SKU0053,82,267,30.0,134
2024-12-30,SKU0053,87,292,30.0,134
2025-01-06,SKU0053,76,254,30.0,134
2025-01-13,SKU0053,101,195,30.0,134
2025-01-20,SKU0053,124,172,30.0,134
2025-01-27,SKU0053,144,244,30.0,134
2025-02-03,SKU0053,164,208,30.0,134
2025-02-10,SKU0053,186,284,30.0,134
2025-02-17,SKU0053,166,119,30.0,134
2025-02-24,SKU0053,140,0,30.0,134
2025-03-03,SKU0053,151,175,30.0,134
2025-03-10,SKU0053,102,109,30.0,134
2025-03-17,SKU0053,106,180,30.0,134
2025-03-24,SKU0053,152,212,30.0,134
2025-03-31,SKU0053,102,141,30.0,134
2025-04-07,SKU0053,121,214,30.0,134
2025-04-14,SKU0053,111,269,30.0,134
2025-04-21,SKU0053,156,288,30.0,134
2025-04-28,SKU0053,101,111,30.0,134
2025-05-05,SKU0053,88,221,30.0,134
2025-05-12,SKU0053,53,152,30.0,134
2025-05-19,SKU0053,90,281,30.0,134
2025-05-26,SKU0053,145,288,30.0,134
2025-06-02,SKU0053,138,105,30.0,134
2025-06-09,SKU0053,94,101,30.0,134
2025-06-16,SKU0053,124,242,30.0,134
2025-06-23,SKU0053,172,245,30.0,134
2025-06-30,SKU0053,164,193,30.0,134
2025-07-07,SKU0053,133,127,30.0,134
2025-07-14,SKU0053,149,251,30.0,134
2025-07-21,SKU0053,126,103,30.0,134
2025-07-28,SKU0053,108,244,30.0,134
2025-08-04,SKU0053,100,170,30.0,134
2025-08-11,SKU0053,120,297,30.0,134
2025-08-18,SKU0053,140,171,30.0,134
2025-08-25,SKU0053,184,225,30.0,134
2025-09-01,SKU0053,201,243,30.0,134
2025-09-08,SKU0053,163,162,30.0,134
2025-09-15,SKU0053,198,231,30.0,134
2025-09-22,SKU0053,142,119,30.0,134
2025-09-29,SKU0053,116,205,30.0,134
2025-10-06,SKU0053,158,255,30.0,134
2025-10-13,SKU0053,189,202,30.0,134
2025-10-20,SKU0053,170,201,30.0,134
2025-10-27,SKU0053,190,190,30.0,134
2025-11-03,SKU0053,174,0,30.0,134
2025-11-10,SKU0053,162,0,30.0,134
2025-11-17,SKU0053,125,198,30.0,134
2025-11-24,SKU0053,81,125,30.0,134
2025-12-01,SKU0053,148,296,30.0,134
2025-12-08,SKU0053,140,171,30.0,134
2025-12-15,SKU0053,162,154,30.0,134
2025-12-22,SKU0053,175,214,,134
2025-12-29,SKU0053,157,0,30.0,134
2024-01-01,SKU0054,262,0,21.0,95
2024-01-08,SKU0054,239,0,21.0,95
2024-01-15,SKU0054,173,0,21.0,95
2024-01-22,SKU0054,141,0,21.0,95
2024-01-29,SKU0054,135,169,21.0,95
2024-02-05,SKU0054,117,0,21.0,95
2024-02-12,SKU0054,120,262,21.0,95
2024-02-19,SKU0054,104,270,21.0,95
2024-02-26,SKU0054,82,171,21.0,95
2024-03-04,SKU0054,112,210,21.0,95
2024-03-11,SKU0054,100,0,21.0,95
2024-03-18,SKU0054,58,135,21.0,95
2024-03-25,SKU0054,71,177,21.0,95
2024-04-01,SKU0054,35,119,21.0,95
2024-04-08,SKU0054,38,129,21.0,95
2024-04-15,SKU0054,71,239,21.0,95
2024-04-22,SKU0054,62,207,21.0,95
2024-04-29,SKU0054,45,150,21.0,95
2024-05-06,SKU0054,107,259,21.0,95
2024-05-13,SKU0054,137,216,21.0,95
2024-05-20,SKU0054,100,0,21.0,95
2024-05-27,SKU0054,101,160,21.0,95
2024-06-03,SKU0054,91,211,21.0,95
2024-06-10,SKU0054,62,123,21.0,95
2024-06-17,SKU0054,70,160,21.0,95
2024-06-24,SKU0054,73,246,21.0,95
2024-07-01,SKU0054,38,129,21.0,95
2024-07-08,SKU0054,40,134,21.0,95
2024-07-15,SKU0054,52,164,21.0,95
2024-07-22,SKU0054,64,162,21.0,95
2024-07-29,SKU0054,86,200,21.0,95
2024-08-05,SKU0054,37,124,21.0,95
2024-08-12,SKU0054,69,233,21.0,95
2024-08-19,SKU0054,129,280,21.0,95
2024-08-26,SKU0054,107,0,21.0,95
2024-09-02,SKU0054,126,127,21.0,95
2024-09-09,SKU0054,113,0,21.0,95
2024-09-16,SKU0054,128,265,21.0,95
2024-09-23,SKU0054,98,0,21.0,95
2024-09-30,SKU0054,82,210,21.0,95
2024-10-07,SKU0054,97,105,21.0,95
2024-10-14,SKU0054,89,218,21.0,95
2024-10-21,SKU0054,89,217,21.0,95
2024-10-28,SKU0054,122,267,21.0,95
2024-11-04,SKU0054,104,0,21.0,95
2024-11-11,SKU0054,146,270,21.0,95
2024-11-18,SKU0054,126,143,21.0,95
2024-11-25,SKU0054,109,0,21.0,95
2024-12-02,SKU0054,103,255,21.0,95
2024-12-09,SKU0054,130,167,21.0,95
2024-12-16,SKU0054,112,0,21.0,95
2024-12-23,SKU0054,174,297,21.0,95
2024-12-30,SKU0054,156,262,21.0,95
2025-01-06,SKU0054,124,0,21.0,95
2025-01-13,SKU0054,135,198,21.0,95
2025-01-20,SKU0054,123,0,21.0,95
2025-01-27,SKU0054,100,117,21.0,95
2025-02-03,SKU0054,93,167,21.0,95
2025-02-10,SKU0054,117,268,21.0,95
2025-02-17,SKU0054,108,139,21.0,95
2025-02-24,SKU0054,126,123,21.0,95
2025-03-03,SKU0054,111,254,21.0,95
2025-03-10,SKU0054,116,195,21.0,95
2025-03-17,SKU0054,64,159,21.0,95
2025-03-24,SKU0054,113,234,21.0,95
2025-03-31,SKU0054,86,213,21.0,95
2025-04-07,SKU0054,145,283,21.0,95
2025-04-14,SKU0054,123,0,21.0,95
2025-04-21,SKU0054,99,205,21.0,95
2025-04-28,SKU0054,78,167,21.0,95
2025-05-05,SKU0054,106,209,21.0,95
2025-05-12,SKU0054,79,216,21.0,95
2025-05-19,SKU0054,104,190,21.0,95
2025-05-26,SKU0054,61,149,21.0,95
2025-06-02,SKU0054,87,150,21.0,95
2025-06-09,SKU0054,38,106,21.0,95
2025-06-16,SKU0054,52,175,21.0,95
2025-06-23,SKU0054,109,277,21.0,95
2025-06-30,SKU0054,117,202,21.0,95
2025-07-07,SKU0054,60,115,21.0,95
2025-07-14,SKU0054,75,253,21.0,95
2025-07-21,SKU0054,137,258,21.0,95
2025-07-28,SKU0054,114,0,21.0,95
2025-08-04,SKU0054,72,185,21.0,95
2025-08-11,SKU0054,91,154,21.0,95
2025-08-18,SKU0054,74,126,21.0,95
2025-08-25,SKU0054,81,272,21.0,95
2025-09-01,SKU0054,78,207,21.0,95
2025-09-08,SKU0054,59,183,21.0,95
2025-09-15,SKU0054,66,151,21.0,95
2025-09-22,SKU0054,59,197,21.0,95
2025-09-29,SKU0054,65,139,21.0,95
2025-10-06,SKU0054,85,284,21.0,95
2025-10-13,SKU0054,72,120,21.0,95
2025-10-20,SKU0054,66,222,21.0,95
2025-10-27,SKU0054,54,148,21.0,95
2025-11-03,SKU0054,72,232,21.0,95
2025-11-10,SKU0054,74,188,21.0,95
2025-11-17,SKU0054,62,104,21.0,95
2025-11-24,SKU0054,90,221,21.0,95
2025-12-01,SKU0054,58,123,21.0,95
2025-12-08,SKU0054,73,168,21.0,95
2025-12-15,SKU0054,73,163,21.0,95
2025-12-22,SKU0054,59,156,21.0,95
2025-12-29,SKU0054,133,282,21.0,95
2024-01-01,SKU0055,280,0,21.0,32
2024-01-08,SKU0055,229,0,21.0,32
2024-01-15,SKU0055,142,0,21.0,32
2024-01-22,SKU0055,109,0,21.0,32
2024-01-29,SKU0055,96,0,21.0,32
2024-02-05,SKU0055,52,0,21.0,32
2024-02-12,SKU0055,57,154,21.0,32
2024-02-19,SKU0055,44,147,21.0,32
2024-02-26,SKU0055,81,245,21.0,32
2024-03-04,SKU0055,57,193,21.0,32
2024-03-11,SKU0055,76,254,21.0,32
2024-03-18,SKU0055,52,176,21.0,32
2024-03-25,SKU0055,36,121,21.0,32
2024-04-01,SKU0055,36,122,21.0,32
2024-04-08,SKU0055,65,217,21.0,32
2024-04-15,SKU0055,54,0,21.0,32
2024-04-22,SKU0055,50,167,21.0,32
2024-04-29,SKU0055,60,203,21.0,32
2024-05-06,SKU0055,40,0,21.0,32
2024-05-13,SKU0055,44,148,21.0,32
2024-05-20,SKU0055,56,188,21.0,32
2024-05-27,SKU0055,114,288,21.0,32
2024-06-03,SKU0055,67,0,21.0,32
2024-06-10,SKU0055,58,194,21.0,32
2024-06-17,SKU0055,61,205,21.0,32
2024-06-24,SKU0055,75,253,21.0,32
2024-07-01,SKU0055,52,0,21.0,32
2024-07-08,SKU0055,67,161,21.0,32
2024-07-15,SKU0055,91,294,21.0,32
2024-07-22,SKU0055,61,206,21.0,32
2024-07-29,SKU0055,50,0,21.0,32
2024-08-05,SKU0055,56,189,21.0,32
2024-08-12,SKU0055,36,123,21.0,32
2024-08-19,SKU0055,71,239,21.0,32
2024-08-26,SKU0055,42,140,21.0,32
2024-09-02,SKU0055,81,272,21.0,32
2024-09-09,SKU0055,67,0,21.0,32
2024-09-16,SKU0055,97,231,21.0,32
2024-09-23,SKU0055,48,0,21.0,32
2024-09-30,SKU0055,57,131,21.0,32
2024-10-07,SKU0055,112,290,21.0,32
2024-10-14,SKU0055,78,194,21.0,32
2024-10-21,SKU0055,45,110,21.0,32
2024-10-28,SKU0055,53,178,21.0,32
2024-11-04,SKU0055,43,144,21.0,32
2024-11-11,SKU0055,50,105,21.0,32
2024-11-18,SKU0055,64,109,21.0,32
2024-11-25,SKU0055,69,150,21.0,32
2024-12-02,SKU0055,58,196,21.0,32
2024-12-09,SKU0055,41,0,21.0,32
2024-12-16,SKU0055,52,175,21.0,32
2024-12-23,SKU0055,43,145,21.0,32
2024-12-30,SKU0055,67,174,,32
2025-01-06,SKU0055,87,272,21.0,32
2025-01-13,SKU0055,68,0,21.0,32
2025-01-20,SKU0055,86,288,21.0,32
2025-01-27,SKU0055,36,0,21.0,32
2025-02-03,SKU0055,31,106,21.0,32
2025-02-10,SKU0055,74,232,21.0,32
2025-02-17,SKU0055,60,0,21.0,32
2025-02-24,SKU0055,44,0,21.0,32
2025-03-03,SKU0055,69,233,21.0,32
2025-03-10,SKU0055,103,298,21.0,32
2025-03-17,SKU0055,51,0,21.0,32
2025-03-24,SKU0055,102,291,21.0,32
2025-03-31,SKU0055,85,0,21.0,32
2025-04-07,SKU0055,64,0,21.0,32
2025-04-14,SKU0055,61,129,21.0,32
2025-04-21,SKU0055,77,169,21.0,32
2025-04-28,SKU0055,71,173,21.0,32
2025-05-05,SKU0055,81,272,21.0,32
2025-05-12,SKU0055,61,114,21.0,32
2025-05-19,SKU0055,75,253,21.0,32
2025-05-26,SKU0055,43,146,21.0,32
2025-06-02,SKU0055,86,284,21.0,32
2025-06-09,SKU0055,87,230,21.0,32
2025-06-16,SKU0055,53,178,21.0,32
2025-06-23,SKU0055,61,206,21.0,32
2025-06-30,SKU0055,42,0,,32
2025-07-07,SKU0055,73,246,21.0,32
2025-07-14,SKU0055,44,127,21.0,32
2025-07-21,SKU0055,79,244,21.0,32
2025-07-28,SKU0055,90,265,21.0,32
2025-08-04,SKU0055,72,240,21.0,32
2025-08-11,SKU0055,84,221,21.0,32
2025-08-18,SKU0055,70,0,21.0,32
2025-08-25,SKU0055,50,0,21.0,32
2025-09-01,SKU0055,79,264,21.0,32
2025-09-08,SKU0055,64,207,21.0,32
2025-09-15,SKU0055,59,198,21.0,32
2025-09-22,SKU0055,43,101,21.0,32
2025-09-29,SKU0055,33,0,21.0,32
2025-10-06,SKU0055,80,269,21.0,32
2025-10-13,SKU0055,58,0,21.0,32
2025-10-20,SKU0055,56,134,21.0,32
2025-10-27,SKU0055,40,0,21.0,32
2025-11-03,SKU0055,50,167,21.0,32
2025-11-10,SKU0055,73,201,21.0,32
2025-11-17,SKU0055,38,0,21.0,32
2025-11-24,SKU0055,33,111,21.0,32
2025-12-01,SKU0055,71,190,21.0,32
2025-12-08,SKU0055,74,217,21.0,32
2025-12-15,SKU0055,54,177,21.0,32
2025-12-22,SKU0055,58,194,21.0,32
2025-12-29,SKU0055,37,0,21.0,32
2024-01-01,SKU0056,174,0,7.0,73
2024-01-08,SKU0056,81,0,7.0,73
2024-01-15,SKU0056,45,153,7.0,73
2024-01-22,SKU0056,68,229,7.0,73
2024-01-29,SKU0056,95,206,7.0,73
2024-02-05,SKU0056,82,0,7.0,73
2024-02-12,SKU0056,56,184,7.0,73
2024-02-19,SKU0056,66,223,7.0,73
2024-02-26,SKU0056,75,253,7.0,73
2024-03-04,SKU0056,49,145,7.0,73
2024-03-11,SKU0056,78,262,7.0,73
2024-03-18,SKU0056,82,115,7.0,73
2024-03-25,SKU0056,107,281,7.0,73
2024-04-01,SKU0056,51,137,7.0,73
2024-04-08,SKU0056,95,203,7.0,73
2024-04-15,SKU0056,151,299,7.0,73
2024-04-22,SKU0056,131,0,7.0,73
2024-04-29,SKU0056,87,0,7.0,73
2024-05-06,SKU0056,84,282,7.0,73
2024-05-13,SKU0056,75,253,7.0,73
2024-05-20,SKU0056,126,265,7.0,73
2024-05-27,SKU0056,108,216,7.0,73
2024-06-03,SKU0056,130,299,7.0,73
2024-06-10,SKU0056,137,236,7.0,73
2024-06-17,SKU0056,89,0,7.0,73
2024-06-24,SKU0056,83,184,7.0,73
2024-07-01,SKU0056,66,221,7.0,73
2024-07-08,SKU0056,41,137,7.0,73
2024-07-15,SKU0056,85,285,7.0,73
2024-07-22,SKU0056,110,158,7.0,73
2024-07-29,SKU0056,115,279,7.0,73
2024-08-05,SKU0056,84,137,7.0,73
2024-08-12,SKU0056,120,298,,73
2024-08-19,SKU0056,67,146,7.0,73
2024-08-26,SKU0056,97,246,7.0,73
2024-09-02,SKU0056,81,136,7.0,73
2024-09-09,SKU0056,92,211,7.0,73
2024-09-16,SKU0056,117,202,7.0,73
2024-09-23,SKU0056,129,202,7.0,73
2024-09-30,SKU0056,97,0,7.0,73
2024-10-07,SKU0056,99,188,7.0,73
2024-10-14,SKU0056,63,160,7.0,73
2024-10-21,SKU0056,76,195,7.0,73
2024-10-28,SKU0056,77,176,7.0,73
2024-11-04,SKU0056,74,125,7.0,73
2024-11-11,SKU0056,84,252,7.0,73
2024-11-18,SKU0056,124,193,7.0,73
2024-11-25,SKU0056,100,204,7.0,73
2024-12-02,SKU0056,88,0,7.0,73
2024-12-09,SKU0056,74,108,7.0,73
2024-12-16,SKU0056,132,295,7.0,73
2024-12-23,SKU0056,69,101,7.0,73
2024-12-30,SKU0056,43,145,7.0,73
2025-01-06,SKU0056,35,118,7.0,73
2025-01-13,SKU0056,58,194,7.0,73
2025-01-20,SKU0056,48,160,7.0,73
2025-01-27,SKU0056,72,241,7.0,73
2025-02-03,SKU0056,128,279,7.0,73
2025-02-10,SKU0056,91,0,7.0,73
2025-02-17,SKU0056,112,193,7.0,73
2025-02-24,SKU0056,131,224,7.0,73
2025-03-03,SKU0056,87,184,7.0,73
2025-03-10,SKU0056,115,299,7.0,73
2025-03-17,SKU0056,81,0,7.0,73
2025-03-24,SKU0056,88,160,7.0,73
2025-03-31,SKU0056,96,138,7.0,73
2025-04-07,SKU0056,57,139,7.0,73
2025-04-14,SKU0056,82,274,7.0,73
2025-04-21,SKU0056,45,135,7.0,73
2025-04-28,SKU0056,89,185,7.0,73
2025-05-05,SKU0056,110,151,7.0,73
2025-05-12,SKU0056,121,272,7.0,73
2025-05-19,SKU0056,88,0,7.0,73
2025-05-26,SKU0056,61,156,7.0,73
2025-06-02,SKU0056,70,167,7.0,73
2025-06-09,SKU0056,59,195,7.0,73
2025-06-16,SKU0056,91,184,7.0,73
2025-06-23,SKU0056,79,102,7.0,73
2025-06-30,SKU0056,63,193,7.0,73
2025-07-07,SKU0056,41,139,7.0,73
2025-07-14,SKU0056,32,109,7.0,73
2025-07-21,SKU0056,84,280,7.0,73
2025-07-28,SKU0056,70,152,7.0,73
2025-08-04,SKU0056,72,181,7.0,73
2025-08-11,SKU0056,48,161,7.0,73
2025-08-18,SKU0056,86,244,7.0,73
2025-08-25,SKU0056,55,185,7.0,73
2025-09-01,SKU0056,90,222,7.0,73
2025-09-08,SKU0056,103,222,7.0,73
2025-09-15,SKU0056,106,150,7.0,73
2025-09-22,SKU0056,130,229,7.0,73
2025-09-29,SKU0056,78,137,7.0,73
2025-10-06,SKU0056,92,136,7.0,73
2025-10-13,SKU0056,71,164,7.0,73
2025-10-20,SKU0056,129,248,7.0,73
2025-10-27,SKU0056,89,194,7.0,73
2025-11-03,SKU0056,91,202,7.0,73
2025-11-10,SKU0056,55,184,7.0,73
2025-11-17,SKU0056,77,221,7.0,73
2025-11-24,SKU0056,57,190,7.0,73
2025-12-01,SKU0056,45,153,7.0,73
2025-12-08,SKU0056,51,173,7.0,73
2025-12-15,SKU0056,64,215,7.0,73
2025-12-22,SKU0056,104,255,7.0,73
2025-12-29,SKU0056,152,284,7.0,73
2024-01-01,SKU0057,136,0,21.0,84
2024-01-08,SKU0057,116,0,21.0,84
2024-01-15,SKU0057,75,155,21.0,84
2024-01-22,SKU0057,114,175,21.0,84
2024-01-29,SKU0057,96,257,21.0,84
2024-02-05,SKU0057,149,262,21.0,84
2024-02-12,SKU0057,124,0,21.0,84
2024-02-19,SKU0057,95,111,21.0,84
2024-02-26,SKU0057,85,0,21.0,84
2024-03-04,SKU0057,114,223,21.0,84
2024-03-11,SKU0057,131,261,21.0,84
2024-03-18,SKU0057,120,231,21.0,84
2024-03-25,SKU0057,97,213,21.0,84
2024-04-01,SKU0057,68,166,21.0,84
2024-04-08,SKU0057,48,143,21.0,84
2024-04-15,SKU0057,93,186,21.0,84
2024-04-22,SKU0057,73,162,21.0,84
2024-04-29,SKU0057,42,143,21.0,84
2024-05-06,SKU0057,36,120,21.0,84
2024-05-13,SKU0057,76,255,21.0,84
2024-05-20,SKU0057,71,214,21.0,84
2024-05-27,SKU0057,80,102,21.0,84
2024-06-03,SKU0057,78,260,21.0,84
2024-06-10,SKU0057,128,242,21.0,84
2024-06-17,SKU0057,98,0,21.0,84
2024-06-24,SKU0057,120,175,21.0,84
2024-07-01,SKU0057,126,276,21.0,84
2024-07-08,SKU0057,95,0,21.0,84
2024-07-15,SKU0057,71,228,21.0,84
2024-07-22,SKU0057,136,250,21.0,84
2024-07-29,SKU0057,110,0,21.0,84
2024-08-05,SKU0057,99,0,21.0,84
2024-08-12,SKU0057,110,210,21.0,84
2024-08-19,SKU0057,114,134,21.0,84
2024-08-26,SKU0057,91,0,21.0,84
2024-09-02,SKU0057,56,125,21.0,84
2024-09-09,SKU0057,42,143,21.0,84
2024-09-16,SKU0057,50,168,21.0,84
2024-09-23,SKU0057,53,178,21.0,84
2024-09-30,SKU0057,32,109,21.0,84
2024-10-07,SKU0057,74,249,21.0,84
2024-10-14,SKU0057,60,202,21.0,84
2024-10-21,SKU0057,41,138,21.0,84
2024-10-28,SKU0057,87,292,21.0,84
2024-11-04,SKU0057,87,293,21.0,84
2024-11-11,SKU0057,149,293,21.0,84
2024-11-18,SKU0057,125,192,21.0,84
2024-11-25,SKU0057,83,141,21.0,84
2024-12-02,SKU0057,96,247,21.0,84
2024-12-09,SKU0057,81,273,21.0,84
2024-12-16,SKU0057,87,181,21.0,84
2024-12-23,SKU0057,133,272,21.0,84
2024-12-30,SKU0057,110,0,21.0,84
2025-01-06,SKU0057,92,235,21.0,84
2025-01-13,SKU0057,71,183,21.0,84
2025-01-20,SKU0057,91,194,21.0,84
2025-01-27,SKU0057,134,188,21.0,84
2025-02-03,SKU0057,79,139,21.0,84
2025-02-10,SKU0057,137,244,21.0,84
2025-02-17,SKU0057,111,0,21.0,84
2025-02-24,SKU0057,138,265,21.0,84
2025-03-03,SKU0057,84,0,21.0,84
2025-03-10,SKU0057,48,160,21.0,84
2025-03-17,SKU0057,47,158,21.0,84
2025-03-24,SKU0057,40,135,21.0,84
2025-03-31,SKU0057,77,258,21.0,84
2025-04-07,SKU0057,58,195,21.0,84
2025-04-14,SKU0057,39,131,21.0,84
2025-04-21,SKU0057,48,160,21.0,84
2025-04-28,SKU0057,115,287,21.0,84
2025-05-05,SKU0057,103,0,21.0,84
2025-05-12,SKU0057,53,106,21.0,84
2025-05-19,SKU0057,69,154,21.0,84
2025-05-26,SKU0057,78,206,21.0,84
2025-06-02,SKU0057,102,224,21.0,84
2025-06-09,SKU0057,132,292,21.0,84
2025-06-16,SKU0057,86,163,21.0,84
2025-06-23,SKU0057,72,242,21.0,84
2025-06-30,SKU0057,95,147,21.0,84
2025-07-07,SKU0057,108,200,21.0,84
2025-07-14,SKU0057,117,216,21.0,84
2025-07-21,SKU0057,90,227,21.0,84
2025-07-28,SKU0057,57,159,21.0,84
2025-08-04,SKU0057,80,166,21.0,84
2025-08-11,SKU0057,91,237,21.0,84
2025-08-18,SKU0057,141,258,21.0,84
2025-08-25,SKU0057,90,0,21.0,84
2025-09-01,SKU0057,126,197,21.0,84
2025-09-08,SKU0057,84,0,21.0,84
2025-09-15,SKU0057,127,190,21.0,84
2025-09-22,SKU0057,143,223,21.0,84
2025-09-29,SKU0057,84,0,21.0,84
2025-10-06,SKU0057,87,267,21.0,84
2025-10-13,SKU0057,104,247,21.0,84
2025-10-20,SKU0057,87,153,21.0,84
2025-10-27,SKU0057,110,124,21.0,84
2025-11-03,SKU0057,95,0,21.0,84
2025-11-10,SKU0057,146,276,21.0,84
2025-11-17,SKU0057,91,0,21.0,84
2025-11-24,SKU0057,141,287,21.0,84
2025-12-01,SKU0057,131,269,21.0,84
2025-12-08,SKU0057,101,214,21.0,84
2025-12-15,SKU0057,92,285,21.0,84
2025-12-22,SKU0057,111,206,21.0,84
2025-12-29,SKU0057,95,270,21.0,84
2024-01-01,SKU0058,238,0,21.0,84
2024-01-08,SKU0058,217,0,21.0,84
2024-01-15,SKU0058,163,0,21.0,84
2024-01-22,SKU0058,141,0,21.0,84
2024-01-29,SKU0058,130,0,21.0,84
2024-02-05,SKU0058,102,216,21.0,84
2024-02-12,SKU0058,104,139,21.0,84
2024-02-19,SKU0058,132,238,21.0,84
2024-02-26,SKU0058,82,131,21.0,84
2024-03-04,SKU0058,125,235,21.0,84
2024-03-11,SKU0058,109,0,21.0,84
2024-03-18,SKU0058,90,0,21.0,84
2024-03-25,SKU0058,109,189,21.0,84
2024-04-01,SKU0058,121,134,21.0,84
2024-04-08,SKU0058,67,113,21.0,84
2024-04-15,SKU0058,69,233,21.0,84
2024-04-22,SKU0058,55,125,21.0,84
2024-04-29,SKU0058,63,210,21.0,84
2024-05-06,SKU0058,58,194,21.0,84
2024-05-13,SKU0058,73,245,21.0,84
2024-05-20,SKU0058,85,105,21.0,84
2024-05-27,SKU0058,72,130,21.0,84
2024-06-03,SKU0058,49,152,21.0,84
2024-06-10,SKU0058,90,291,21.0,84
2024-06-17,SKU0058,90,130,21.0,84
2024-06-24,SKU0058,138,241,21.0,84
2024-07-01,SKU0058,104,154,21.0,84
2024-07-08,SKU0058,90,243,21.0,84
2024-07-15,SKU0058,109,137,21.0,84
2024-07-22,SKU0058,121,163,21.0,84
2024-07-29,SKU0058,71,139,21.0,84
2024-08-05,SKU0058,138,278,21.0,84
2024-08-12,SKU0058,156,294,21.0,84
2024-08-19,SKU0058,98,0,21.0,84
2024-08-26,SKU0058,155,261,21.0,84
2024-09-02,SKU0058,131,0,21.0,84
2024-09-09,SKU0058,85,0,21.0,84
2024-09-16,SKU0058,43,123,21.0,84
2024-09-23,SKU0058,53,179,21.0,84
2024-09-30,SKU0058,55,184,21.0,84
2024-10-07,SKU0058,68,136,21.0,84
2024-10-14,SKU0058,95,298,21.0,84
2024-10-21,SKU0058,62,130,21.0,84
2024-10-28,SKU0058,73,108,21.0,84
2024-11-04,SKU0058,75,237,21.0,84
2024-11-11,SKU0058,81,273,21.0,84
2024-11-18,SKU0058,89,157,21.0,84
2024-11-25,SKU0058,38,128,21.0,84
2024-12-02,SKU0058,87,293,21.0,84
2024-12-09,SKU0058,74,123,21.0,84
2024-12-16,SKU0058,141,265,21.0,84
2024-12-23,SKU0058,123,0,21.0,84
2024-12-30,SKU0058,105,173,21.0,84
2025-01-06,SKU0058,92,0,21.0,84
2025-01-13,SKU0058,52,174,21.0,84
2025-01-20,SKU0058,80,177,21.0,84
2025-01-27,SKU0058,43,144,21.0,84
2025-02-03,SKU0058,81,225,21.0,84
2025-02-10,SKU0058,78,222,21.0,84
2025-02-17,SKU0058,96,155,21.0,84
2025-02-24,SKU0058,73,218,21.0,84
2025-03-03,SKU0058,108,278,21.0,84
2025-03-10,SKU0058,109,179,21.0,84
2025-03-17,SKU0058,77,173,21.0,84
2025-03-24,SKU0058,115,258,21.0,84
2025-03-31,SKU0058,143,286,21.0,84
2025-04-07,SKU0058,129,0,21.0,84
2025-04-14,SKU0058,118,0,21.0,84
2025-04-21,SKU0058,99,0,21.0,84
2025-04-28,SKU0058,87,180,21.0,84
2025-05-05,SKU0058,42,121,21.0,84
2025-05-12,SKU0058,99,285,21.0,84
2025-05-19,SKU0058,122,145,21.0,84
2025-05-26,SKU0058,141,227,21.0,84
2025-06-02,SKU0058,157,280,21.0,84
2025-06-09,SKU0058,121,0,21.0,84
2025-06-16,SKU0058,95,0,21.0,84
2025-06-23,SKU0058,87,180,21.0,84
2025-06-30,SKU0058,72,229,21.0,84
2025-07-07,SKU0058,82,156,21.0,84
2025-07-14,SKU0058,74,248,21.0,84
2025-07-21,SKU0058,81,272,21.0,84
2025-07-28,SKU0058,98,291,21.0,84
2025-08-04,SKU0058,91,121,21.0,84
2025-08-11,SKU0058,57,117,21.0,84
2025-08-18,SKU0058,89,295,21.0,84
2025-08-25,SKU0058,124,206,21.0,84
2025-09-01,SKU0058,104,181,21.0,84
2025-09-08,SKU0058,93,184,21.0,84
2025-09-15,SKU0058,104,189,21.0,84
2025-09-22,SKU0058,134,236,21.0,84
2025-09-29,SKU0058,105,149,21.0,84
2025-10-06,SKU0058,119,230,21.0,84
2025-10-13,SKU0058,80,183,21.0,84
2025-10-20,SKU0058,127,286,21.0,84
2025-10-27,SKU0058,116,0,21.0,84
2025-11-03,SKU0058,160,273,21.0,84
2025-11-10,SKU0058,142,0,21.0,84
2025-11-17,SKU0058,115,0,21.0,84
2025-11-24,SKU0058,113,144,21.0,84
2025-12-01,SKU0058,143,276,21.0,84
2025-12-08,SKU0058,86,0,21.0,84
2025-12-15,SKU0058,127,274,21.0,84
2025-12-22,SKU0058,88,181,21.0,84
2025-12-29,SKU0058,65,212,21.0,84
2024-10-28,SKU0059,162,0,14.0,57
2024-11-04,SKU0059,66,0,14.0,57
2024-11-11,SKU0059,93,122,14.0,57
2024-11-18,SKU0059,83,197,14.0,57
2024-11-25,SKU0059,71,138,14.0,57
2024-12-02,SKU0059,56,188,14.0,57
2024-12-09,SKU0059,72,156,14.0,57
2024-12-16,SKU0059,110,281,14.0,57
2024-12-23,SKU0059,66,139,14.0,57
2024-12-30,SKU0059,63,212,14.0,57
2025-01-06,SKU0059,78,261,14.0,57
2025-01-13,SKU0059,88,271,14.0,57
2025-01-20,SKU0059,68,228,14.0,57
2025-01-27,SKU0059,73,202,14.0,57
2025-02-03,SKU0059,41,137,14.0,57
2025-02-10,SKU0059,84,200,14.0,57
2025-02-17,SKU0059,56,153,14.0,57
2025-02-24,SKU0059,104,215,14.0,57
2025-03-03,SKU0059,86,219,14.0,57
2025-03-10,SKU0059,89,299,14.0,57
2025-03-17,SKU0059,137,279,14.0,57
2025-03-24,SKU0059,97,0,14.0,57
2025-03-31,SKU0059,93,193,14.0,57
2025-04-07,SKU0059,67,178,14.0,57
2025-04-14,SKU0059,30,102,14.0,57
2025-04-21,SKU0059,69,233,14.0,57
2025-04-28,SKU0059,59,117,14.0,57
2025-05-05,SKU0059,61,106,14.0,57
2025-05-12,SKU0059,67,226,14.0,57
2025-05-19,SKU0059,49,164,14.0,57
2025-05-26,SKU0059,37,126,14.0,57
2025-06-02,SKU0059,85,286,14.0,57
2025-06-09,SKU0059,78,115,14.0,57
2025-06-16,SKU0059,51,170,14.0,57
2025-06-23,SKU0059,125,288,14.0,57
2025-06-30,SKU0059,128,276,14.0,57
2025-07-07,SKU0059,104,212,14.0,57
2025-07-14,SKU0059,106,285,14.0,57
2025-07-21,SKU0059,50,105,14.0,57
2025-07-28,SKU0059,98,218,14.0,57
2025-08-04,SKU0059,68,0,14.0,57
2025-08-11,SKU0059,87,213,14.0,57
2025-08-18,SKU0059,33,111,14.0,57
2025-08-25,SKU0059,91,246,14.0,57
2025-09-01,SKU0059,84,235,14.0,57
2025-09-08,SKU0059,100,166,14.0,57
2025-09-15,SKU0059,57,0,14.0,57
2025-09-22,SKU0059,63,213,14.0,57
2025-09-29,SKU0059,45,153,14.0,57
2025-10-06,SKU0059,87,293,14.0,57
2025-10-13,SKU0059,69,0,14.0,57
2025-10-20,SKU0059,85,158,14.0,57
2025-10-27,SKU0059,57,0,14.0,57
2025-11-03,SKU0059,47,134,14.0,57
2025-11-10,SKU0059,76,255,14.0,57
2025-11-17,SKU0059,56,150,14.0,57
2025-11-24,SKU0059,42,141,14.0,57
2025-12-01,SKU0059,53,179,14.0,57
2025-12-08,SKU0059,63,197,14.0,57
2025-12-15,SKU0059,84,190,14.0,57
2025-12-22,SKU0059,69,0,14.0,57
2025-12-29,SKU0059,85,284,14.0,57
2024-01-01,SKU0060,341,0,14.0,38
2024-01-08,SKU0060,298,0,14.0,38
2024-01-15,SKU0060,276,0,14.0,38
2024-01-22,SKU0060,194,0,14.0,38
2024-01-29,SKU0060,157,0,14.0,38
2024-02-05,SKU0060,58,0,14.0,38
2024-02-12,SKU0060,43,0,14.0,38
2024-02-19,SKU0060,70,236,14.0,38
2024-02-26,SKU0060,75,251,14.0,38
2024-03-04,SKU0060,43,0,14.0,38
2024-03-11,SKU0060,30,102,14.0,38
2024-03-18,SKU0060,68,228,14.0,38
2024-03-25,SKU0060,48,162,14.0,38
2024-04-01,SKU0060,36,120,14.0,38
2024-04-08,SKU0060,53,164,14.0,38
2024-04-15,SKU0060,45,136,14.0,38
2024-04-22,SKU0060,87,290,14.0,38
2024-04-29,SKU0060,104,246,14.0,38
2024-05-06,SKU0060,41,104,14.0,38
2024-05-13,SKU0060,42,143,14.0,38
2024-05-20,SKU0060,54,180,14.0,38
2024-05-27,SKU0060,30,103,14.0,38
2024-06-03,SKU0060,55,186,14.0,38
2024-06-10,SKU0060,96,243,14.0,38
2024-06-17,SKU0060,80,253,14.0,38
2024-06-24,SKU0060,46,0,14.0,38
2024-07-01,SKU0060,39,133,14.0,38
2024-07-08,SKU0060,38,128,14.0,38
2024-07-15,SKU0060,77,222,14.0,38
2024-07-22,SKU0060,41,0,14.0,38
2024-07-29,SKU0060,56,159,14.0,38
2024-08-05,SKU0060,50,167,14.0,38
2024-08-12,SKU0060,41,137,14.0,38
2024-08-19,SKU0060,45,135,14.0,38
2024-08-26,SKU0060,41,118,14.0,38
2024-09-02,SKU0060,81,270,14.0,38
2024-09-09,SKU0060,55,0,14.0,38
2024-09-16,SKU0060,57,121,14.0,38
2024-09-23,SKU0060,46,0,14.0,38
2024-09-30,SKU0060,73,181,14.0,38
2024-10-07,SKU0060,45,0,14.0,38
2024-10-14,SKU0060,31,104,14.0,38
2024-10-21,SKU0060,70,192,14.0,38
2024-10-28,SKU0060,75,211,14.0,38
2024-11-04,SKU0060,88,253,14.0,38
2024-11-11,SKU0060,33,110,14.0,38
2024-11-18,SKU0060,73,245,,38
2024-11-25,SKU0060,51,171,14.0,38
2024-12-02,SKU0060,35,119,14.0,38
2024-12-09,SKU0060,34,115,14.0,38
2024-12-16,SKU0060,60,200,14.0,38
2024-12-23,SKU0060,110,283,14.0,38
2024-12-30,SKU0060,73,0,14.0,38
2025-01-06,SKU0060,66,159,14.0,38
2025-01-13,SKU0060,116,265,14.0,38
2025-01-20,SKU0060,55,0,14.0,38
2025-01-27,SKU0060,42,0,14.0,38
2025-02-03,SKU0060,85,216,14.0,38
2025-02-10,SKU0060,51,0,14.0,38
2025-02-17,SKU0060,78,256,14.0,38
2025-02-24,SKU0060,45,133,14.0,38
2025-03-03,SKU0060,34,115,14.0,38
2025-03-10,SKU0060,72,241,14.0,38
2025-03-17,SKU0060,79,210,14.0,38
2025-03-24,SKU0060,77,257,14.0,38
2025-03-31,SKU0060,30,101,14.0,38
2025-04-07,SKU0060,42,142,14.0,38
2025-04-14,SKU0060,51,170,14.0,38
2025-04-21,SKU0060,81,158,14.0,38
2025-04-28,SKU0060,63,0,14.0,38
2025-05-05,SKU0060,75,253,14.0,38
2025-05-12,SKU0060,70,149,14.0,38
2025-05-19,SKU0060,42,135,14.0,38
2025-05-26,SKU0060,77,192,14.0,38
2025-06-02,SKU0060,112,278,14.0,38
2025-06-09,SKU0060,56,0,14.0,38
2025-06-16,SKU0060,45,0,14.0,38
2025-06-23,SKU0060,72,242,14.0,38
2025-06-30,SKU0060,74,249,14.0,38
2025-07-07,SKU0060,76,190,14.0,38
2025-07-14,SKU0060,86,268,14.0,38
2025-07-21,SKU0060,62,0,14.0,38
2025-07-28,SKU0060,64,216,14.0,38
2025-08-04,SKU0060,53,178,14.0,38
2025-08-11,SKU0060,81,270,14.0,38
2025-08-18,SKU0060,57,0,14.0,38
2025-08-25,SKU0060,86,287,14.0,38
2025-09-01,SKU0060,54,0,,38
2025-09-08,SKU0060,94,292,14.0,38
2025-09-15,SKU0060,45,0,14.0,38
2025-09-22,SKU0060,72,229,14.0,38
2025-09-29,SKU0060,44,149,14.0,38
2025-10-06,SKU0060,86,289,14.0,38
2025-10-13,SKU0060,109,274,14.0,38
2025-10-20,SKU0060,56,0,14.0,38
2025-10-27,SKU0060,50,148,14.0,38
2025-11-03,SKU0060,60,135,14.0,38
2025-11-10,SKU0060,85,285,14.0,38
2025-11-17,SKU0060,52,175,14.0,38
2025-11-24,SKU0060,86,289,14.0,38
2025-12-01,SKU0060,55,131,14.0,38
2025-12-08,SKU0060,72,242,14.0,38
2025-12-15,SKU0060,84,281,14.0,38
2025-12-22,SKU0060,44,126,14.0,38
2025-12-29,SKU0060,33,113,14.0,38
2025-03-31,SKU0061,282,0,21.0,24
2025-04-07,SKU0061,271,0,21.0,24
2025-04-14,SKU0061,218,0,21.0,24
2025-04-21,SKU0061,174,0,21.0,24
2025-04-28,SKU0061,140,0,21.0,24
2025-05-05,SKU0061,47,0,21.0,24
2025-05-12,SKU0061,36,0,21.0,24
2025-05-19,SKU0061,60,202,21.0,24
2025-05-26,SKU0061,44,148,21.0,24
2025-06-02,SKU0061,49,165,21.0,24
2025-06-09,SKU0061,95,291,21.0,24
2025-06-16,SKU0061,45,0,21.0,24
2025-06-23,SKU0061,30,0,21.0,24
2025-06-30,SKU0061,54,135,21.0,24
2025-07-07,SKU0061,88,294,21.0,24
2025-07-14,SKU0061,64,0,21.0,24
2025-07-21,SKU0061,56,187,21.0,24
2025-07-28,SKU0061,71,237,21.0,24
2025-08-04,SKU0061,56,187,21.0,24
2025-08-11,SKU0061,47,159,21.0,24
2025-08-18,SKU0061,42,131,21.0,24
2025-08-25,SKU0061,48,161,21.0,24
2025-09-01,SKU0061,28,0,21.0,24
2025-09-08,SKU0061,78,262,21.0,24
2025-09-15,SKU0061,59,0,21.0,24
2025-09-22,SKU0061,84,280,21.0,24
2025-09-29,SKU0061,40,0,21.0,24
2025-10-06,SKU0061,100,293,21.0,24
2025-10-13,SKU0061,101,278,21.0,24
2025-10-20,SKU0061,35,0,21.0,24
2025-10-27,SKU0061,59,199,21.0,24
2025-11-03,SKU0061,84,265,21.0,24
2025-11-10,SKU0061,87,273,21.0,24
2025-11-17,SKU0061,29,0,21.0,24
2025-11-24,SKU0061,35,118,21.0,24
2025-12-01,SKU0061,51,170,21.0,24
2025-12-08,SKU0061,88,269,21.0,24
2025-12-15,SKU0061,43,0,21.0,24
2025-12-22,SKU0061,53,179,21.0,24
2025-12-29,SKU0061,31,0,21.0,24
2024-01-01,SKU0062,59,191,30.0,36
2024-01-08,SKU0062,39,103,30.0,36
2024-01-15,SKU0062,83,278,30.0,36
2024-01-22,SKU0062,62,208,30.0,36
2024-01-29,SKU0062,63,213,30.0,36
2024-02-05,SKU0062,109,266,30.0,36
2024-02-12,SKU0062,50,0,30.0,36
2024-02-19,SKU0062,57,191,30.0,36
2024-02-26,SKU0062,66,221,30.0,36
2024-03-04,SKU0062,51,0,30.0,36
2024-03-11,SKU0062,30,100,30.0,36
2024-03-18,SKU0062,31,105,30.0,36
2024-03-25,SKU0062,64,216,30.0,36
2024-04-01,SKU0062,87,293,30.0,36
2024-04-08,SKU0062,47,0,30.0,36
2024-04-15,SKU0062,72,242,30.0,36
2024-04-22,SKU0062,47,0,30.0,36
2024-04-29,SKU0062,37,112,30.0,36
2024-05-06,SKU0062,44,149,30.0,36
2024-05-13,SKU0062,64,216,30.0,36
2024-05-20,SKU0062,79,266,30.0,36
2024-05-27,SKU0062,54,0,30.0,36
2024-06-03,SKU0062,82,260,30.0,36
2024-06-10,SKU0062,77,242,30.0,36
2024-06-17,SKU0062,45,112,30.0,36
2024-06-24,SKU0062,48,160,30.0,36
2024-07-01,SKU0062,48,163,30.0,36
2024-07-08,SKU0062,87,201,30.0,36
2024-07-15,SKU0062,64,214,30.0,36
2024-07-22,SKU0062,40,0,30.0,36
2024-07-29,SKU0062,51,170,30.0,36
2024-08-05,SKU0062,62,106,30.0,36
2024-08-12,SKU0062,49,0,30.0,36
2024-08-19,SKU0062,84,280,30.0,36
2024-08-26,SKU0062,36,122,30.0,36
2024-09-02,SKU0062,82,252,30.0,36
2024-09-09,SKU0062,59,0,30.0,36
2024-09-16,SKU0062,36,0,30.0,36
2024-09-23,SKU0062,49,151,30.0,36
2024-09-30,SKU0062,45,152,30.0,36
2024-10-07,SKU0062,64,214,30.0,36
2024-10-14,SKU0062,75,251,30.0,36
2024-10-21,SKU0062,48,103,30.0,36
2024-10-28,SKU0062,46,156,30.0,36
2024-11-04,SKU0062,36,123,30.0,36
2024-11-11,SKU0062,55,185,30.0,36
2024-11-18,SKU0062,36,0,30.0,36
2024-11-25,SKU0062,82,274,30.0,36
2024-12-02,SKU0062,50,143,30.0,36
2024-12-09,SKU0062,103,241,30.0,36
2024-12-16,SKU0062,86,0,30.0,36
2024-12-23,SKU0062,84,280,30.0,36
2024-12-30,SKU0062,45,0,30.0,36
2025-01-06,SKU0062,84,273,30.0,36
2025-01-13,SKU0062,61,101,30.0,36
2025-01-20,SKU0062,61,116,30.0,36
2025-01-27,SKU0062,87,198,30.0,36
2025-02-03,SKU0062,77,223,30.0,36
2025-02-10,SKU0062,84,198,30.0,36
2025-02-17,SKU0062,30,100,30.0,36
2025-02-24,SKU0062,61,204,30.0,36
2025-03-03,SKU0062,61,205,30.0,36
2025-03-10,SKU0062,65,218,30.0,36
2025-03-17,SKU0062,69,230,30.0,36
2025-03-24,SKU0062,33,113,30.0,36
2025-03-31,SKU0062,87,251,30.0,36
2025-04-07,SKU0062,77,259,30.0,36
2025-04-14,SKU0062,51,0,30.0,36
2025-04-21,SKU0062,30,102,30.0,36
2025-04-28,SKU0062,37,124,30.0,36
2025-05-05,SKU0062,83,239,30.0,36
2025-05-12,SKU0062,59,0,30.0,36
2025-05-19,SKU0062,81,212,30.0,36
2025-05-26,SKU0062,61,0,30.0,36
2025-06-02,SKU0062,48,0,30.0,36
2025-06-09,SKU0062,61,163,30.0,36
2025-06-16,SKU0062,116,291,30.0,36
2025-06-23,SKU0062,87,0,30.0,36
2025-06-30,SKU0062,60,184,30.0,36
2025-07-07,SKU0062,93,216,30.0,36
2025-07-14,SKU0062,69,0,30.0,36
2025-07-21,SKU0062,54,0,30.0,36
2025-07-28,SKU0062,80,268,30.0,36
2025-08-04,SKU0062,89,298,30.0,36
2025-08-11,SKU0062,43,0,30.0,36
2025-08-18,SKU0062,67,144,30.0,36
2025-08-25,SKU0062,66,192,30.0,36
2025-09-01,SKU0062,58,196,30.0,36
2025-09-08,SKU0062,42,102,30.0,36
2025-09-15,SKU0062,36,120,30.0,36
2025-09-22,SKU0062,56,189,30.0,36
2025-09-29,SKU0062,52,139,30.0,36
2025-10-06,SKU0062,42,142,30.0,36
2025-10-13,SKU0062,65,145,30.0,36
2025-10-20,SKU0062,38,0,30.0,36
2025-10-27,SKU0062,49,164,30.0,36
2025-11-03,SKU0062,65,208,30.0,36
2025-11-10,SKU0062,65,218,30.0,36
2025-11-17,SKU0062,66,220,30.0,36
2025-11-24,SKU0062,52,176,30.0,36
2025-12-01,SKU0062,81,271,30.0,36
2025-12-08,SKU0062,110,275,30.0,36
2025-12-15,SKU0062,66,0,30.0,36
2025-12-22,SKU0062,58,181,30.0,36
2025-12-29,SKU0062,37,101,30.0,36
2024-01-01,SKU0063,287,0,7.0,94
2024-01-08,SKU0063,202,0,7.0,94
2024-01-15,SKU0063,107,0,7.0,94
2024-01-22,SKU0063,52,126,7.0,94
2024-01-29,SKU0063,82,275,7.0,94
2024-02-05,SKU0063,87,148,7.0,94
2024-02-12,SKU0063,107,116,7.0,94
2024-02-19,SKU0063,90,201,7.0,94
2024-02-26,SKU0063,96,132,7.0,94
2024-03-04,SKU0063,59,103,7.0,94
2024-03-11,SKU0063,32,109,7.0,94
2024-03-18,SKU0063,67,171,7.0,94
2024-03-25,SKU0063,81,154,7.0,94
2024-04-01,SKU0063,136,249,7.0,94
2024-04-08,SKU0063,115,0,7.0,94
2024-04-15,SKU0063,126,179,7.0,94
2024-04-22,SKU0063,119,290,7.0,94
2024-04-29,SKU0063,107,196,7.0,94
2024-05-06,SKU0063,99,220,7.0,94
2024-05-13,SKU0063,112,137,7.0,94
2024-05-20,SKU0063,149,239,7.0,94
2024-05-27,SKU0063,137,269,7.0,94
2024-06-03,SKU0063,99,0,7.0,94
2024-06-10,SKU0063,73,171,7.0,94
2024-06-17,SKU0063,49,143,7.0,94
2024-06-24,SKU0063,80,268,7.0,94
2024-07-01,SKU0063,108,206,7.0,94
2024-07-08,SKU0063,107,176,7.0,94
2024-07-15,SKU0063,127,208,7.0,94
2024-07-22,SKU0063,156,221,7.0,94
2024-07-29,SKU0063,142,0,7.0,94
2024-08-05,SKU0063,178,282,7.0,94
2024-08-12,SKU0063,96,0,7.0,94
2024-08-19,SKU0063,75,100,7.0,94
2024-08-26,SKU0063,99,192,7.0,94
2024-09-02,SKU0063,149,247,7.0,94
2024-09-09,SKU0063,104,0,7.0,94
2024-09-16,SKU0063,63,166,7.0,94
2024-09-23,SKU0063,120,246,7.0,94
2024-09-30,SKU0063,90,211,7.0,94
2024-10-07,SKU0063,92,236,7.0,94
2024-10-14,SKU0063,121,202,7.0,94
2024-10-21,SKU0063,117,202,7.0,94
2024-10-28,SKU0063,62,110,7.0,94
2024-11-04,SKU0063,83,159,7.0,94
2024-11-11,SKU0063,71,211,7.0,94
2024-11-18,SKU0063,77,188,7.0,94
2024-11-25,SKU0063,75,253,7.0,94
2024-12-02,SKU0063,101,213,7.0,94
2024-12-09,SKU0063,46,110,7.0,94
2024-12-16,SKU0063,96,230,7.0,94
2024-12-23,SKU0063,114,244,7.0,94
2024-12-30,SKU0063,97,0,7.0,94
2025-01-06,SKU0063,132,214,7.0,94
2025-01-13,SKU0063,118,228,7.0,94
2025-01-20,SKU0063,96,156,7.0,94
2025-01-27,SKU0063,55,130,7.0,94
2025-02-03,SKU0063,36,122,7.0,94
2025-02-10,SKU0063,54,181,7.0,94
2025-02-17,SKU0063,89,158,7.0,94
2025-02-24,SKU0063,87,291,7.0,94
2025-03-03,SKU0063,60,111,7.0,94
2025-03-10,SKU0063,88,189,7.0,94
2025-03-17,SKU0063,82,210,7.0,94
2025-03-24,SKU0063,145,254,7.0,94
2025-03-31,SKU0063,131,0,7.0,94
2025-04-07,SKU0063,123,184,7.0,94
2025-04-14,SKU0063,98,0,7.0,94
2025-04-21,SKU0063,103,157,7.0,94
2025-04-28,SKU0063,47,105,7.0,94
2025-05-05,SKU0063,101,280,7.0,94
2025-05-12,SKU0063,128,131,7.0,94
2025-05-19,SKU0063,114,249,7.0,94
2025-05-26,SKU0063,118,224,7.0,94
2025-06-02,SKU0063,105,167,7.0,94
2025-06-09,SKU0063,137,293,7.0,94
2025-06-16,SKU0063,99,0,7.0,94
2025-06-23,SKU0063,112,135,7.0,94
2025-06-30,SKU0063,95,0,7.0,94
2025-07-07,SKU0063,45,151,7.0,94
2025-07-14,SKU0063,79,164,7.0,94
2025-07-21,SKU0063,108,213,7.0,94
2025-07-28,SKU0063,126,286,7.0,94
2025-08-04,SKU0063,97,210,7.0,94
2025-08-11,SKU0063,52,127,7.0,94
2025-08-18,SKU0063,48,163,7.0,94
2025-08-25,SKU0063,55,185,7.0,94
2025-09-01,SKU0063,75,253,7.0,94
2025-09-08,SKU0063,77,257,7.0,94
2025-09-15,SKU0063,137,296,7.0,94
2025-09-22,SKU0063,104,0,7.0,94
2025-09-29,SKU0063,120,267,7.0,94
2025-10-06,SKU0063,111,271,7.0,94
2025-10-13,SKU0063,111,214,7.0,94
2025-10-20,SKU0063,129,201,7.0,94
2025-10-27,SKU0063,147,284,7.0,94
2025-11-03,SKU0063,108,0,7.0,94
2025-11-10,SKU0063,116,123,7.0,94
2025-11-17,SKU0063,111,178,7.0,94
2025-11-24,SKU0063,122,217,7.0,94
2025-12-01,SKU0063,103,248,7.0,94
2025-12-08,SKU0063,107,235,7.0,94
2025-12-15,SKU0063,128,206,7.0,94
2025-12-22,SKU0063,107,127,7.0,94
2025-12-29,SKU0063,71,173,7.0,94
2024-01-01,SKU0064,72,0,14.0,47
2024-01-08,SKU0064,75,195,14.0,47
2024-01-15,SKU0064,91,235,14.0,47
2024-01-22,SKU0064,45,151,14.0,47
2024-01-29,SKU0064,55,139,14.0,47
2024-02-05,SKU0064,111,224,14.0,47
2024-02-12,SKU0064,94,0,14.0,47
2024-02-19,SKU0064,43,145,14.0,47
2024-02-26,SKU0064,52,174,14.0,47
2024-03-04,SKU0064,119,293,14.0,47
2024-03-11,SKU0064,51,0,14.0,47
2024-03-18,SKU0064,67,224,14.0,47
2024-03-25,SKU0064,53,0,14.0,47
2024-04-01,SKU0064,86,182,14.0,47
2024-04-08,SKU0064,55,0,14.0,47
2024-04-15,SKU0064,124,289,14.0,47
2024-04-22,SKU0064,79,0,14.0,47
2024-04-29,SKU0064,56,0,14.0,47
2024-05-06,SKU0064,110,292,14.0,47
2024-05-13,SKU0064,63,0,14.0,47
2024-05-20,SKU0064,85,273,14.0,47
2024-05-27,SKU0064,82,161,14.0,47
2024-06-03,SKU0064,108,280,14.0,47
2024-06-10,SKU0064,83,121,14.0,47
2024-06-17,SKU0064,88,147,14.0,47
2024-06-24,SKU0064,88,145,14.0,47
2024-07-01,SKU0064,109,209,14.0,47
2024-07-08,SKU0064,57,0,14.0,47
2024-07-15,SKU0064,65,219,14.0,47
2024-07-22,SKU0064,52,176,14.0,47
2024-07-29,SKU0064,98,280,14.0,47
2024-08-05,SKU0064,79,239,14.0,47
2024-08-12,SKU0064,30,103,14.0,47
2024-08-19,SKU0064,62,169,14.0,47
2024-08-26,SKU0064,92,277,14.0,47
2024-09-02,SKU0064,53,0,14.0,47
2024-09-09,SKU0064,61,204,14.0,47
2024-09-16,SKU0064,95,187,14.0,47
2024-09-23,SKU0064,60,130,14.0,47
2024-09-30,SKU0064,84,271,14.0,47
2024-10-07,SKU0064,54,165,14.0,47
2024-10-14,SKU0064,60,201,14.0,47
2024-10-21,SKU0064,69,131,14.0,47
2024-10-28,SKU0064,84,282,14.0,47
2024-11-04,SKU0064,121,277,14.0,47
2024-11-11,SKU0064,78,162,14.0,47
2024-11-18,SKU0064,129,285,14.0,47
2024-11-25,SKU0064,104,0,14.0,47
2024-12-02,SKU0064,50,0,14.0,47
2024-12-09,SKU0064,64,162,14.0,47
2024-12-16,SKU0064,87,156,14.0,47
2024-12-23,SKU0064,100,249,14.0,47
2024-12-30,SKU0064,84,0,14.0,47
2025-01-06,SKU0064,98,262,14.0,47
2025-01-13,SKU0064,75,194,14.0,47
2025-01-20,SKU0064,68,188,14.0,47
2025-01-27,SKU0064,43,145,14.0,47
2025-02-03,SKU0064,30,100,14.0,47
2025-02-10,SKU0064,40,136,14.0,47
2025-02-17,SKU0064,100,247,14.0,47
2025-02-24,SKU0064,84,0,14.0,47
2025-03-03,SKU0064,69,195,14.0,47
2025-03-10,SKU0064,51,0,14.0,47
2025-03-17,SKU0064,100,243,14.0,47
2025-03-24,SKU0064,56,120,14.0,47
2025-03-31,SKU0064,75,136,14.0,47
2025-04-07,SKU0064,73,146,14.0,47
2025-04-14,SKU0064,49,104,14.0,47
2025-04-21,SKU0064,81,157,14.0,47
2025-04-28,SKU0064,92,161,14.0,47
2025-05-05,SKU0064,80,0,14.0,47
2025-05-12,SKU0064,56,114,14.0,47
2025-05-19,SKU0064,107,293,14.0,47
2025-05-26,SKU0064,104,299,14.0,47
2025-06-02,SKU0064,92,0,14.0,47
2025-06-09,SKU0064,86,193,14.0,47
2025-06-16,SKU0064,86,196,14.0,47
2025-06-23,SKU0064,62,122,14.0,47
2025-06-30,SKU0064,74,247,14.0,47
2025-07-07,SKU0064,39,132,14.0,47
2025-07-14,SKU0064,38,128,14.0,47
2025-07-21,SKU0064,69,232,14.0,47
2025-07-28,SKU0064,51,171,14.0,47
2025-08-04,SKU0064,65,219,14.0,47
2025-08-11,SKU0064,43,145,14.0,47
2025-08-18,SKU0064,87,292,14.0,47
2025-08-25,SKU0064,76,256,14.0,47
2025-09-01,SKU0064,103,196,14.0,47
2025-09-08,SKU0064,67,0,14.0,47
2025-09-15,SKU0064,66,133,14.0,47
2025-09-22,SKU0064,111,243,14.0,47
2025-09-29,SKU0064,83,188,14.0,47
2025-10-06,SKU0064,111,234,14.0,47
2025-10-13,SKU0064,82,213,14.0,47
2025-10-20,SKU0064,59,197,14.0,47
2025-10-27,SKU0064,33,112,14.0,47
2025-11-03,SKU0064,50,169,14.0,47
2025-11-10,SKU0064,82,257,14.0,47
2025-11-17,SKU0064,67,137,14.0,47
2025-11-24,SKU0064,43,146,14.0,47
2025-12-01,SKU0064,68,128,14.0,47
2025-12-08,SKU0064,46,153,14.0,47
2025-12-15,SKU0064,70,206,14.0,47
2025-12-22,SKU0064,86,261,14.0,47
2025-12-29,SKU0064,60,0,14.0,47
2024-01-01,SKU0065,80,209,14.0,118
2024-01-08,SKU0065,53,173,14.0,118
2024-01-15,SKU0065,85,284,14.0,118
2024-01-22,SKU0065,93,220,14.0,118
2024-01-29,SKU0065,87,248,14.0,118
2024-02-05,SKU0065,107,136,14.0,118
2024-02-12,SKU0065,121,234,14.0,118
2024-02-19,SKU0065,74,128,14.0,118
2024-02-26,SKU0065,73,219,14.0,118
2024-03-04,SKU0065,91,172,14.0,118
2024-03-11,SKU0065,119,274,14.0,118
2024-03-18,SKU0065,144,215,14.0,118
2024-03-25,SKU0065,125,0,14.0,118
2024-04-01,SKU0065,140,294,14.0,118
2024-04-08,SKU0065,128,0,14.0,118
2024-04-15,SKU0065,93,187,14.0,118
2024-04-22,SKU0065,142,247,14.0,118
2024-04-29,SKU0065,99,158,14.0,118
2024-05-06,SKU0065,103,156,14.0,118
2024-05-13,SKU0065,71,180,14.0,118
2024-05-20,SKU0065,71,239,14.0,118
2024-05-27,SKU0065,85,122,14.0,118
2024-06-03,SKU0065,78,234,14.0,118
2024-06-10,SKU0065,84,126,14.0,118
2024-06-17,SKU0065,95,150,14.0,118
2024-06-24,SKU0065,66,139,14.0,118
2024-07-01,SKU0065,86,244,14.0,118
2024-07-08,SKU0065,97,168,14.0,118
2024-07-15,SKU0065,84,147,14.0,118
2024-07-22,SKU0065,145,284,14.0,118
2024-07-29,SKU0065,140,183,14.0,118
2024-08-05,SKU0065,157,257,14.0,118
2024-08-12,SKU0065,127,0,14.0,118
2024-08-19,SKU0065,156,150,14.0,118
2024-08-26,SKU0065,126,0,14.0,118
2024-09-02,SKU0065,167,195,14.0,118
2024-09-09,SKU0065,140,0,14.0,118
2024-09-16,SKU0065,114,210,14.0,118
2024-09-23,SKU0065,113,140,14.0,118
2024-09-30,SKU0065,164,253,14.0,118
2024-10-07,SKU0065,151,224,14.0,118
2024-10-14,SKU0065,86,108,14.0,118
2024-10-21,SKU0065,72,160,14.0,118
2024-10-28,SKU0065,115,256,14.0,118
2024-11-04,SKU0065,157,215,14.0,118
2024-11-11,SKU0065,146,202,14.0,118
2024-11-18,SKU0065,155,196,14.0,118
2024-11-25,SKU0065,121,0,14.0,118
2024-12-02,SKU0065,131,159,14.0,118
2024-12-09,SKU0065,170,216,14.0,118
2024-12-16,SKU0065,151,149,14.0,118
2024-12-23,SKU0065,150,245,,118
2024-12-30,SKU0065,147,206,14.0,118
2025-01-06,SKU0065,126,0,14.0,118
2025-01-13,SKU0065,161,267,14.0,118
2025-01-20,SKU0065,135,229,14.0,118
2025-01-27,SKU0065,111,182,14.0,118
2025-02-03,SKU0065,144,157,14.0,118
2025-02-10,SKU0065,137,222,14.0,118
2025-02-17,SKU0065,100,162,14.0,118
2025-02-24,SKU0065,82,157,14.0,118
2025-03-03,SKU0065,83,204,14.0,118
2025-03-10,SKU0065,38,125,14.0,118
2025-03-17,SKU0065,61,205,14.0,118
2025-03-24,SKU0065,80,241,14.0,118
2025-03-31,SKU0065,135,232,14.0,118
2025-04-07,SKU0065,108,167,14.0,118
2025-04-14,SKU0065,81,159,14.0,118
2025-04-21,SKU0065,82,171,14.0,118
2025-04-28,SKU0065,114,169,14.0,118
2025-05-05,SKU0065,165,277,14.0,118
2025-05-12,SKU0065,131,139,14.0,118
2025-05-19,SKU0065,151,269,14.0,118
2025-05-26,SKU0065,174,231,14.0,118
2025-06-02,SKU0065,160,223,14.0,118
2025-06-09,SKU0065,137,0,14.0,118
2025-06-16,SKU0065,127,236,14.0,118
2025-06-23,SKU0065,134,190,14.0,118
2025-06-30,SKU0065,140,135,14.0,118
2025-07-07,SKU0065,125,130,14.0,118
2025-07-14,SKU0065,186,269,14.0,118
2025-07-21,SKU0065,134,0,14.0,118
2025-07-28,SKU0065,163,235,14.0,118
2025-08-04,SKU0065,122,0,14.0,118
2025-08-11,SKU0065,138,224,14.0,118
2025-08-18,SKU0065,180,256,14.0,118
2025-08-25,SKU0065,158,0,14.0,118
2025-09-01,SKU0065,114,130,14.0,118
2025-09-08,SKU0065,148,293,14.0,118
2025-09-15,SKU0065,129,155,14.0,118
2025-09-22,SKU0065,103,121,14.0,118
2025-09-29,SKU0065,100,198,14.0,118
2025-10-06,SKU0065,128,129,14.0,118
2025-10-13,SKU0065,122,257,14.0,118
2025-10-20,SKU0065,114,166,14.0,118
2025-10-27,SKU0065,134,152,14.0,118
2025-11-03,SKU0065,152,219,14.0,118
2025-11-10,SKU0065,133,0,14.0,118
2025-11-17,SKU0065,127,283,14.0,118
2025-11-24,SKU0065,99,163,14.0,118
2025-12-01,SKU0065,122,238,14.0,118
2025-12-08,SKU0065,132,167,14.0,118
2025-12-15,SKU0065,184,230,14.0,118
2025-12-22,SKU0065,147,113,14.0,118
2025-12-29,SKU0065,132,0,14.0,118
2024-06-03,SKU0066,212,257,21.0,138
2024-06-10,SKU0066,165,0,21.0,138
2024-06-17,SKU0066,158,211,21.0,138
2024-06-24,SKU0066,141,201,21.0,138
2024-07-01,SKU0066,154,113,21.0,138
2024-07-08,SKU0066,95,137,21.0,138
2024-07-15,SKU0066,98,254,21.0,138
2024-07-22,SKU0066,161,261,21.0,138
2024-07-29,SKU0066,143,251,21.0,138
2024-08-05,SKU0066,176,216,21.0,138
2024-08-12,SKU0066,164,0,21.0,138
2024-08-19,SKU0066,206,248,21.0,138
2024-08-26,SKU0066,138,0,21.0,138
2024-09-02,SKU0066,198,265,21.0,138
2024-09-09,SKU0066,180,0,21.0,138
2024-09-16,SKU0066,161,264,21.0,138
2024-09-23,SKU0066,166,178,21.0,138
2024-09-30,SKU0066,143,107,21.0,138
2024-10-07,SKU0066,174,138,21.0,138
2024-10-14,SKU0066,173,139,21.0,138
2024-10-21,SKU0066,151,0,21.0,138
2024-10-28,SKU0066,157,258,21.0,138
2024-11-04,SKU0066,138,0,21.0,138
2024-11-11,SKU0066,178,283,21.0,138
2024-11-18,SKU0066,162,154,21.0,138
2024-11-25,SKU0066,177,249,21.0,138
2024-12-02,SKU0066,138,0,21.0,138
2024-12-09,SKU0066,144,206,21.0,138
2024-12-16,SKU0066,134,171,21.0,138
2024-12-23,SKU0066,110,245,21.0,138
2024-12-30,SKU0066,88,222,21.0,138
2025-01-06,SKU0066,92,195,21.0,138
2025-01-13,SKU0066,123,149,21.0,138
2025-01-20,SKU0066,60,116,21.0,138
2025-01-27,SKU0066,44,148,21.0,138
2025-02-03,SKU0066,72,174,21.0,138
2025-02-10,SKU0066,86,289,21.0,138
2025-02-17,SKU0066,60,184,21.0,138
2025-02-24,SKU0066,82,276,21.0,138
2025-03-03,SKU0066,115,245,21.0,138
2025-03-10,SKU0066,91,222,21.0,138
2025-03-17,SKU0066,63,127,21.0,138
2025-03-24,SKU0066,51,102,21.0,138
2025-03-31,SKU0066,108,270,21.0,138
2025-04-07,SKU0066,98,189,21.0,138
2025-04-14,SKU0066,116,101,21.0,138
2025-04-21,SKU0066,189,299,21.0,138
2025-04-28,SKU0066,122,104,21.0,138
2025-05-05,SKU0066,107,255,21.0,138
2025-05-12,SKU0066,145,160,21.0,138
2025-05-19,SKU0066,180,269,21.0,138
2025-05-26,SKU0066,169,287,21.0,138
2025-06-02,SKU0066,187,295,21.0,138
2025-06-09,SKU0066,146,0,21.0,138
2025-06-16,SKU0066,135,206,21.0,138
2025-06-23,SKU0066,155,222,21.0,138
2025-06-30,SKU0066,140,0,21.0,138
2025-07-07,SKU0066,141,134,21.0,138
2025-07-14,SKU0066,139,119,21.0,138
2025-07-21,SKU0066,137,114,21.0,138
2025-07-28,SKU0066,202,289,21.0,138
2025-08-04,SKU0066,161,0,21.0,138
2025-08-11,SKU0066,119,123,21.0,138
2025-08-18,SKU0066,150,235,21.0,138
2025-08-25,SKU0066,153,244,21.0,138
2025-09-01,SKU0066,167,167,21.0,138
2025-09-08,SKU0066,147,0,21.0,138
2025-09-15,SKU0066,172,135,21.0,138
2025-09-22,SKU0066,209,289,21.0,138
2025-09-29,SKU0066,142,0,21.0,138
2025-10-06,SKU0066,199,272,21.0,138
2025-10-13,SKU0066,171,0,21.0,138
2025-10-20,SKU0066,150,244,21.0,138
2025-10-27,SKU0066,168,205,21.0,138
2025-11-03,SKU0066,169,166,,138
2025-11-10,SKU0066,138,0,21.0,138
2025-11-17,SKU0066,113,147,21.0,138
2025-11-24,SKU0066,155,261,21.0,138
2025-12-01,SKU0066,139,0,21.0,138
2025-12-08,SKU0066,160,251,21.0,138
2025-12-15,SKU0066,132,213,21.0,138
2025-12-22,SKU0066,137,106,21.0,138
2025-12-29,SKU0066,123,150,21.0,138
2024-01-01,SKU0067,144,0,30.0,52
2024-01-08,SKU0067,132,0,30.0,52
2024-01-15,SKU0067,101,175,,52
2024-01-22,SKU0067,128,274,30.0,52
2024-01-29,SKU0067,103,0,30.0,52
2024-02-05,SKU0067,86,130,30.0,52
2024-02-12,SKU0067,82,274,30.0,52
2024-02-19,SKU0067,95,262,30.0,52
2024-02-26,SKU0067,68,0,30.0,52
2024-03-04,SKU0067,57,190,30.0,52
2024-03-11,SKU0067,42,142,30.0,52
2024-03-18,SKU0067,34,116,30.0,52
2024-03-25,SKU0067,57,157,30.0,52
2024-04-01,SKU0067,84,281,30.0,52
2024-04-08,SKU0067,61,204,30.0,52
2024-04-15,SKU0067,52,176,30.0,52
2024-04-22,SKU0067,62,209,30.0,52
2024-04-29,SKU0067,109,243,30.0,52
2024-05-06,SKU0067,108,243,30.0,52
2024-05-13,SKU0067,93,0,30.0,52
2024-05-20,SKU0067,60,0,30.0,52
2024-05-27,SKU0067,55,184,30.0,52
2024-06-03,SKU0067,93,187,30.0,52
2024-06-10,SKU0067,91,143,30.0,52
2024-06-17,SKU0067,58,188,30.0,52
2024-06-24,SKU0067,99,273,30.0,52
2024-07-01,SKU0067,61,0,30.0,52
2024-07-08,SKU0067,62,207,30.0,52
2024-07-15,SKU0067,88,273,30.0,52
2024-07-22,SKU0067,129,298,30.0,52
2024-07-29,SKU0067,101,0,30.0,52
2024-08-05,SKU0067,52,0,30.0,52
2024-08-12,SKU0067,76,246,30.0,52
2024-08-19,SKU0067,104,288,30.0,52
2024-08-26,SKU0067,65,177,30.0,52
2024-09-02,SKU0067,105,213,30.0,52
2024-09-09,SKU0067,44,112,30.0,52
2024-09-16,SKU0067,83,262,30.0,52
2024-09-23,SKU0067,86,228,30.0,52
2024-09-30,SKU0067,64,0,30.0,52
2024-10-07,SKU0067,41,112,30.0,52
2024-10-14,SKU0067,65,200,30.0,52
2024-10-21,SKU0067,64,214,30.0,52
2024-10-28,SKU0067,77,257,30.0,52
2024-11-04,SKU0067,110,278,30.0,52
2024-11-11,SKU0067,95,265,30.0,52
2024-11-18,SKU0067,44,149,30.0,52
2024-11-25,SKU0067,42,141,30.0,52
2024-12-02,SKU0067,85,286,30.0,52
2024-12-09,SKU0067,69,163,30.0,52
2024-12-16,SKU0067,65,128,30.0,52
2024-12-23,SKU0067,61,135,30.0,52
2024-12-30,SKU0067,63,211,30.0,52
2025-01-06,SKU0067,52,175,30.0,52
2025-01-13,SKU0067,52,175,30.0,52
2025-01-20,SKU0067,95,290,30.0,52
2025-01-27,SKU0067,64,129,30.0,52
2025-02-03,SKU0067,72,243,30.0,52
2025-02-10,SKU0067,58,0,30.0,52
2025-02-17,SKU0067,75,250,30.0,52
2025-02-24,SKU0067,126,262,30.0,52
2025-03-03,SKU0067,111,214,30.0,52
2025-03-10,SKU0067,71,0,30.0,52
2025-03-17,SKU0067,86,161,30.0,52
2025-03-24,SKU0067,59,155,30.0,52
2025-03-31,SKU0067,67,226,30.0,52
2025-04-07,SKU0067,81,272,30.0,52
2025-04-14,SKU0067,65,219,30.0,52
2025-04-21,SKU0067,79,132,30.0,52
2025-04-28,SKU0067,95,232,30.0,52
2025-05-05,SKU0067,80,193,30.0,52
2025-05-12,SKU0067,65,0,30.0,52
2025-05-19,SKU0067,70,235,30.0,52
2025-05-26,SKU0067,33,111,30.0,52
2025-06-02,SKU0067,41,139,30.0,52
2025-06-09,SKU0067,86,288,30.0,52
2025-06-16,SKU0067,109,194,30.0,52
2025-06-23,SKU0067,95,0,30.0,52
2025-06-30,SKU0067,71,200,30.0,52
2025-07-07,SKU0067,72,179,30.0,52
2025-07-14,SKU0067,67,224,30.0,52
2025-07-21,SKU0067,82,126,30.0,52
2025-07-28,SKU0067,113,229,30.0,52
2025-08-04,SKU0067,71,139,30.0,52
2025-08-11,SKU0067,97,261,30.0,52
2025-08-18,SKU0067,124,253,30.0,52
2025-08-25,SKU0067,96,192,30.0,52
2025-09-01,SKU0067,62,0,30.0,52
2025-09-08,SKU0067,40,136,30.0,52
2025-09-15,SKU0067,86,287,30.0,52
2025-09-22,SKU0067,63,210,30.0,52
2025-09-29,SKU0067,49,166,30.0,52
2025-10-06,SKU0067,70,235,30.0,52
2025-10-13,SKU0067,45,152,30.0,52
2025-10-20,SKU0067,87,249,30.0,52
2025-10-27,SKU0067,93,176,30.0,52
2025-11-03,SKU0067,113,252,30.0,52
2025-11-10,SKU0067,107,220,30.0,52
2025-11-17,SKU0067,49,133,30.0,52
2025-11-24,SKU0067,84,249,30.0,52
2025-12-01,SKU0067,104,198,30.0,52
2025-12-08,SKU0067,73,0,30.0,52
2025-12-15,SKU0067,58,163,30.0,52
2025-12-22,SKU0067,56,106,30.0,52
2025-12-29,SKU0067,40,127,30.0,52
2024-01-01,SKU0068,60,164,14.0,100
2024-01-08,SKU0068,63,105,14.0,100
2024-01-15,SKU0068,48,162,14.0,100
2024-01-22,SKU0068,41,139,14.0,100
2024-01-29,SKU0068,95,223,14.0,100
2024-02-05,SKU0068,142,205,14.0,100
2024-02-12,SKU0068,142,197,14.0,100
2024-02-19,SKU0068,75,106,14.0,100
2024-02-26,SKU0068,99,115,14.0,100
2024-03-04,SKU0068,151,239,14.0,100
2024-03-11,SKU0068,164,231,,100
2024-03-18,SKU0068,100,0,14.0,100
2024-03-25,SKU0068,82,104,14.0,100
2024-04-01,SKU0068,129,229,14.0,100
2024-04-08,SKU0068,132,178,14.0,100
2024-04-15,SKU0068,100,0,14.0,100
2024-04-22,SKU0068,119,260,14.0,100
2024-04-29,SKU0068,84,209,14.0,100
2024-05-06,SKU0068,57,130,14.0,100
2024-05-13,SKU0068,134,292,14.0,100
2024-05-20,SKU0068,141,193,14.0,100
2024-05-27,SKU0068,107,193,14.0,100
2024-06-03,SKU0068,105,191,14.0,100
2024-06-10,SKU0068,79,207,14.0,100
2024-06-17,SKU0068,80,206,14.0,100
2024-06-24,SKU0068,89,299,14.0,100
2024-07-01,SKU0068,163,279,14.0,100
2024-07-08,SKU0068,137,181,14.0,100
2024-07-15,SKU0068,175,289,14.0,100
2024-07-22,SKU0068,155,0,14.0,100
2024-07-29,SKU0068,117,179,14.0,100
2024-08-05,SKU0068,73,169,14.0,100
2024-08-12,SKU0068,84,139,14.0,100
2024-08-19,SKU0068,78,225,14.0,100
2024-08-26,SKU0068,126,238,14.0,100
2024-09-02,SKU0068,159,203,14.0,100
2024-09-09,SKU0068,145,0,14.0,100
2024-09-16,SKU0068,140,263,14.0,100
2024-09-23,SKU0068,122,0,14.0,100
2024-09-30,SKU0068,102,222,14.0,100
2024-10-07,SKU0068,153,292,14.0,100
2024-10-14,SKU0068,121,0,14.0,100
2024-10-21,SKU0068,104,267,14.0,100
2024-10-28,SKU0068,59,114,14.0,100
2024-11-04,SKU0068,32,109,14.0,100
2024-11-11,SKU0068,68,229,14.0,100
2024-11-18,SKU0068,77,257,14.0,100
2024-11-25,SKU0068,110,201,14.0,100
2024-12-02,SKU0068,83,213,14.0,100
2024-12-09,SKU0068,122,208,14.0,100
2024-12-16,SKU0068,106,270,14.0,100
2024-12-23,SKU0068,102,283,14.0,100
2024-12-30,SKU0068,102,110,14.0,100
2025-01-06,SKU0068,133,152,14.0,100
2025-01-13,SKU0068,99,183,14.0,100
2025-01-20,SKU0068,118,232,14.0,100
2025-01-27,SKU0068,168,250,14.0,100
2025-02-03,SKU0068,151,0,14.0,100
2025-02-10,SKU0068,136,0,14.0,100
2025-02-17,SKU0068,123,0,14.0,100
2025-02-24,SKU0068,78,131,14.0,100
2025-03-03,SKU0068,84,217,14.0,100
2025-03-10,SKU0068,52,122,14.0,100
2025-03-17,SKU0068,77,257,14.0,100
2025-03-24,SKU0068,92,217,14.0,100
2025-03-31,SKU0068,121,272,14.0,100
2025-04-07,SKU0068,150,241,14.0,100
2025-04-14,SKU0068,136,219,14.0,100
2025-04-21,SKU0068,114,219,14.0,100
2025-04-28,SKU0068,74,197,14.0,100
2025-05-05,SKU0068,43,110,14.0,100
2025-05-12,SKU0068,73,244,14.0,100
2025-05-19,SKU0068,128,289,14.0,100
2025-05-26,SKU0068,114,131,14.0,100
2025-06-02,SKU0068,115,288,14.0,100
2025-06-09,SKU0068,127,288,14.0,100
2025-06-16,SKU0068,94,119,14.0,100
2025-06-23,SKU0068,40,108,14.0,100
2025-06-30,SKU0068,65,149,14.0,100
2025-07-07,SKU0068,95,268,14.0,100
2025-07-14,SKU0068,59,178,14.0,100
2025-07-21,SKU0068,68,228,14.0,100
2025-07-28,SKU0068,70,185,14.0,100
2025-08-04,SKU0068,73,246,14.0,100
2025-08-11,SKU0068,91,152,14.0,100
2025-08-18,SKU0068,95,153,14.0,100
2025-08-25,SKU0068,95,282,14.0,100
2025-09-01,SKU0068,135,294,14.0,100
2025-09-08,SKU0068,149,183,14.0,100
2025-09-15,SKU0068,127,125,14.0,100
2025-09-22,SKU0068,108,198,14.0,100
2025-09-29,SKU0068,48,102,14.0,100
2025-10-06,SKU0068,87,293,14.0,100
2025-10-13,SKU0068,137,285,14.0,100
2025-10-20,SKU0068,147,221,14.0,100
2025-10-27,SKU0068,102,0,14.0,100
2025-11-03,SKU0068,167,277,14.0,100
2025-11-10,SKU0068,105,0,14.0,100
2025-11-17,SKU0068,144,180,14.0,100
2025-11-24,SKU0068,115,107,14.0,100
2025-12-01,SKU0068,106,295,14.0,100
2025-12-08,SKU0068,57,129,14.0,100
2025-12-15,SKU0068,44,147,14.0,100
2025-12-22,SKU0068,44,147,14.0,100
2025-12-29,SKU0068,77,257,14.0,100
2024-01-01,SKU0069,102,0,21.0,92
2024-01-08,SKU0069,57,125,21.0,92
2024-01-15,SKU0069,67,225,21.0,92
2024-01-22,SKU0069,31,105,21.0,92
2024-01-29,SKU0069,53,179,21.0,92
2024-02-05,SKU0069,78,261,21.0,92
2024-02-12,SKU0069,39,132,21.0,92
2024-02-19,SKU0069,53,152,21.0,92
2024-02-26,SKU0069,79,180,21.0,92
2024-03-04,SKU0069,36,122,21.0,92
2024-03-11,SKU0069,79,222,21.0,92
2024-03-18,SKU0069,94,224,21.0,92
2024-03-25,SKU0069,107,145,21.0,92
2024-04-01,SKU0069,115,215,21.0,92
2024-04-08,SKU0069,100,202,21.0,92
2024-04-15,SKU0069,134,175,21.0,92
2024-04-22,SKU0069,90,161,21.0,92
2024-04-29,SKU0069,76,227,21.0,92
2024-05-06,SKU0069,107,233,21.0,92
2024-05-13,SKU0069,162,299,21.0,92
2024-05-20,SKU0069,139,166,21.0,92
2024-05-27,SKU0069,164,281,21.0,92
2024-06-03,SKU0069,118,0,21.0,92
2024-06-10,SKU0069,109,257,21.0,92
2024-06-17,SKU0069,99,248,21.0,92
2024-06-24,SKU0069,103,233,21.0,92
2024-07-01,SKU0069,142,255,21.0,92
2024-07-08,SKU0069,122,114,21.0,92
2024-07-15,SKU0069,84,129,21.0,92
2024-07-22,SKU0069,129,214,21.0,92
2024-07-29,SKU0069,129,257,21.0,92
2024-08-05,SKU0069,102,0,21.0,92
2024-08-12,SKU0069,98,264,21.0,92
2024-08-19,SKU0069,75,184,21.0,92
2024-08-26,SKU0069,39,131,21.0,92
2024-09-02,SKU0069,63,211,21.0,92
2024-09-09,SKU0069,93,206,21.0,92
2024-09-16,SKU0069,149,261,21.0,92
2024-09-23,SKU0069,93,113,21.0,92
2024-09-30,SKU0069,161,274,21.0,92
2024-10-07,SKU0069,170,297,21.0,92
2024-10-14,SKU0069,119,0,21.0,92
2024-10-21,SKU0069,98,133,21.0,92
2024-10-28,SKU0069,136,224,21.0,92
2024-11-04,SKU0069,125,0,21.0,92
2024-11-11,SKU0069,120,224,21.0,92
2024-11-18,SKU0069,99,226,21.0,92
2024-11-25,SKU0069,143,210,21.0,92
2024-12-02,SKU0069,96,0,21.0,92
2024-12-09,SKU0069,88,141,21.0,92
2024-12-16,SKU0069,76,184,21.0,92
2024-12-23,SKU0069,98,114,21.0,92
2024-12-30,SKU0069,62,198,,92
2025-01-06,SKU0069,66,222,21.0,92
2025-01-13,SKU0069,131,261,21.0,92
2025-01-20,SKU0069,113,170,21.0,92
2025-01-27,SKU0069,143,236,21.0,92
2025-02-03,SKU0069,117,0,21.0,92
2025-02-10,SKU0069,110,240,21.0,92
2025-02-17,SKU0069,97,0,21.0,92
2025-02-24,SKU0069,95,208,21.0,92
2025-03-03,SKU0069,60,129,21.0,92
2025-03-10,SKU0069,77,152,21.0,92
2025-03-17,SKU0069,95,148,21.0,92
2025-03-24,SKU0069,134,266,21.0,92
2025-03-31,SKU0069,119,0,21.0,92
2025-04-07,SKU0069,143,228,21.0,92
2025-04-14,SKU0069,162,263,21.0,92
2025-04-21,SKU0069,138,0,21.0,92
2025-04-28,SKU0069,158,272,21.0,92
2025-05-05,SKU0069,103,0,21.0,92
2025-05-12,SKU0069,91,152,21.0,92
2025-05-19,SKU0069,54,160,21.0,92
2025-05-26,SKU0069,83,279,21.0,92
2025-06-02,SKU0069,75,253,21.0,92
2025-06-09,SKU0069,73,140,21.0,92
2025-06-16,SKU0069,69,233,21.0,92
2025-06-23,SKU0069,67,141,21.0,92
2025-06-30,SKU0069,55,186,21.0,92
2025-07-07,SKU0069,79,237,21.0,92
2025-07-14,SKU0069,84,231,21.0,92
2025-07-21,SKU0069,57,126,21.0,92
2025-07-28,SKU0069,112,256,21.0,92
2025-08-04,SKU0069,141,234,21.0,92
2025-08-11,SKU0069,128,0,21.0,92
2025-08-18,SKU0069,143,285,21.0,92
2025-08-25,SKU0069,109,0,21.0,92
2025-09-01,SKU0069,157,251,21.0,92
2025-09-08,SKU0069,125,157,21.0,92
2025-09-15,SKU0069,138,297,21.0,92
2025-09-22,SKU0069,119,257,21.0,92
2025-09-29,SKU0069,96,197,21.0,92
2025-10-06,SKU0069,100,161,21.0,92
2025-10-13,SKU0069,85,233,21.0,92
2025-10-20,SKU0069,47,157,21.0,92
2025-10-27,SKU0069,99,266,21.0,92
2025-11-03,SKU0069,127,287,21.0,92
2025-11-10,SKU0069,109,170,21.0,92
2025-11-17,SKU0069,137,226,21.0,92
2025-11-24,SKU0069,110,204,21.0,92
2025-12-01,SKU0069,125,256,21.0,92
2025-12-08,SKU0069,117,117,21.0,92
2025-12-15,SKU0069,148,269,21.0,92
2025-12-22,SKU0069,146,215,21.0,92
2025-12-29,SKU0069,107,0,21.0,92
2024-01-01,SKU0070,251,0,21.0,116
2024-01-08,SKU0070,233,0,21.0,116
2024-01-15,SKU0070,144,0,21.0,116
2024-01-22,SKU0070,131,154,21.0,116
2024-01-29,SKU0070,107,185,21.0,116
2024-02-05,SKU0070,73,196,21.0,116
2024-02-12,SKU0070,116,248,21.0,116
2024-02-19,SKU0070,82,102,21.0,116
2024-02-26,SKU0070,123,180,21.0,116
2024-03-04,SKU0070,102,120,21.0,116
2024-03-11,SKU0070,142,223,21.0,116
2024-03-18,SKU0070,117,0,21.0,116
2024-03-25,SKU0070,141,276,21.0,116
2024-04-01,SKU0070,120,0,21.0,116
2024-04-08,SKU0070,124,253,21.0,116
2024-04-15,SKU0070,174,223,21.0,116
2024-04-22,SKU0070,112,100,21.0,116
2024-04-29,SKU0070,103,215,21.0,116
2024-05-06,SKU0070,84,103,21.0,116
2024-05-13,SKU0070,116,187,21.0,116
2024-05-20,SKU0070,80,137,21.0,116
2024-05-27,SKU0070,79,122,21.0,116
2024-06-03,SKU0070,40,110,21.0,116
2024-06-10,SKU0070,57,190,21.0,116
2024-06-17,SKU0070,82,274,21.0,116
2024-06-24,SKU0070,80,193,,116
2024-07-01,SKU0070,120,255,21.0,116
2024-07-08,SKU0070,176,241,21.0,116
2024-07-15,SKU0070,131,0,21.0,116
2024-07-22,SKU0070,149,266,21.0,116
2024-07-29,SKU0070,153,220,21.0,116
2024-08-05,SKU0070,122,203,21.0,116
2024-08-12,SKU0070,162,290,21.0,116
2024-08-19,SKU0070,119,0,21.0,116
2024-08-26,SKU0070,177,247,21.0,116
2024-09-02,SKU0070,157,0,21.0,116
2024-09-09,SKU0070,120,0,21.0,116
2024-09-16,SKU0070,168,216,21.0,116
2024-09-23,SKU0070,111,136,21.0,116
2024-09-30,SKU0070,143,277,21.0,116
2024-10-07,SKU0070,182,262,21.0,116
2024-10-14,SKU0070,167,0,21.0,116
2024-10-21,SKU0070,151,245,21.0,116
2024-10-28,SKU0070,140,0,21.0,116
2024-11-04,SKU0070,136,121,21.0,116
2024-11-11,SKU0070,113,189,21.0,116
2024-11-18,SKU0070,157,215,21.0,116
2024-11-25,SKU0070,139,264,21.0,116
2024-12-02,SKU0070,170,220,21.0,116
2024-12-09,SKU0070,143,0,21.0,116
2024-12-16,SKU0070,133,224,21.0,116
2024-12-23,SKU0070,127,236,21.0,116
2024-12-30,SKU0070,117,168,21.0,116
2025-01-06,SKU0070,107,256,21.0,116
2025-01-13,SKU0070,137,280,21.0,116
2025-01-20,SKU0070,126,0,21.0,116
2025-01-27,SKU0070,197,274,21.0,116
2025-02-03,SKU0070,159,0,21.0,116
2025-02-10,SKU0070,117,0,21.0,116
2025-02-17,SKU0070,145,167,21.0,116
2025-02-24,SKU0070,164,237,21.0,116
2025-03-03,SKU0070,119,0,21.0,116
2025-03-10,SKU0070,125,232,21.0,116
2025-03-17,SKU0070,92,191,21.0,116
2025-03-24,SKU0070,37,100,21.0,116
2025-03-31,SKU0070,104,282,21.0,116
2025-04-07,SKU0070,144,219,21.0,116
2025-04-14,SKU0070,131,0,21.0,116
2025-04-21,SKU0070,106,249,21.0,116
2025-04-28,SKU0070,143,225,21.0,116
2025-05-05,SKU0070,172,278,21.0,116
2025-05-12,SKU0070,128,0,21.0,116
2025-05-19,SKU0070,167,231,21.0,116
2025-05-26,SKU0070,167,255,21.0,116
2025-06-02,SKU0070,147,0,21.0,116
2025-06-09,SKU0070,164,189,21.0,116
2025-06-16,SKU0070,137,171,21.0,116
2025-06-23,SKU0070,145,212,21.0,116
2025-06-30,SKU0070,138,172,21.0,116
2025-07-07,SKU0070,162,167,21.0,116
2025-07-14,SKU0070,165,293,21.0,116
2025-07-21,SKU0070,176,225,21.0,116
2025-07-28,SKU0070,126,120,21.0,116
2025-08-04,SKU0070,171,252,21.0,116
2025-08-11,SKU0070,175,205,21.0,116
2025-08-18,SKU0070,157,0,21.0,116
2025-08-25,SKU0070,120,0,21.0,116
2025-09-01,SKU0070,128,252,21.0,116
2025-09-08,SKU0070,87,123,21.0,116
2025-09-15,SKU0070,97,198,21.0,116
2025-09-22,SKU0070,101,238,21.0,116
2025-09-29,SKU0070,102,166,21.0,116
2025-10-06,SKU0070,129,287,21.0,116
2025-10-13,SKU0070,111,148,21.0,116
2025-10-20,SKU0070,67,101,21.0,116
2025-10-27,SKU0070,30,102,,116
2025-11-03,SKU0070,47,133,21.0,116
2025-11-10,SKU0070,58,194,21.0,116
2025-11-17,SKU0070,66,129,21.0,116
2025-11-24,SKU0070,75,251,21.0,116
2025-12-01,SKU0070,109,291,21.0,116
2025-12-08,SKU0070,64,166,21.0,116
2025-12-15,SKU0070,36,123,21.0,116
2025-12-22,SKU0070,61,204,21.0,116
2025-12-29,SKU0070,58,120,21.0,116
2024-01-01,SKU0071,331,0,7.0,91
2024-01-08,SKU0071,270,0,7.0,91
2024-01-15,SKU0071,184,0,7.0,91
2024-01-22,SKU0071,139,0,7.0,91
2024-01-29,SKU0071,112,0,7.0,91
2024-02-05,SKU0071,112,105,7.0,91
2024-02-12,SKU0071,151,273,7.0,91
2024-02-19,SKU0071,101,0,7.0,91
2024-02-26,SKU0071,109,247,7.0,91
2024-03-04,SKU0071,122,299,7.0,91
2024-03-11,SKU0071,137,170,7.0,91
2024-03-18,SKU0071,108,149,7.0,91
2024-03-25,SKU0071,154,277,7.0,91
2024-04-01,SKU0071,129,0,7.0,91
2024-04-08,SKU0071,154,279,7.0,91
2024-04-15,SKU0071,99,0,7.0,91
2024-04-22,SKU0071,40,131,7.0,91
2024-04-29,SKU0071,69,133,7.0,91
2024-05-06,SKU0071,63,212,7.0,91
2024-05-13,SKU0071,91,226,7.0,91
2024-05-20,SKU0071,147,299,7.0,91
2024-05-27,SKU0071,134,0,7.0,91
2024-06-03,SKU0071,120,243,7.0,91
2024-06-10,SKU0071,100,0,7.0,91
2024-06-17,SKU0071,104,179,7.0,91
2024-06-24,SKU0071,65,190,7.0,91
2024-07-01,SKU0071,43,116,7.0,91
2024-07-08,SKU0071,65,192,7.0,91
2024-07-15,SKU0071,81,271,7.0,91
2024-07-22,SKU0071,50,169,7.0,91
2024-07-29,SKU0071,67,141,7.0,91
2024-08-05,SKU0071,36,123,7.0,91
2024-08-12,SKU0071,34,114,7.0,91
2024-08-19,SKU0071,32,108,7.0,91
2024-08-26,SKU0071,60,200,7.0,91
2024-09-02,SKU0071,89,297,7.0,91
2024-09-09,SKU0071,71,218,7.0,91
2024-09-16,SKU0071,110,209,7.0,91
2024-09-23,SKU0071,108,186,7.0,91
2024-09-30,SKU0071,135,150,7.0,91
2024-10-07,SKU0071,97,0,7.0,91
2024-10-14,SKU0071,153,275,7.0,91
2024-10-21,SKU0071,138,0,7.0,91
2024-10-28,SKU0071,113,0,7.0,91
2024-11-04,SKU0071,149,254,7.0,91
2024-11-11,SKU0071,99,0,7.0,91
2024-11-18,SKU0071,86,203,7.0,91
2024-11-25,SKU0071,88,282,7.0,91
2024-12-02,SKU0071,65,218,7.0,91
2024-12-09,SKU0071,87,293,7.0,91
2024-12-16,SKU0071,56,124,7.0,91
2024-12-23,SKU0071,54,121,7.0,91
2024-12-30,SKU0071,52,162,7.0,91
2025-01-06,SKU0071,118,272,7.0,91
2025-01-13,SKU0071,118,154,7.0,91
2025-01-20,SKU0071,150,252,7.0,91
2025-01-27,SKU0071,129,0,7.0,91
2025-02-03,SKU0071,88,126,7.0,91
2025-02-10,SKU0071,99,163,7.0,91
2025-02-17,SKU0071,116,291,7.0,91
2025-02-24,SKU0071,144,279,7.0,91
2025-03-03,SKU0071,110,0,7.0,91
2025-03-10,SKU0071,119,198,7.0,91
2025-03-17,SKU0071,131,178,7.0,91
2025-03-24,SKU0071,111,207,7.0,91
2025-03-31,SKU0071,102,240,7.0,91
2025-04-07,SKU0071,95,185,7.0,91
2025-04-14,SKU0071,41,110,7.0,91
2025-04-21,SKU0071,51,131,7.0,91
2025-04-28,SKU0071,61,205,7.0,91
2025-05-05,SKU0071,32,107,7.0,91
2025-05-12,SKU0071,42,140,7.0,91
2025-05-19,SKU0071,60,202,7.0,91
2025-05-26,SKU0071,50,169,7.0,91
2025-06-02,SKU0071,79,249,7.0,91
2025-06-09,SKU0071,121,188,7.0,91
2025-06-16,SKU0071,91,136,7.0,91
2025-06-23,SKU0071,129,252,7.0,91
2025-06-30,SKU0071,108,252,7.0,91
2025-07-07,SKU0071,140,269,7.0,91
2025-07-14,SKU0071,92,124,7.0,91
2025-07-21,SKU0071,129,243,7.0,91
2025-07-28,SKU0071,149,219,7.0,91
2025-08-04,SKU0071,94,0,7.0,91
2025-08-11,SKU0071,145,290,7.0,91
2025-08-18,SKU0071,119,237,7.0,91
2025-08-25,SKU0071,124,143,7.0,91
2025-09-01,SKU0071,110,252,7.0,91
2025-09-08,SKU0071,116,268,7.0,91
2025-09-15,SKU0071,93,0,7.0,91
2025-09-22,SKU0071,140,296,7.0,91
2025-09-29,SKU0071,127,178,7.0,91
2025-10-06,SKU0071,98,0,7.0,91
2025-10-13,SKU0071,118,282,7.0,91
2025-10-20,SKU0071,99,0,7.0,91
2025-10-27,SKU0071,60,195,7.0,91
2025-11-03,SKU0071,81,270,7.0,91
2025-11-10,SKU0071,91,178,7.0,91
2025-11-17,SKU0071,72,150,7.0,91
2025-11-24,SKU0071,66,115,7.0,91
2025-12-01,SKU0071,89,297,7.0,91
2025-12-08,SKU0071,57,116,7.0,91
2025-12-15,SKU0071,47,158,7.0,91
2025-12-22,SKU0071,82,275,7.0,91
2025-12-29,SKU0071,102,172,7.0,91
2025-03-31,SKU0072,151,0,21.0,71
2025-04-07,SKU0072,100,0,21.0,71
2025-04-14,SKU0072,84,0,21.0,71
2025-04-21,SKU0072,64,215,21.0,71
2025-04-28,SKU0072,109,273,21.0,71
2025-05-05,SKU0072,55,115,21.0,71
2025-05-12,SKU0072,60,202,21.0,71
2025-05-19,SKU0072,97,255,21.0,71
2025-05-26,SKU0072,138,259,21.0,71
2025-06-02,SKU0072,82,143,21.0,71
2025-06-09,SKU0072,108,290,21.0,71
2025-06-16,SKU0072,103,289,21.0,71
2025-06-23,SKU0072,101,282,21.0,71
2025-06-30,SKU0072,56,158,21.0,71
2025-07-07,SKU0072,43,145,21.0,71
2025-07-14,SKU0072,95,238,21.0,71
2025-07-21,SKU0072,51,172,21.0,71
2025-07-28,SKU0072,81,270,21.0,71
2025-08-04,SKU0072,78,109,21.0,71
2025-08-11,SKU0072,82,274,21.0,71
2025-08-18,SKU0072,47,100,21.0,71
2025-08-25,SKU0072,87,290,21.0,71
2025-09-01,SKU0072,68,111,21.0,71
2025-09-08,SKU0072,44,143,21.0,71
2025-09-15,SKU0072,80,269,21.0,71
2025-09-22,SKU0072,92,207,21.0,71
2025-09-29,SKU0072,79,0,21.0,71
2025-10-06,SKU0072,116,295,21.0,71
2025-10-13,SKU0072,73,0,21.0,71
2025-10-20,SKU0072,54,181,21.0,71
2025-10-27,SKU0072,36,122,21.0,71
2025-11-03,SKU0072,83,278,21.0,71
2025-11-10,SKU0072,144,282,21.0,71
2025-11-17,SKU0072,123,0,21.0,71
2025-11-24,SKU0072,71,0,21.0,71
2025-12-01,SKU0072,82,276,21.0,71
2025-12-08,SKU0072,30,100,21.0,71
2025-12-15,SKU0072,39,132,21.0,71
2025-12-22,SKU0072,96,239,21.0,71
2025-12-29,SKU0072,106,249,21.0,71
2024-01-01,SKU0073,128,0,21.0,94
2024-01-08,SKU0073,142,280,21.0,94
2024-01-15,SKU0073,120,149,21.0,94
2024-01-22,SKU0073,73,153,21.0,94
2024-01-29,SKU0073,31,105,21.0,94
2024-02-05,SKU0073,47,159,21.0,94
2024-02-12,SKU0073,39,133,21.0,94
2024-02-19,SKU0073,58,106,21.0,94
2024-02-26,SKU0073,80,268,21.0,94
2024-03-04,SKU0073,133,227,21.0,94
2024-03-11,SKU0073,173,273,21.0,94
2024-03-18,SKU0073,133,160,21.0,94
2024-03-25,SKU0073,115,217,21.0,94
2024-04-01,SKU0073,140,178,21.0,94
2024-04-08,SKU0073,85,146,21.0,94
2024-04-15,SKU0073,106,165,21.0,94
2024-04-22,SKU0073,170,283,21.0,94
2024-04-29,SKU0073,142,0,21.0,94
2024-05-06,SKU0073,147,290,21.0,94
2024-05-13,SKU0073,122,0,21.0,94
2024-05-20,SKU0073,118,107,21.0,94
2024-05-27,SKU0073,102,225,21.0,94
2024-06-03,SKU0073,64,117,21.0,94
2024-06-10,SKU0073,63,212,21.0,94
2024-06-17,SKU0073,75,253,21.0,94
2024-06-24,SKU0073,123,203,21.0,94
2024-07-01,SKU0073,143,195,21.0,94
2024-07-08,SKU0073,122,152,21.0,94
2024-07-15,SKU0073,136,231,21.0,94
2024-07-22,SKU0073,103,0,21.0,94
2024-07-29,SKU0073,96,163,21.0,94
2024-08-05,SKU0073,62,146,21.0,94
2024-08-12,SKU0073,83,223,21.0,94
2024-08-19,SKU0073,80,168,21.0,94
2024-08-26,SKU0073,121,249,21.0,94
2024-09-02,SKU0073,107,218,21.0,94
2024-09-09,SKU0073,88,115,21.0,94
2024-09-16,SKU0073,120,244,21.0,94
2024-09-23,SKU0073,104,0,21.0,94
2024-09-30,SKU0073,143,223,21.0,94
2024-10-07,SKU0073,79,110,21.0,94
2024-10-14,SKU0073,155,299,21.0,94
2024-10-21,SKU0073,122,0,21.0,94
2024-10-28,SKU0073,135,293,21.0,94
2024-11-04,SKU0073,114,197,21.0,94
2024-11-11,SKU0073,117,272,21.0,94
2024-11-18,SKU0073,131,221,21.0,94
2024-11-25,SKU0073,98,0,21.0,94
2024-12-02,SKU0073,57,135,21.0,94
2024-12-09,SKU0073,46,151,21.0,94
2024-12-16,SKU0073,46,156,21.0,94
2024-12-23,SKU0073,77,259,21.0,94
2024-12-30,SKU0073,77,142,21.0,94
2025-01-06,SKU0073,30,102,21.0,94
2025-01-13,SKU0073,79,264,21.0,94
2025-01-20,SKU0073,65,132,21.0,94
2025-01-27,SKU0073,98,185,21.0,94
2025-02-03,SKU0073,95,185,21.0,94
2025-02-10,SKU0073,107,132,21.0,94
2025-02-17,SKU0073,128,172,21.0,94
2025-02-24,SKU0073,108,209,21.0,94
2025-03-03,SKU0073,80,158,21.0,94
2025-03-10,SKU0073,126,285,21.0,94
2025-03-17,SKU0073,127,205,21.0,94
2025-03-24,SKU0073,104,0,21.0,94
2025-03-31,SKU0073,107,255,21.0,94
2025-04-07,SKU0073,62,179,21.0,94
2025-04-14,SKU0073,59,199,21.0,94
2025-04-21,SKU0073,68,227,21.0,94
2025-04-28,SKU0073,35,118,21.0,94
2025-05-05,SKU0073,30,103,21.0,94
2025-05-12,SKU0073,67,225,21.0,94
2025-05-19,SKU0073,89,200,21.0,94
2025-05-26,SKU0073,111,245,21.0,94
2025-06-02,SKU0073,66,114,21.0,94
2025-06-09,SKU0073,54,180,21.0,94
2025-06-16,SKU0073,42,141,21.0,94
2025-06-23,SKU0073,31,105,21.0,94
2025-06-30,SKU0073,34,114,21.0,94
2025-07-07,SKU0073,87,293,,94
2025-07-14,SKU0073,71,140,21.0,94
2025-07-21,SKU0073,120,252,,94
2025-07-28,SKU0073,96,0,21.0,94
2025-08-04,SKU0073,143,252,21.0,94
2025-08-11,SKU0073,172,283,21.0,94
2025-08-18,SKU0073,129,0,21.0,94
2025-08-25,SKU0073,107,187,21.0,94
2025-09-01,SKU0073,80,153,,94
2025-09-08,SKU0073,60,106,21.0,94
2025-09-15,SKU0073,93,260,21.0,94
2025-09-22,SKU0073,130,175,21.0,94
2025-09-29,SKU0073,143,273,21.0,94
2025-10-06,SKU0073,119,164,21.0,94
2025-10-13,SKU0073,105,0,21.0,94
2025-10-20,SKU0073,74,181,21.0,94
2025-10-27,SKU0073,44,149,21.0,94
2025-11-03,SKU0073,69,150,21.0,94
2025-11-10,SKU0073,52,162,21.0,94
2025-11-17,SKU0073,65,159,21.0,94
2025-11-24,SKU0073,123,277,21.0,94
2025-12-01,SKU0073,112,270,21.0,94
2025-12-08,SKU0073,130,256,21.0,94
2025-12-15,SKU0073,151,274,21.0,94
2025-12-22,SKU0073,96,111,21.0,94
2025-12-29,SKU0073,75,250,21.0,94
2024-01-01,SKU0074,230,0,30.0,140
2024-01-08,SKU0074,151,0,30.0,140
2024-01-15,SKU0074,167,127,30.0,140
2024-01-22,SKU0074,198,227,30.0,140
2024-01-29,SKU0074,141,129,30.0,140
2024-02-05,SKU0074,118,177,30.0,140
2024-02-12,SKU0074,83,147,30.0,140
2024-02-19,SKU0074,75,193,30.0,140
2024-02-26,SKU0074,48,162,30.0,140
2024-03-04,SKU0074,82,231,30.0,140
2024-03-11,SKU0074,115,159,30.0,140
2024-03-18,SKU0074,138,119,30.0,140
2024-03-25,SKU0074,129,103,30.0,140
2024-04-01,SKU0074,119,213,30.0,140
2024-04-08,SKU0074,168,245,30.0,140
2024-04-15,SKU0074,203,262,30.0,140
2024-04-22,SKU0074,188,222,30.0,140
2024-04-29,SKU0074,163,0,30.0,140
2024-05-06,SKU0074,141,131,30.0,140
2024-05-13,SKU0074,146,174,30.0,140
2024-05-20,SKU0074,196,219,30.0,140
2024-05-27,SKU0074,168,174,30.0,140
2024-06-03,SKU0074,149,0,30.0,140
2024-06-10,SKU0074,199,289,30.0,140
2024-06-17,SKU0074,186,241,30.0,140
2024-06-24,SKU0074,171,0,30.0,140
2024-07-01,SKU0074,184,263,30.0,140
2024-07-08,SKU0074,160,0,30.0,140
2024-07-15,SKU0074,147,147,30.0,140
2024-07-22,SKU0074,183,278,30.0,140
2024-07-29,SKU0074,172,164,30.0,140
2024-08-05,SKU0074,151,242,30.0,140
2024-08-12,SKU0074,189,168,30.0,140
2024-08-19,SKU0074,141,0,30.0,140
2024-08-26,SKU0074,109,150,30.0,140
2024-09-02,SKU0074,64,158,30.0,140
2024-09-09,SKU0074,86,238,30.0,140
2024-09-16,SKU0074,74,215,30.0,140
2024-09-23,SKU0074,50,101,30.0,140
2024-09-30,SKU0074,59,135,30.0,140
2024-10-07,SKU0074,126,283,30.0,140
2024-10-14,SKU0074,146,212,30.0,140
2024-10-21,SKU0074,123,220,30.0,140
2024-10-28,SKU0074,158,191,30.0,140
2024-11-04,SKU0074,129,221,30.0,140
2024-11-11,SKU0074,116,259,30.0,140
2024-11-18,SKU0074,82,135,30.0,140
2024-11-25,SKU0074,38,104,30.0,140
2024-12-02,SKU0074,53,177,30.0,140
2024-12-09,SKU0074,81,162,30.0,140
2024-12-16,SKU0074,82,276,30.0,140
2024-12-23,SKU0074,79,195,30.0,140
2024-12-30,SKU0074,55,151,30.0,140
2025-01-06,SKU0074,47,157,30.0,140
2025-01-13,SKU0074,42,142,30.0,140
2025-01-20,SKU0074,81,270,30.0,140
2025-01-27,SKU0074,86,116,30.0,140
2025-02-03,SKU0074,49,164,30.0,140
2025-02-10,SKU0074,101,210,30.0,140
2025-02-17,SKU0074,67,165,30.0,140
2025-02-24,SKU0074,67,226,30.0,140
2025-03-03,SKU0074,107,220,30.0,140
2025-03-10,SKU0074,124,195,30.0,140
2025-03-17,SKU0074,81,119,30.0,140
2025-03-24,SKU0074,106,155,30.0,140
2025-03-31,SKU0074,108,136,30.0,140
2025-04-07,SKU0074,171,283,30.0,140
2025-04-14,SKU0074,209,267,30.0,140
2025-04-21,SKU0074,171,0,30.0,140
2025-04-28,SKU0074,157,177,30.0,140
2025-05-05,SKU0074,209,278,30.0,140
2025-05-12,SKU0074,179,199,30.0,140
2025-05-19,SKU0074,143,137,30.0,140
2025-05-26,SKU0074,144,108,30.0,140
2025-06-02,SKU0074,121,210,30.0,140
2025-06-09,SKU0074,156,290,30.0,140
2025-06-16,SKU0074,153,298,30.0,140
2025-06-23,SKU0074,143,0,30.0,140
2025-06-30,SKU0074,116,222,30.0,140
2025-07-07,SKU0074,123,273,30.0,140
2025-07-14,SKU0074,109,219,30.0,140
2025-07-21,SKU0074,146,280,30.0,140
2025-07-28,SKU0074,94,154,30.0,140
2025-08-04,SKU0074,96,118,30.0,140
2025-08-11,SKU0074,121,149,30.0,140
2025-08-18,SKU0074,171,275,30.0,140
2025-08-25,SKU0074,161,207,30.0,140
2025-09-01,SKU0074,118,174,30.0,140
2025-09-08,SKU0074,147,290,30.0,140
2025-09-15,SKU0074,141,281,30.0,140
2025-09-22,SKU0074,158,213,30.0,140
2025-09-29,SKU0074,130,128,30.0,140
2025-10-06,SKU0074,86,117,30.0,140
2025-10-13,SKU0074,82,110,30.0,140
2025-10-20,SKU0074,33,112,30.0,140
2025-10-27,SKU0074,51,171,30.0,140
2025-11-03,SKU0074,61,205,30.0,140
2025-11-10,SKU0074,110,205,30.0,140
2025-11-17,SKU0074,67,112,30.0,140
2025-11-24,SKU0074,60,130,30.0,140
2025-12-01,SKU0074,33,110,30.0,140
2025-12-08,SKU0074,85,275,30.0,140
2025-12-15,SKU0074,68,228,30.0,140
2025-12-22,SKU0074,34,104,30.0,140
2025-12-29,SKU0074,47,158,30.0,140
2024-10-28,SKU0075,164,0,14.0,94
2024-11-04,SKU0075,135,0,14.0,94
2024-11-11,SKU0075,172,299,14.0,94
2024-11-18,SKU0075,95,0,14.0,94
2024-11-25,SKU0075,89,151,14.0,94
2024-12-02,SKU0075,83,220,14.0,94
2024-12-09,SKU0075,90,267,14.0,94
2024-12-16,SKU0075,114,258,14.0,94
2024-12-23,SKU0075,177,285,14.0,94
2024-12-30,SKU0075,109,0,14.0,94
2025-01-06,SKU0075,152,198,14.0,94
2025-01-13,SKU0075,126,0,14.0,94
2025-01-20,SKU0075,114,0,14.0,94
2025-01-27,SKU0075,134,275,14.0,94
2025-02-03,SKU0075,124,0,14.0,94
2025-02-10,SKU0075,107,0,14.0,94
2025-02-17,SKU0075,153,257,14.0,94
2025-02-24,SKU0075,104,0,14.0,94
2025-03-03,SKU0075,111,214,14.0,94
2025-03-10,SKU0075,101,0,14.0,94
2025-03-17,SKU0075,75,207,14.0,94
2025-03-24,SKU0075,86,122,14.0,94
2025-03-31,SKU0075,157,284,14.0,94
2025-04-07,SKU0075,98,0,14.0,94
2025-04-14,SKU0075,116,272,14.0,94
2025-04-21,SKU0075,105,280,14.0,94
2025-04-28,SKU0075,170,267,14.0,94
2025-05-05,SKU0075,119,0,14.0,94
2025-05-12,SKU0075,162,281,14.0,94
2025-05-19,SKU0075,97,0,14.0,94
2025-05-26,SKU0075,96,108,14.0,94
2025-06-02,SKU0075,61,188,14.0,94
2025-06-09,SKU0075,59,197,14.0,94
2025-06-16,SKU0075,50,169,14.0,94
2025-06-23,SKU0075,52,174,14.0,94
2025-06-30,SKU0075,52,176,14.0,94
2025-07-07,SKU0075,109,297,14.0,94
2025-07-14,SKU0075,121,106,14.0,94
2025-07-21,SKU0075,103,0,14.0,94
2025-07-28,SKU0075,78,204,14.0,94
2025-08-04,SKU0075,118,181,14.0,94
2025-08-11,SKU0075,138,233,14.0,94
2025-08-18,SKU0075,126,246,14.0,94
2025-08-25,SKU0075,102,0,14.0,94
2025-09-01,SKU0075,79,157,14.0,94
2025-09-08,SKU0075,66,220,14.0,94
2025-09-15,SKU0075,64,216,14.0,94
2025-09-22,SKU0075,94,170,14.0,94
2025-09-29,SKU0075,66,223,14.0,94
2025-10-06,SKU0075,73,245,14.0,94
2025-10-13,SKU0075,103,196,14.0,94
2025-10-20,SKU0075,94,200,14.0,94
2025-10-27,SKU0075,103,195,14.0,94
2025-11-03,SKU0075,83,154,14.0,94
2025-11-10,SKU0075,134,211,14.0,94
2025-11-17,SKU0075,134,251,14.0,94
2025-11-24,SKU0075,81,153,14.0,94
2025-12-01,SKU0075,130,233,14.0,94
2025-12-08,SKU0075,113,197,14.0,94
2025-12-15,SKU0075,170,257,14.0,94
2025-12-22,SKU0075,164,278,14.0,94
2025-12-29,SKU0075,117,133,14.0,94
2024-06-03,SKU0076,291,0,7.0,54
2024-06-10,SKU0076,267,0,7.0,54
2024-06-17,SKU0076,185,0,7.0,54
2024-06-24,SKU0076,110,0,7.0,54
2024-07-01,SKU0076,89,0,7.0,54
2024-07-08,SKU0076,81,270,7.0,54
2024-07-15,SKU0076,62,191,7.0,54
2024-07-22,SKU0076,39,131,7.0,54
2024-07-29,SKU0076,85,284,7.0,54
2024-08-05,SKU0076,83,154,7.0,54
2024-08-12,SKU0076,103,211,7.0,54
2024-08-19,SKU0076,68,0,7.0,54
2024-08-26,SKU0076,84,119,7.0,54
2024-09-02,SKU0076,110,192,7.0,54
2024-09-09,SKU0076,81,0,7.0,54
2024-09-16,SKU0076,81,242,7.0,54
2024-09-23,SKU0076,58,0,7.0,54
2024-09-30,SKU0076,53,177,7.0,54
2024-10-07,SKU0076,33,112,7.0,54
2024-10-14,SKU0076,48,163,7.0,54
2024-10-21,SKU0076,59,197,7.0,54
2024-10-28,SKU0076,55,184,7.0,54
2024-11-04,SKU0076,58,165,7.0,54
2024-11-11,SKU0076,73,245,7.0,54
2024-11-18,SKU0076,46,155,7.0,54
2024-11-25,SKU0076,89,299,7.0,54
2024-12-02,SKU0076,79,113,7.0,54
2024-12-09,SKU0076,89,173,7.0,54
2024-12-16,SKU0076,132,278,7.0,54
2024-12-23,SKU0076,107,193,7.0,54
2024-12-30,SKU0076,60,0,7.0,54
2025-01-06,SKU0076,67,201,7.0,54
2025-01-13,SKU0076,50,168,7.0,54
2025-01-20,SKU0076,57,128,7.0,54
2025-01-27,SKU0076,82,276,7.0,54
2025-02-03,SKU0076,90,228,7.0,54
2025-02-10,SKU0076,54,0,7.0,54
2025-02-17,SKU0076,68,161,7.0,54
2025-02-24,SKU0076,83,278,7.0,54
2025-03-03,SKU0076,60,151,7.0,54
2025-03-10,SKU0076,63,212,7.0,54
2025-03-17,SKU0076,72,243,7.0,54
2025-03-24,SKU0076,59,112,7.0,54
2025-03-31,SKU0076,84,281,7.0,54
2025-04-07,SKU0076,67,187,7.0,54
2025-04-14,SKU0076,42,108,7.0,54
2025-04-21,SKU0076,42,118,7.0,54
2025-04-28,SKU0076,103,255,7.0,54
2025-05-05,SKU0076,84,0,7.0,54
2025-05-12,SKU0076,49,166,7.0,54
2025-05-19,SKU0076,65,188,7.0,54
2025-05-26,SKU0076,124,238,7.0,54
2025-06-02,SKU0076,104,225,7.0,54
2025-06-09,SKU0076,83,0,7.0,54
2025-06-16,SKU0076,49,146,7.0,54
2025-06-23,SKU0076,59,198,7.0,54
2025-06-30,SKU0076,81,272,7.0,54
2025-07-07,SKU0076,83,131,7.0,54
2025-07-14,SKU0076,94,287,7.0,54
2025-07-21,SKU0076,70,236,7.0,54
2025-07-28,SKU0076,95,168,7.0,54
2025-08-04,SKU0076,71,0,7.0,54
2025-08-11,SKU0076,75,250,7.0,54
2025-08-18,SKU0076,55,0,7.0,54
2025-08-25,SKU0076,75,249,7.0,54
2025-09-01,SKU0076,53,179,7.0,54
2025-09-08,SKU0076,85,285,7.0,54
2025-09-15,SKU0076,93,145,7.0,54
2025-09-22,SKU0076,99,298,7.0,54
2025-09-29,SKU0076,79,0,7.0,54
2025-10-06,SKU0076,81,270,7.0,54
2025-10-13,SKU0076,58,0,7.0,54
2025-10-20,SKU0076,112,214,7.0,54
2025-10-27,SKU0076,62,0,7.0,54
2025-11-03,SKU0076,104,288,7.0,54
2025-11-10,SKU0076,70,195,7.0,54
2025-11-17,SKU0076,65,149,7.0,54
2025-11-24,SKU0076,63,212,7.0,54
2025-12-01,SKU0076,55,185,7.0,54
2025-12-08,SKU0076,65,218,7.0,54
2025-12-15,SKU0076,78,260,7.0,54
2025-12-22,SKU0076,132,264,7.0,54
2025-12-29,SKU0076,109,237,7.0,54
2024-01-01,SKU0077,221,0,7.0,30
2024-01-08,SKU0077,189,0,7.0,30
2024-01-15,SKU0077,161,0,7.0,30
2024-01-22,SKU0077,121,0,7.0,30
2024-01-29,SKU0077,36,0,7.0,30
2024-02-05,SKU0077,33,113,7.0,30
2024-02-12,SKU0077,76,192,7.0,30
2024-02-19,SKU0077,60,0,7.0,30
2024-02-26,SKU0077,39,0,7.0,30
2024-03-04,SKU0077,30,100,7.0,30
2024-03-11,SKU0077,37,124,7.0,30
2024-03-18,SKU0077,44,148,7.0,30
2024-03-25,SKU0077,66,220,7.0,30
2024-04-01,SKU0077,33,0,7.0,30
2024-04-08,SKU0077,36,121,7.0,30
2024-04-15,SKU0077,49,166,7.0,30
2024-04-22,SKU0077,72,242,7.0,30
2024-04-29,SKU0077,88,295,7.0,30
2024-05-06,SKU0077,41,0,7.0,30
2024-05-13,SKU0077,34,114,7.0,30
2024-05-20,SKU0077,39,104,7.0,30
2024-05-27,SKU0077,58,156,7.0,30
2024-06-03,SKU0077,31,106,7.0,30
2024-06-10,SKU0077,60,203,7.0,30
2024-06-17,SKU0077,32,0,7.0,30
2024-06-24,SKU0077,48,161,7.0,30
2024-07-01,SKU0077,31,0,7.0,30
2024-07-08,SKU0077,88,266,7.0,30
2024-07-15,SKU0077,101,270,7.0,30
2024-07-22,SKU0077,88,0,7.0,30
2024-07-29,SKU0077,35,119,7.0,30
2024-08-05,SKU0077,84,281,7.0,30
2024-08-12,SKU0077,31,103,7.0,30
2024-08-19,SKU0077,67,226,,30
2024-08-26,SKU0077,50,0,7.0,30
2024-09-02,SKU0077,43,144,7.0,30
2024-09-09,SKU0077,45,153,7.0,30
2024-09-16,SKU0077,59,198,7.0,30
2024-09-23,SKU0077,59,197,7.0,30
2024-09-30,SKU0077,82,275,7.0,30
2024-10-07,SKU0077,48,0,7.0,30
2024-10-14,SKU0077,76,255,7.0,30
2024-10-21,SKU0077,52,0,7.0,30
2024-10-28,SKU0077,115,299,7.0,30
2024-11-04,SKU0077,104,285,7.0,30
2024-11-11,SKU0077,75,0,7.0,30
2024-11-18,SKU0077,78,261,7.0,30
2024-11-25,SKU0077,33,0,7.0,30
2024-12-02,SKU0077,85,214,7.0,30
2024-12-09,SKU0077,51,164,7.0,30
2024-12-16,SKU0077,73,245,7.0,30
2024-12-23,SKU0077,87,291,7.0,30
2024-12-30,SKU0077,45,0,7.0,30
2025-01-06,SKU0077,85,286,7.0,30
2025-01-13,SKU0077,65,0,7.0,30
2025-01-20,SKU0077,41,138,7.0,30
2025-01-27,SKU0077,65,218,7.0,30
2025-02-03,SKU0077,88,225,7.0,30
2025-02-10,SKU0077,88,203,7.0,30
2025-02-17,SKU0077,36,122,7.0,30
2025-02-24,SKU0077,33,110,7.0,30
2025-03-03,SKU0077,99,287,7.0,30
2025-03-10,SKU0077,55,0,7.0,30
2025-03-17,SKU0077,66,223,7.0,30
2025-03-24,SKU0077,49,164,7.0,30
2025-03-31,SKU0077,78,236,7.0,30
2025-04-07,SKU0077,49,0,7.0,30
2025-04-14,SKU0077,70,139,7.0,30
2025-04-21,SKU0077,60,200,7.0,30
2025-04-28,SKU0077,74,249,7.0,30
2025-05-05,SKU0077,48,145,7.0,30
2025-05-12,SKU0077,40,135,7.0,30
2025-05-19,SKU0077,81,272,7.0,30
2025-05-26,SKU0077,50,0,7.0,30
2025-06-02,SKU0077,51,103,7.0,30
2025-06-09,SKU0077,42,134,7.0,30
2025-06-16,SKU0077,53,148,7.0,30
2025-06-23,SKU0077,71,237,7.0,30
2025-06-30,SKU0077,48,0,7.0,30
2025-07-07,SKU0077,66,137,7.0,30
2025-07-14,SKU0077,47,0,7.0,30
2025-07-21,SKU0077,87,276,7.0,30
2025-07-28,SKU0077,87,285,7.0,30
2025-08-04,SKU0077,55,0,7.0,30
2025-08-11,SKU0077,63,211,7.0,30
2025-08-18,SKU0077,32,109,7.0,30
2025-08-25,SKU0077,75,250,7.0,30
2025-09-01,SKU0077,53,0,7.0,30
2025-09-08,SKU0077,83,278,7.0,30
2025-09-15,SKU0077,38,0,7.0,30
2025-09-22,SKU0077,68,227,7.0,30
2025-09-29,SKU0077,41,138,7.0,30
2025-10-06,SKU0077,48,163,7.0,30
2025-10-13,SKU0077,61,129,7.0,30
2025-10-20,SKU0077,80,255,7.0,30
2025-10-27,SKU0077,63,212,7.0,30
2025-11-03,SKU0077,31,0,7.0,30
2025-11-10,SKU0077,67,226,7.0,30
2025-11-17,SKU0077,65,192,7.0,30
2025-11-24,SKU0077,65,218,7.0,30
2025-12-01,SKU0077,59,122,7.0,30
2025-12-08,SKU0077,48,0,7.0,30
2025-12-15,SKU0077,49,166,7.0,30
2025-12-22,SKU0077,50,167,7.0,30
2025-12-29,SKU0077,37,125,7.0,30
2025-03-31,SKU0078,198,251,7.0,126
2025-04-07,SKU0078,152,0,7.0,126
2025-04-14,SKU0078,138,0,7.0,126
2025-04-21,SKU0078,173,267,7.0,126
2025-04-28,SKU0078,161,0,7.0,126
2025-05-05,SKU0078,124,177,7.0,126
2025-05-12,SKU0078,170,280,7.0,126
2025-05-19,SKU0078,155,0,7.0,126
2025-05-26,SKU0078,166,152,7.0,126
2025-06-02,SKU0078,137,0,7.0,126
2025-06-09,SKU0078,152,275,7.0,126
2025-06-16,SKU0078,136,156,7.0,126
2025-06-23,SKU0078,176,223,7.0,126
2025-06-30,SKU0078,175,189,7.0,126
2025-07-07,SKU0078,150,0,7.0,126
2025-07-14,SKU0078,142,170,7.0,126
2025-07-21,SKU0078,127,219,7.0,126
2025-07-28,SKU0078,109,265,7.0,126
2025-08-04,SKU0078,167,258,7.0,126
2025-08-11,SKU0078,172,244,7.0,126
2025-08-18,SKU0078,133,0,7.0,126
2025-08-25,SKU0078,152,132,7.0,126
2025-09-01,SKU0078,150,230,7.0,126
2025-09-08,SKU0078,144,143,7.0,126
2025-09-15,SKU0078,113,220,7.0,126
2025-09-22,SKU0078,80,133,7.0,126
2025-09-29,SKU0078,85,238,7.0,126
2025-10-06,SKU0078,102,178,7.0,126
2025-10-13,SKU0078,74,134,7.0,126
2025-10-20,SKU0078,78,136,7.0,126
2025-10-27,SKU0078,126,260,,126
2025-11-03,SKU0078,91,114,7.0,126
2025-11-10,SKU0078,123,193,7.0,126
2025-11-17,SKU0078,101,162,7.0,126
2025-11-24,SKU0078,63,172,7.0,126
2025-12-01,SKU0078,63,195,7.0,126
2025-12-08,SKU0078,74,248,7.0,126
2025-12-15,SKU0078,85,173,7.0,126
2025-12-22,SKU0078,85,285,7.0,126
2025-12-29,SKU0078,117,151,7.0,126
2024-01-01,SKU0079,63,130,14.0,96
2024-01-08,SKU0079,86,263,14.0,96
2024-01-15,SKU0079,49,118,14.0,96
2024-01-22,SKU0079,73,245,14.0,96
2024-01-29,SKU0079,48,162,14.0,96
2024-02-05,SKU0079,33,111,14.0,96
2024-02-12,SKU0079,63,162,14.0,96
2024-02-19,SKU0079,75,174,14.0,96
2024-02-26,SKU0079,75,100,14.0,96
2024-03-04,SKU0079,88,295,14.0,96
2024-03-11,SKU0079,84,200,14.0,96
2024-03-18,SKU0079,72,195,14.0,96
2024-03-25,SKU0079,69,120,14.0,96
2024-04-01,SKU0079,56,179,14.0,96
2024-04-08,SKU0079,84,280,14.0,96
2024-04-15,SKU0079,84,278,14.0,96
2024-04-22,SKU0079,91,289,14.0,96
2024-04-29,SKU0079,84,169,14.0,96
2024-05-06,SKU0079,54,181,14.0,96
2024-05-13,SKU0079,83,278,14.0,96
2024-05-20,SKU0079,134,291,14.0,96
2024-05-27,SKU0079,99,0,14.0,96
2024-06-03,SKU0079,106,177,14.0,96
2024-06-10,SKU0079,154,222,14.0,96
2024-06-17,SKU0079,134,0,14.0,96
2024-06-24,SKU0079,110,0,14.0,96
2024-07-01,SKU0079,78,168,14.0,96
2024-07-08,SKU0079,65,123,14.0,96
2024-07-15,SKU0079,74,193,14.0,96
2024-07-22,SKU0079,67,225,14.0,96
2024-07-29,SKU0079,56,189,14.0,96
2024-08-05,SKU0079,34,115,14.0,96
2024-08-12,SKU0079,69,230,14.0,96
2024-08-19,SKU0079,88,183,14.0,96
2024-08-26,SKU0079,48,153,14.0,96
2024-09-02,SKU0079,77,259,14.0,96
2024-09-09,SKU0079,95,274,14.0,96
2024-09-16,SKU0079,95,140,14.0,96
2024-09-23,SKU0079,105,242,14.0,96
2024-09-30,SKU0079,137,292,14.0,96
2024-10-07,SKU0079,77,125,14.0,96
2024-10-14,SKU0079,139,298,14.0,96
2024-10-21,SKU0079,149,202,14.0,96
2024-10-28,SKU0079,113,146,14.0,96
2024-11-04,SKU0079,101,248,14.0,96
2024-11-11,SKU0079,145,293,14.0,96
2024-11-18,SKU0079,132,0,14.0,96
2024-11-25,SKU0079,100,0,14.0,96
2024-12-02,SKU0079,93,185,14.0,96
2024-12-09,SKU0079,122,256,14.0,96
2024-12-16,SKU0079,94,100,14.0,96
2024-12-23,SKU0079,137,185,14.0,96
2024-12-30,SKU0079,126,0,14.0,96
2025-01-06,SKU0079,97,101,14.0,96
2025-01-13,SKU0079,140,250,14.0,96
2025-01-20,SKU0079,136,267,14.0,96
2025-01-27,SKU0079,106,0,14.0,96
2025-02-03,SKU0079,99,259,14.0,96
2025-02-10,SKU0079,134,231,14.0,96
2025-02-17,SKU0079,141,242,14.0,96
2025-02-24,SKU0079,124,275,14.0,96
2025-03-03,SKU0079,108,0,14.0,96
2025-03-10,SKU0079,114,223,14.0,96
2025-03-17,SKU0079,148,233,14.0,96
2025-03-24,SKU0079,115,191,14.0,96
2025-03-31,SKU0079,153,212,14.0,96
2025-04-07,SKU0079,139,0,14.0,96
2025-04-14,SKU0079,128,0,14.0,96
2025-04-21,SKU0079,114,0,14.0,96
2025-04-28,SKU0079,113,200,14.0,96
2025-05-05,SKU0079,96,0,14.0,96
2025-05-12,SKU0079,114,225,14.0,96
2025-05-19,SKU0079,130,242,14.0,96
2025-05-26,SKU0079,133,181,14.0,96
2025-06-02,SKU0079,115,0,14.0,96
2025-06-09,SKU0079,133,250,14.0,96
2025-06-16,SKU0079,116,189,14.0,96
2025-06-23,SKU0079,123,169,14.0,96
2025-06-30,SKU0079,129,242,14.0,96
2025-07-07,SKU0079,178,284,14.0,96
2025-07-14,SKU0079,117,0,14.0,96
2025-07-21,SKU0079,105,0,14.0,96
2025-07-28,SKU0079,160,243,14.0,96
2025-08-04,SKU0079,122,0,14.0,96
2025-08-11,SKU0079,137,139,14.0,96
2025-08-18,SKU0079,103,0,14.0,96
2025-08-25,SKU0079,123,175,14.0,96
2025-09-01,SKU0079,139,251,14.0,96
2025-09-08,SKU0079,139,168,14.0,96
2025-09-15,SKU0079,92,134,14.0,96
2025-09-22,SKU0079,61,155,14.0,96
2025-09-29,SKU0079,72,222,14.0,96
2025-10-06,SKU0079,69,185,14.0,96
2025-10-13,SKU0079,76,245,14.0,96
2025-10-20,SKU0079,89,139,14.0,96
2025-10-27,SKU0079,138,216,14.0,96
2025-11-03,SKU0079,125,133,14.0,96
2025-11-10,SKU0079,141,253,14.0,96
2025-11-17,SKU0079,122,0,14.0,96
2025-11-24,SKU0079,91,197,14.0,96
2025-12-01,SKU0079,100,170,14.0,96
2025-12-08,SKU0079,129,288,14.0,96
2025-12-15,SKU0079,111,0,14.0,96
2025-12-22,SKU0079,138,253,14.0,96
2025-12-29,SKU0079,92,130,14.0,96
2024-06-03,SKU0080,102,0,14.0,36
2024-06-10,SKU0080,39,0,14.0,36
2024-06-17,SKU0080,70,204,14.0,36
2024-06-24,SKU0080,78,263,14.0,36
2024-07-01,SKU0080,59,161,14.0,36
2024-07-08,SKU0080,53,179,14.0,36
2024-07-15,SKU0080,76,135,14.0,36
2024-07-22,SKU0080,39,0,14.0,36
2024-07-29,SKU0080,75,250,14.0,36
2024-08-05,SKU0080,40,0,14.0,36
2024-08-12,SKU0080,51,170,14.0,36
2024-08-19,SKU0080,82,274,14.0,36
2024-08-26,SKU0080,63,0,14.0,36
2024-09-02,SKU0080,112,255,14.0,36
2024-09-09,SKU0080,48,0,14.0,36
2024-09-16,SKU0080,88,295,14.0,36
2024-09-23,SKU0080,75,0,14.0,36
2024-09-30,SKU0080,54,0,14.0,36
2024-10-07,SKU0080,57,192,14.0,36
2024-10-14,SKU0080,59,198,14.0,36
2024-10-21,SKU0080,56,139,14.0,36
2024-10-28,SKU0080,105,271,14.0,36
2024-11-04,SKU0080,95,0,14.0,36
2024-11-11,SKU0080,60,0,14.0,36
2024-11-18,SKU0080,82,276,14.0,36
2024-11-25,SKU0080,54,171,14.0,36
2024-12-02,SKU0080,36,120,14.0,36
2024-12-09,SKU0080,51,171,14.0,36
2024-12-16,SKU0080,31,105,14.0,36
2024-12-23,SKU0080,72,242,14.0,36
2024-12-30,SKU0080,60,200,14.0,36
2025-01-06,SKU0080,49,165,14.0,36
2025-01-13,SKU0080,52,175,14.0,36
2025-01-20,SKU0080,65,216,14.0,36
2025-01-27,SKU0080,46,0,14.0,36
2025-02-03,SKU0080,72,243,14.0,36
2025-02-10,SKU0080,86,247,14.0,36
2025-02-17,SKU0080,59,0,14.0,36
2025-02-24,SKU0080,34,114,14.0,36
2025-03-03,SKU0080,81,271,14.0,36
2025-03-10,SKU0080,56,0,14.0,36
2025-03-17,SKU0080,47,103,14.0,36
2025-03-24,SKU0080,36,123,14.0,36
2025-03-31,SKU0080,42,141,14.0,36
2025-04-07,SKU0080,79,266,14.0,36
2025-04-14,SKU0080,49,0,14.0,36
2025-04-21,SKU0080,53,178,14.0,36
2025-04-28,SKU0080,73,244,14.0,36
2025-05-05,SKU0080,76,186,14.0,36
2025-05-12,SKU0080,30,103,14.0,36
2025-05-19,SKU0080,61,201,14.0,36
2025-05-26,SKU0080,113,269,14.0,36
2025-06-02,SKU0080,93,215,14.0,36
2025-06-09,SKU0080,78,0,14.0,36
2025-06-16,SKU0080,74,248,14.0,36
2025-06-23,SKU0080,45,0,14.0,36
2025-06-30,SKU0080,88,295,14.0,36
2025-07-07,SKU0080,62,0,14.0,36
2025-07-14,SKU0080,50,0,14.0,36
2025-07-21,SKU0080,66,220,14.0,36
2025-07-28,SKU0080,52,0,14.0,36
2025-08-04,SKU0080,87,292,14.0,36
2025-08-11,SKU0080,99,225,14.0,36
2025-08-18,SKU0080,52,158,14.0,36
2025-08-25,SKU0080,41,0,14.0,36
2025-09-01,SKU0080,87,213,14.0,36
2025-09-08,SKU0080,76,0,14.0,36
2025-09-15,SKU0080,52,0,14.0,36
2025-09-22,SKU0080,77,258,14.0,36
2025-09-29,SKU0080,60,137,14.0,36
2025-10-06,SKU0080,116,293,14.0,36
2025-10-13,SKU0080,98,0,14.0,36
2025-10-20,SKU0080,64,202,14.0,36
2025-10-27,SKU0080,54,183,14.0,36
2025-11-03,SKU0080,85,284,14.0,36
2025-11-10,SKU0080,38,0,14.0,36
2025-11-17,SKU0080,53,178,14.0,36
2025-11-24,SKU0080,45,112,14.0,36
2025-12-01,SKU0080,62,172,14.0,36
2025-12-08,SKU0080,73,245,14.0,36
2025-12-15,SKU0080,57,107,14.0,36
2025-12-22,SKU0080,72,205,14.0,36
2025-12-29,SKU0080,51,171,14.0,36
2024-01-01,SKU0081,184,0,7.0,146
2024-01-08,SKU0081,154,0,7.0,146
2024-01-15,SKU0081,151,108,7.0,146
2024-01-22,SKU0081,156,287,7.0,146
2024-01-29,SKU0081,139,119,7.0,146
2024-02-05,SKU0081,121,266,7.0,146
2024-02-12,SKU0081,107,131,7.0,146
2024-02-19,SKU0081,99,226,7.0,146
2024-02-26,SKU0081,109,129,7.0,146
2024-03-04,SKU0081,53,142,7.0,146
2024-03-11,SKU0081,34,114,7.0,146
2024-03-18,SKU0081,46,156,7.0,146
2024-03-25,SKU0081,115,266,7.0,146
2024-04-01,SKU0081,88,220,7.0,146
2024-04-08,SKU0081,90,187,7.0,146
2024-04-15,SKU0081,72,164,7.0,146
2024-04-22,SKU0081,84,105,7.0,146
2024-04-29,SKU0081,63,210,7.0,146
2024-05-06,SKU0081,41,139,7.0,146
2024-05-13,SKU0081,83,278,7.0,146
2024-05-20,SKU0081,119,187,7.0,146
2024-05-27,SKU0081,124,172,7.0,146
2024-06-03,SKU0081,136,133,7.0,146
2024-06-10,SKU0081,176,227,7.0,146
2024-06-17,SKU0081,220,257,7.0,146
2024-06-24,SKU0081,201,0,7.0,146
2024-07-01,SKU0081,191,0,7.0,146
2024-07-08,SKU0081,190,181,7.0,146
2024-07-15,SKU0081,160,211,7.0,146
2024-07-22,SKU0081,130,144,7.0,146
2024-07-29,SKU0081,131,143,7.0,146
2024-08-05,SKU0081,127,238,7.0,146
2024-08-12,SKU0081,103,163,7.0,146
2024-08-19,SKU0081,98,287,7.0,146
2024-08-26,SKU0081,116,222,7.0,146
2024-09-02,SKU0081,68,124,7.0,146
2024-09-09,SKU0081,73,209,7.0,146
2024-09-16,SKU0081,65,123,7.0,146
2024-09-23,SKU0081,32,109,7.0,146
2024-09-30,SKU0081,76,254,7.0,146
2024-10-07,SKU0081,50,127,7.0,146
2024-10-14,SKU0081,78,262,7.0,146
2024-10-21,SKU0081,93,170,7.0,146
2024-10-28,SKU0081,119,131,7.0,146
2024-11-04,SKU0081,119,167,7.0,146
2024-11-11,SKU0081,138,124,7.0,146
2024-11-18,SKU0081,138,175,7.0,146
2024-11-25,SKU0081,154,213,7.0,146
2024-12-02,SKU0081,162,229,7.0,146
2024-12-09,SKU0081,148,0,7.0,146
2024-12-16,SKU0081,184,167,7.0,146
2024-12-23,SKU0081,158,0,7.0,146
2024-12-30,SKU0081,139,258,7.0,146
2025-01-06,SKU0081,181,250,7.0,146
2025-01-13,SKU0081,166,0,7.0,146
2025-01-20,SKU0081,124,186,7.0,146
2025-01-27,SKU0081,96,194,7.0,146
2025-02-03,SKU0081,98,266,7.0,146
2025-02-10,SKU0081,65,149,7.0,146
2025-02-17,SKU0081,69,153,7.0,146
2025-02-24,SKU0081,66,221,7.0,146
2025-03-03,SKU0081,78,234,7.0,146
2025-03-10,SKU0081,127,236,7.0,146
2025-03-17,SKU0081,133,152,7.0,146
2025-03-24,SKU0081,88,144,7.0,146
2025-03-31,SKU0081,72,134,7.0,146
2025-04-07,SKU0081,36,122,7.0,146
2025-04-14,SKU0081,62,208,7.0,146
2025-04-21,SKU0081,44,100,7.0,146
2025-04-28,SKU0081,82,274,7.0,146
2025-05-05,SKU0081,84,283,7.0,146
2025-05-12,SKU0081,97,192,7.0,146
2025-05-19,SKU0081,138,212,7.0,146
2025-05-26,SKU0081,167,200,7.0,146
2025-06-02,SKU0081,155,273,7.0,146
2025-06-09,SKU0081,154,121,7.0,146
2025-06-16,SKU0081,214,269,7.0,146
2025-06-23,SKU0081,160,129,7.0,146
2025-06-30,SKU0081,113,117,7.0,146
2025-07-07,SKU0081,78,143,7.0,146
2025-07-14,SKU0081,60,203,7.0,146
2025-07-21,SKU0081,84,195,7.0,146
2025-07-28,SKU0081,117,182,7.0,146
2025-08-04,SKU0081,71,150,7.0,146
2025-08-11,SKU0081,114,212,7.0,146
2025-08-18,SKU0081,101,215,7.0,146
2025-08-25,SKU0081,58,185,7.0,146
2025-09-01,SKU0081,98,193,7.0,146
2025-09-08,SKU0081,147,214,7.0,146
2025-09-15,SKU0081,128,102,7.0,146
2025-09-22,SKU0081,118,283,7.0,146
2025-09-29,SKU0081,127,138,7.0,146
2025-10-06,SKU0081,144,208,7.0,146
2025-10-13,SKU0081,135,254,7.0,146
2025-10-20,SKU0081,181,230,7.0,146
2025-10-27,SKU0081,183,250,7.0,146
2025-11-03,SKU0081,150,0,7.0,146
2025-11-10,SKU0081,117,108,7.0,146
2025-11-17,SKU0081,101,235,7.0,146
2025-11-24,SKU0081,145,298,7.0,146
2025-12-01,SKU0081,163,275,7.0,146
2025-12-08,SKU0081,113,105,7.0,146
2025-12-15,SKU0081,116,114,7.0,146
2025-12-22,SKU0081,111,268,7.0,146
2025-12-29,SKU0081,137,287,7.0,146
2024-01-01,SKU0082,107,0,14.0,99
2024-01-08,SKU0082,70,133,14.0,99
2024-01-15,SKU0082,49,144,14.0,99
2024-01-22,SKU0082,80,267,14.0,99
2024-01-29,SKU0082,91,116,14.0,99
2024-02-05,SKU0082,64,100,14.0,99
2024-02-12,SKU0082,119,232,14.0,99
2024-02-19,SKU0082,142,239,14.0,99
2024-02-26,SKU0082,116,160,14.0,99
2024-03-04,SKU0082,172,245,14.0,99
2024-03-11,SKU0082,118,0,14.0,99
2024-03-18,SKU0082,98,217,14.0,99
2024-03-25,SKU0082,66,108,14.0,99
2024-04-01,SKU0082,122,241,14.0,99
2024-04-08,SKU0082,152,179,14.0,99
2024-04-15,SKU0082,138,0,14.0,99
2024-04-22,SKU0082,153,227,14.0,99
2024-04-29,SKU0082,150,289,14.0,99
2024-05-06,SKU0082,92,110,14.0,99
2024-05-13,SKU0082,145,257,14.0,99
2024-05-20,SKU0082,146,281,14.0,99
2024-05-27,SKU0082,126,0,14.0,99
2024-06-03,SKU0082,110,0,14.0,99
2024-06-10,SKU0082,135,269,14.0,99
2024-06-17,SKU0082,107,0,14.0,99
2024-06-24,SKU0082,59,122,14.0,99
2024-07-01,SKU0082,45,153,14.0,99
2024-07-08,SKU0082,63,213,14.0,99
2024-07-15,SKU0082,79,266,14.0,99
2024-07-22,SKU0082,59,127,14.0,99
2024-07-29,SKU0082,40,135,14.0,99
2024-08-05,SKU0082,39,103,14.0,99
2024-08-12,SKU0082,78,261,14.0,99
2024-08-19,SKU0082,38,129,14.0,99
2024-08-26,SKU0082,60,135,14.0,99
2024-09-02,SKU0082,90,141,14.0,99
2024-09-09,SKU0082,72,242,,99
2024-09-16,SKU0082,33,112,14.0,99
2024-09-23,SKU0082,59,188,14.0,99
2024-09-30,SKU0082,89,298,14.0,99
2024-10-07,SKU0082,104,245,14.0,99
2024-10-14,SKU0082,46,101,14.0,99
2024-10-21,SKU0082,86,239,14.0,99
2024-10-28,SKU0082,95,188,14.0,99
2024-11-04,SKU0082,79,130,14.0,99
2024-11-11,SKU0082,130,244,14.0,99
2024-11-18,SKU0082,158,274,14.0,99
2024-11-25,SKU0082,142,0,14.0,99
2024-12-02,SKU0082,101,0,14.0,99
2024-12-09,SKU0082,163,294,14.0,99
2024-12-16,SKU0082,138,0,14.0,99
2024-12-23,SKU0082,104,0,14.0,99
2024-12-30,SKU0082,108,145,14.0,99
2025-01-06,SKU0082,119,260,,99
2025-01-13,SKU0082,122,101,14.0,99
2025-01-20,SKU0082,160,286,14.0,99
2025-01-27,SKU0082,113,119,14.0,99
2025-02-03,SKU0082,131,150,14.0,99
2025-02-10,SKU0082,158,281,14.0,99
2025-02-17,SKU0082,100,0,14.0,99
2025-02-24,SKU0082,71,156,14.0,99
2025-03-03,SKU0082,47,158,14.0,99
2025-03-10,SKU0082,41,136,14.0,99
2025-03-17,SKU0082,44,149,14.0,99
2025-03-24,SKU0082,70,122,14.0,99
2025-03-31,SKU0082,52,161,14.0,99
2025-04-07,SKU0082,65,151,14.0,99
2025-04-14,SKU0082,44,117,14.0,99
2025-04-21,SKU0082,79,243,14.0,99
2025-04-28,SKU0082,111,285,14.0,99
2025-05-05,SKU0082,164,261,14.0,99
2025-05-12,SKU0082,107,0,14.0,99
2025-05-19,SKU0082,144,216,14.0,99
2025-05-26,SKU0082,151,199,14.0,99
2025-06-02,SKU0082,129,243,14.0,99
2025-06-09,SKU0082,131,280,14.0,99
2025-06-16,SKU0082,136,237,14.0,99
2025-06-23,SKU0082,120,0,14.0,99
2025-06-30,SKU0082,102,0,14.0,99
2025-07-07,SKU0082,108,265,14.0,99
2025-07-14,SKU0082,154,211,,99
2025-07-21,SKU0082,93,127,14.0,99
2025-07-28,SKU0082,63,134,14.0,99
2025-08-04,SKU0082,46,154,14.0,99
2025-08-11,SKU0082,108,284,14.0,99
2025-08-18,SKU0082,121,253,14.0,99
2025-08-25,SKU0082,93,154,14.0,99
2025-09-01,SKU0082,77,156,14.0,99
2025-09-08,SKU0082,94,227,14.0,99
2025-09-15,SKU0082,102,156,14.0,99
2025-09-22,SKU0082,92,295,14.0,99
2025-09-29,SKU0082,98,124,14.0,99
2025-10-06,SKU0082,95,109,14.0,99
2025-10-13,SKU0082,48,107,14.0,99
2025-10-20,SKU0082,34,115,14.0,99
2025-10-27,SKU0082,68,228,14.0,99
2025-11-03,SKU0082,60,179,14.0,99
2025-11-10,SKU0082,78,215,14.0,99
2025-11-17,SKU0082,67,156,14.0,99
2025-11-24,SKU0082,45,150,14.0,99
2025-12-01,SKU0082,36,123,14.0,99
2025-12-08,SKU0082,89,298,14.0,99
2025-12-15,SKU0082,84,260,14.0,99
2025-12-22,SKU0082,108,128,14.0,99
2025-12-29,SKU0082,112,127,14.0,99
2024-01-01,SKU0083,342,0,21.0,72
2024-01-08,SKU0083,244,0,21.0,72
2024-01-15,SKU0083,218,0,21.0,72
2024-01-22,SKU0083,169,0,21.0,72
2024-01-29,SKU0083,82,0,21.0,72
2024-02-05,SKU0083,70,197,21.0,72
2024-02-12,SKU0083,51,112,21.0,72
2024-02-19,SKU0083,35,118,21.0,72
2024-02-26,SKU0083,59,197,21.0,72
2024-03-04,SKU0083,86,279,21.0,72
2024-03-11,SKU0083,57,155,21.0,72
2024-03-18,SKU0083,66,135,21.0,72
2024-03-25,SKU0083,54,180,21.0,72
2024-04-01,SKU0083,104,277,21.0,72
2024-04-08,SKU0083,93,0,21.0,72
2024-04-15,SKU0083,137,284,21.0,72
2024-04-22,SKU0083,121,0,21.0,72
2024-04-29,SKU0083,122,258,,72
2024-05-06,SKU0083,140,236,21.0,72
2024-05-13,SKU0083,129,0,21.0,72
2024-05-20,SKU0083,92,167,21.0,72
2024-05-27,SKU0083,100,234,21.0,72
2024-06-03,SKU0083,73,0,21.0,72
2024-06-10,SKU0083,69,231,21.0,72
2024-06-17,SKU0083,110,209,21.0,72
2024-06-24,SKU0083,77,206,21.0,72
2024-07-01,SKU0083,49,164,21.0,72
2024-07-08,SKU0083,34,112,21.0,72
2024-07-15,SKU0083,75,250,21.0,72
2024-07-22,SKU0083,83,277,21.0,72
2024-07-29,SKU0083,151,284,21.0,72
2024-08-05,SKU0083,97,0,21.0,72
2024-08-12,SKU0083,70,155,21.0,72
2024-08-19,SKU0083,99,297,21.0,72
2024-08-26,SKU0083,106,197,21.0,72
2024-09-02,SKU0083,101,290,21.0,72
2024-09-09,SKU0083,76,0,21.0,72
2024-09-16,SKU0083,81,270,21.0,72
2024-09-23,SKU0083,85,286,21.0,72
2024-09-30,SKU0083,154,282,21.0,72
2024-10-07,SKU0083,140,0,21.0,72
2024-10-14,SKU0083,112,0,21.0,72
2024-10-21,SKU0083,91,124,21.0,72
2024-10-28,SKU0083,105,250,21.0,72
2024-11-04,SKU0083,95,0,21.0,72
2024-11-11,SKU0083,51,172,21.0,72
2024-11-18,SKU0083,56,187,21.0,72
2024-11-25,SKU0083,74,249,21.0,72
2024-12-02,SKU0083,58,195,21.0,72
2024-12-09,SKU0083,37,125,21.0,72
2024-12-16,SKU0083,44,149,21.0,72
2024-12-23,SKU0083,82,166,21.0,72
2024-12-30,SKU0083,41,138,21.0,72
2025-01-06,SKU0083,112,286,21.0,72
2025-01-13,SKU0083,69,120,21.0,72
2025-01-20,SKU0083,58,196,21.0,72
2025-01-27,SKU0083,64,214,21.0,72
2025-02-03,SKU0083,62,121,21.0,72
2025-02-10,SKU0083,42,140,21.0,72
2025-02-17,SKU0083,56,110,21.0,72
2025-02-24,SKU0083,91,216,21.0,72
2025-03-03,SKU0083,61,111,21.0,72
2025-03-10,SKU0083,33,112,21.0,72
2025-03-17,SKU0083,79,264,21.0,72
2025-03-24,SKU0083,42,106,21.0,72
2025-03-31,SKU0083,115,282,21.0,72
2025-04-07,SKU0083,86,0,21.0,72
2025-04-14,SKU0083,92,225,21.0,72
2025-04-21,SKU0083,84,227,21.0,72
2025-04-28,SKU0083,42,132,21.0,72
2025-05-05,SKU0083,79,266,21.0,72
2025-05-12,SKU0083,110,288,21.0,72
2025-05-19,SKU0083,49,118,21.0,72
2025-05-26,SKU0083,86,288,21.0,72
2025-06-02,SKU0083,38,129,21.0,72
2025-06-09,SKU0083,63,213,21.0,72
2025-06-16,SKU0083,132,268,21.0,72
2025-06-23,SKU0083,103,164,21.0,72
2025-06-30,SKU0083,91,0,21.0,72
2025-07-07,SKU0083,103,283,21.0,72
2025-07-14,SKU0083,79,0,21.0,72
2025-07-21,SKU0083,133,245,21.0,72
2025-07-28,SKU0083,84,0,21.0,72
2025-08-04,SKU0083,75,110,21.0,72
2025-08-11,SKU0083,85,252,21.0,72
2025-08-18,SKU0083,70,236,21.0,72
2025-08-25,SKU0083,122,233,21.0,72
2025-09-01,SKU0083,85,0,21.0,72
2025-09-08,SKU0083,103,234,21.0,72
2025-09-15,SKU0083,85,0,21.0,72
2025-09-22,SKU0083,95,283,21.0,72
2025-09-29,SKU0083,85,106,21.0,72
2025-10-06,SKU0083,108,148,21.0,72
2025-10-13,SKU0083,125,257,21.0,72
2025-10-20,SKU0083,78,0,21.0,72
2025-10-27,SKU0083,86,121,21.0,72
2025-11-03,SKU0083,45,139,21.0,72
2025-11-10,SKU0083,53,160,21.0,72
2025-11-17,SKU0083,76,256,21.0,72
2025-11-24,SKU0083,64,111,21.0,72
2025-12-01,SKU0083,82,274,21.0,72
2025-12-08,SKU0083,80,166,21.0,72
2025-12-15,SKU0083,64,132,21.0,72
2025-12-22,SKU0083,108,295,21.0,72
2025-12-29,SKU0083,96,0,21.0,72
2024-01-01,SKU0084,202,0,7.0,20
2024-01-08,SKU0084,177,0,7.0,20
2024-01-15,SKU0084,136,0,7.0,20
2024-01-22,SKU0084,109,0,7.0,20
2024-01-29,SKU0084,24,0,7.0,20
2024-02-05,SKU0084,46,155,7.0,20
2024-02-12,SKU0084,29,0,7.0,20
2024-02-19,SKU0084,76,254,7.0,20
2024-02-26,SKU0084,85,248,7.0,20
2024-03-04,SKU0084,29,0,7.0,20
2024-03-11,SKU0084,38,129,7.0,20
2024-03-18,SKU0084,23,0,7.0,20
2024-03-25,SKU0084,47,118,7.0,20
2024-04-01,SKU0084,73,241,7.0,20
2024-04-08,SKU0084,66,220,7.0,20
2024-04-15,SKU0084,63,211,7.0,20
2024-04-22,SKU0084,36,0,7.0,20
2024-04-29,SKU0084,24,0,7.0,20
2024-05-06,SKU0084,40,136,7.0,20
2024-05-13,SKU0084,52,174,7.0,20
2024-05-20,SKU0084,52,143,7.0,20
2024-05-27,SKU0084,48,161,7.0,20
2024-06-03,SKU0084,87,290,7.0,20
2024-06-10,SKU0084,49,0,7.0,20
2024-06-17,SKU0084,33,112,7.0,20
2024-06-24,SKU0084,58,195,7.0,20
2024-07-01,SKU0084,80,268,7.0,20
2024-07-08,SKU0084,102,276,7.0,20
2024-07-15,SKU0084,28,0,7.0,20
2024-07-22,SKU0084,91,251,7.0,20
2024-07-29,SKU0084,40,0,7.0,20
2024-08-05,SKU0084,50,168,7.0,20
2024-08-12,SKU0084,63,211,7.0,20
2024-08-19,SKU0084,88,295,7.0,20
2024-08-26,SKU0084,54,0,7.0,20
2024-09-02,SKU0084,63,211,7.0,20
2024-09-09,SKU0084,29,0,7.0,20
2024-09-16,SKU0084,63,210,7.0,20
2024-09-23,SKU0084,63,211,7.0,20
2024-09-30,SKU0084,67,167,7.0,20
2024-10-07,SKU0084,74,249,7.0,20
2024-10-14,SKU0084,55,0,7.0,20
2024-10-21,SKU0084,44,0,7.0,20
2024-10-28,SKU0084,54,182,7.0,20
2024-11-04,SKU0084,20,0,7.0,20
2024-11-11,SKU0084,82,274,7.0,20
2024-11-18,SKU0084,43,145,7.0,20
2024-11-25,SKU0084,78,263,7.0,20
2024-12-02,SKU0084,48,161,7.0,20
2024-12-09,SKU0084,64,216,7.0,20
2024-12-16,SKU0084,47,0,7.0,20
2024-12-23,SKU0084,81,244,7.0,20
2024-12-30,SKU0084,62,0,7.0,20
2025-01-06,SKU0084,42,0,7.0,20
2025-01-13,SKU0084,46,156,7.0,20
2025-01-20,SKU0084,46,155,7.0,20
2025-01-27,SKU0084,41,139,7.0,20
2025-02-03,SKU0084,39,132,7.0,20
2025-02-10,SKU0084,84,283,7.0,20
2025-02-17,SKU0084,39,0,7.0,20
2025-02-24,SKU0084,24,0,7.0,20
2025-03-03,SKU0084,75,251,7.0,20
2025-03-10,SKU0084,56,0,7.0,20
2025-03-17,SKU0084,35,118,7.0,20
2025-03-24,SKU0084,83,278,7.0,20
2025-03-31,SKU0084,30,101,7.0,20
2025-04-07,SKU0084,39,130,7.0,20
2025-04-14,SKU0084,78,262,7.0,20
2025-04-21,SKU0084,41,112,7.0,20
2025-04-28,SKU0084,40,136,7.0,20
2025-05-05,SKU0084,64,214,7.0,20
2025-05-12,SKU0084,53,0,7.0,20
2025-05-19,SKU0084,84,233,7.0,20
2025-05-26,SKU0084,50,0,7.0,20
2025-06-02,SKU0084,35,0,7.0,20
2025-06-09,SKU0084,50,127,7.0,20
2025-06-16,SKU0084,34,116,7.0,20
2025-06-23,SKU0084,75,227,7.0,20
2025-06-30,SKU0084,36,123,7.0,20
2025-07-07,SKU0084,67,224,7.0,20
2025-07-14,SKU0084,89,297,7.0,20
2025-07-21,SKU0084,86,243,7.0,20
2025-07-28,SKU0084,53,0,7.0,20
2025-08-04,SKU0084,40,0,7.0,20
2025-08-11,SKU0084,84,240,7.0,20
2025-08-18,SKU0084,64,0,7.0,20
2025-08-25,SKU0084,63,152,7.0,20
2025-09-01,SKU0084,80,267,7.0,20
2025-09-08,SKU0084,35,0,7.0,20
2025-09-15,SKU0084,58,196,7.0,20
2025-09-22,SKU0084,42,0,7.0,20
2025-09-29,SKU0084,36,120,7.0,20
2025-10-06,SKU0084,69,230,7.0,20
2025-10-13,SKU0084,26,0,7.0,20
2025-10-20,SKU0084,34,114,7.0,20
2025-10-27,SKU0084,60,202,7.0,20
2025-11-03,SKU0084,54,183,7.0,20
2025-11-10,SKU0084,44,149,7.0,20
2025-11-17,SKU0084,44,149,7.0,20
2025-11-24,SKU0084,98,299,7.0,20
2025-12-01,SKU0084,37,0,7.0,20
2025-12-08,SKU0084,75,250,7.0,20
2025-12-15,SKU0084,48,146,7.0,20
2025-12-22,SKU0084,39,100,7.0,20
2025-12-29,SKU0084,42,143,7.0,20
2024-01-01,SKU0085,267,0,21.0,145
2024-01-08,SKU0085,197,0,21.0,145
2024-01-15,SKU0085,161,186,21.0,145
2024-01-22,SKU0085,151,0,21.0,145
2024-01-29,SKU0085,116,160,21.0,145
2024-02-05,SKU0085,146,272,21.0,145
2024-02-12,SKU0085,103,140,21.0,145
2024-02-19,SKU0085,70,172,21.0,145
2024-02-26,SKU0085,38,127,21.0,145
2024-03-04,SKU0085,51,172,21.0,145
2024-03-11,SKU0085,84,281,21.0,145
2024-03-18,SKU0085,69,156,21.0,145
2024-03-25,SKU0085,113,252,21.0,145
2024-04-01,SKU0085,140,256,21.0,145
2024-04-08,SKU0085,201,293,21.0,145
2024-04-15,SKU0085,201,235,21.0,145
2024-04-22,SKU0085,162,0,21.0,145
2024-04-29,SKU0085,186,259,,145
2024-05-06,SKU0085,168,269,21.0,145
2024-05-13,SKU0085,152,0,21.0,145
2024-05-20,SKU0085,137,221,21.0,145
2024-05-27,SKU0085,151,136,21.0,145
2024-06-03,SKU0085,173,121,21.0,145
2024-06-10,SKU0085,184,191,21.0,145
2024-06-17,SKU0085,166,0,21.0,145
2024-06-24,SKU0085,116,129,21.0,145
2024-07-01,SKU0085,128,221,21.0,145
2024-07-08,SKU0085,153,249,21.0,145
2024-07-15,SKU0085,186,207,21.0,145
2024-07-22,SKU0085,201,272,21.0,145
2024-07-29,SKU0085,182,125,21.0,145
2024-08-05,SKU0085,171,0,21.0,145
2024-08-12,SKU0085,152,0,21.0,145
2024-08-19,SKU0085,173,223,21.0,145
2024-08-26,SKU0085,194,214,21.0,145
2024-09-02,SKU0085,193,165,21.0,145
2024-09-09,SKU0085,227,291,21.0,145
2024-09-16,SKU0085,178,0,21.0,145
2024-09-23,SKU0085,120,125,21.0,145
2024-09-30,SKU0085,106,204,21.0,145
2024-10-07,SKU0085,118,298,21.0,145
2024-10-14,SKU0085,82,126,21.0,145
2024-10-21,SKU0085,133,216,21.0,145
2024-10-28,SKU0085,80,133,21.0,145
2024-11-04,SKU0085,112,244,21.0,145
2024-11-11,SKU0085,140,170,21.0,145
2024-11-18,SKU0085,105,124,21.0,145
2024-11-25,SKU0085,112,184,21.0,145
2024-12-02,SKU0085,70,131,21.0,145
2024-12-09,SKU0085,77,259,21.0,145
2024-12-16,SKU0085,112,205,21.0,145
2024-12-23,SKU0085,144,272,21.0,145
2024-12-30,SKU0085,133,103,21.0,145
2025-01-06,SKU0085,112,137,21.0,145
2025-01-13,SKU0085,116,244,21.0,145
2025-01-20,SKU0085,94,196,21.0,145
2025-01-27,SKU0085,114,133,21.0,145
2025-02-03,SKU0085,125,178,21.0,145
2025-02-10,SKU0085,112,274,21.0,145
2025-02-17,SKU0085,73,171,21.0,145
2025-02-24,SKU0085,30,102,21.0,145
2025-03-03,SKU0085,36,101,21.0,145
2025-03-10,SKU0085,56,189,21.0,145
2025-03-17,SKU0085,92,254,21.0,145
2025-03-24,SKU0085,48,149,21.0,145
2025-03-31,SKU0085,87,292,21.0,145
2025-04-07,SKU0085,74,105,21.0,145
2025-04-14,SKU0085,63,206,21.0,145
2025-04-21,SKU0085,66,197,21.0,145
2025-04-28,SKU0085,86,216,21.0,145
2025-05-05,SKU0085,123,235,21.0,145
2025-05-12,SKU0085,139,138,21.0,145
2025-05-19,SKU0085,132,151,21.0,145
2025-05-26,SKU0085,103,222,21.0,145
2025-06-02,SKU0085,90,242,21.0,145
2025-06-09,SKU0085,91,104,21.0,145
2025-06-16,SKU0085,37,107,21.0,145
2025-06-23,SKU0085,49,164,21.0,145
2025-06-30,SKU0085,55,166,21.0,145
2025-07-07,SKU0085,80,160,21.0,145
2025-07-14,SKU0085,120,276,21.0,145
2025-07-21,SKU0085,128,163,21.0,145
2025-07-28,SKU0085,165,298,21.0,145
2025-08-04,SKU0085,165,235,21.0,145
2025-08-11,SKU0085,157,180,21.0,145
2025-08-18,SKU0085,129,163,21.0,145
2025-08-25,SKU0085,119,269,21.0,145
2025-09-01,SKU0085,146,195,21.0,145
2025-09-08,SKU0085,176,277,21.0,145
2025-09-15,SKU0085,158,0,21.0,145
2025-09-22,SKU0085,109,128,21.0,145
2025-09-29,SKU0085,79,218,21.0,145
2025-10-06,SKU0085,44,104,21.0,145
2025-10-13,SKU0085,77,177,21.0,145
2025-10-20,SKU0085,85,245,21.0,145
2025-10-27,SKU0085,64,130,21.0,145
2025-11-03,SKU0085,88,187,21.0,145
2025-11-10,SKU0085,126,159,21.0,145
2025-11-17,SKU0085,172,215,21.0,145
2025-11-24,SKU0085,206,268,21.0,145
2025-12-01,SKU0085,186,0,21.0,145
2025-12-08,SKU0085,167,0,21.0,145
2025-12-15,SKU0085,151,0,21.0,145
2025-12-22,SKU0085,169,217,21.0,145
2025-12-29,SKU0085,120,104,21.0,145
2025-08-25,SKU0086,317,0,7.0,114
2025-09-01,SKU0086,279,0,7.0,114
2025-09-08,SKU0086,194,0,7.0,114
2025-09-15,SKU0086,150,0,7.0,114
2025-09-22,SKU0086,121,0,7.0,114
2025-09-29,SKU0086,78,141,7.0,114
2025-10-06,SKU0086,43,146,7.0,114
2025-10-13,SKU0086,64,215,7.0,114
2025-10-20,SKU0086,81,271,7.0,114
2025-10-27,SKU0086,56,188,7.0,114
2025-11-03,SKU0086,57,191,7.0,114
2025-11-10,SKU0086,105,281,7.0,114
2025-11-17,SKU0086,80,199,7.0,114
2025-11-24,SKU0086,125,221,7.0,114
2025-12-01,SKU0086,111,201,7.0,114
2025-12-08,SKU0086,108,281,7.0,114
2025-12-15,SKU0086,119,204,7.0,114
2025-12-22,SKU0086,76,131,7.0,114
2025-12-29,SKU0086,49,166,7.0,114
2025-08-25,SKU0087,274,0,14.0,131
2025-09-01,SKU0087,185,0,14.0,131
2025-09-08,SKU0087,160,0,14.0,131
2025-09-15,SKU0087,135,0,14.0,131
2025-09-22,SKU0087,122,154,14.0,131
2025-09-29,SKU0087,120,185,14.0,131
2025-10-06,SKU0087,103,192,14.0,131
2025-10-13,SKU0087,177,287,14.0,131
2025-10-20,SKU0087,178,212,14.0,131
2025-10-27,SKU0087,157,0,14.0,131
2025-11-03,SKU0087,200,268,14.0,131
2025-11-10,SKU0087,152,0,14.0,131
2025-11-17,SKU0087,101,134,14.0,131
2025-11-24,SKU0087,116,178,14.0,131
2025-12-01,SKU0087,121,168,14.0,131
2025-12-08,SKU0087,161,227,14.0,131
2025-12-15,SKU0087,160,165,14.0,131
2025-12-22,SKU0087,146,0,14.0,131
2025-12-29,SKU0087,141,176,14.0,131
2024-10-28,SKU0088,88,174,14.0,53
2024-11-04,SKU0088,107,193,14.0,53
2024-11-11,SKU0088,105,190,14.0,53
2024-11-18,SKU0088,97,237,14.0,53
2024-11-25,SKU0088,69,0,14.0,53
2024-12-02,SKU0088,114,215,14.0,53
2024-12-09,SKU0088,81,209,14.0,53
2024-12-16,SKU0088,34,107,,53
2024-12-23,SKU0088,31,106,14.0,53
2024-12-30,SKU0088,77,258,14.0,53
2025-01-06,SKU0088,84,280,14.0,53
2025-01-13,SKU0088,87,220,14.0,53
2025-01-20,SKU0088,73,0,14.0,53
2025-01-27,SKU0088,118,287,14.0,53
2025-02-03,SKU0088,93,142,14.0,53
2025-02-10,SKU0088,70,0,14.0,53
2025-02-17,SKU0088,52,174,14.0,53
2025-02-24,SKU0088,43,146,14.0,53
2025-03-03,SKU0088,89,299,14.0,53
2025-03-10,SKU0088,48,160,14.0,53
2025-03-17,SKU0088,62,208,14.0,53
2025-03-24,SKU0088,82,215,14.0,53
2025-03-31,SKU0088,57,0,14.0,53
2025-04-07,SKU0088,33,113,14.0,53
2025-04-14,SKU0088,75,251,14.0,53
2025-04-21,SKU0088,33,110,14.0,53
2025-04-28,SKU0088,74,249,14.0,53
2025-05-05,SKU0088,76,212,14.0,53
2025-05-12,SKU0088,91,263,14.0,53
2025-05-19,SKU0088,59,137,14.0,53
2025-05-26,SKU0088,85,268,14.0,53
2025-06-02,SKU0088,56,151,14.0,53
2025-06-09,SKU0088,109,268,14.0,53
2025-06-16,SKU0088,124,250,14.0,53
2025-06-23,SKU0088,101,0,14.0,53
2025-06-30,SKU0088,79,0,14.0,53
2025-07-07,SKU0088,109,295,14.0,53
2025-07-14,SKU0088,89,0,14.0,53
2025-07-21,SKU0088,60,202,14.0,53
2025-07-28,SKU0088,80,269,14.0,53
2025-08-04,SKU0088,81,163,14.0,53
2025-08-11,SKU0088,120,295,14.0,53
2025-08-18,SKU0088,80,0,14.0,53
2025-08-25,SKU0088,35,119,14.0,53
2025-09-01,SKU0088,56,187,14.0,53
2025-09-08,SKU0088,84,227,14.0,53
2025-09-15,SKU0088,122,250,14.0,53
2025-09-22,SKU0088,105,183,14.0,53
2025-09-29,SKU0088,69,115,14.0,53
2025-10-06,SKU0088,67,224,14.0,53
2025-10-13,SKU0088,53,0,14.0,53
2025-10-20,SKU0088,56,164,14.0,53
2025-10-27,SKU0088,73,234,14.0,53
2025-11-03,SKU0088,46,144,14.0,53
2025-11-10,SKU0088,34,115,14.0,53
2025-11-17,SKU0088,85,286,14.0,53
2025-11-24,SKU0088,63,213,14.0,53
2025-12-01,SKU0088,42,105,14.0,53
2025-12-08,SKU0088,93,215,14.0,53
2025-12-15,SKU0088,69,0,14.0,53
2025-12-22,SKU0088,78,193,14.0,53
2025-12-29,SKU0088,80,155,14.0,53
2024-03-04,SKU0089,277,0,21.0,43
2024-03-11,SKU0089,236,0,21.0,43
2024-03-18,SKU0089,183,0,21.0,43
2024-03-25,SKU0089,95,0,21.0,43
2024-04-01,SKU0089,55,0,21.0,43
2024-04-08,SKU0089,49,128,21.0,43
2024-04-15,SKU0089,33,110,21.0,43
2024-04-22,SKU0089,82,244,21.0,43
2024-04-29,SKU0089,74,215,21.0,43
2024-05-06,SKU0089,58,187,21.0,43
2024-05-13,SKU0089,48,161,21.0,43
2024-05-20,SKU0089,87,290,21.0,43
2024-05-27,SKU0089,76,250,21.0,43
2024-06-03,SKU0089,34,114,21.0,43
2024-06-10,SKU0089,47,158,21.0,43
2024-06-17,SKU0089,68,149,21.0,43
2024-06-24,SKU0089,48,0,21.0,43
2024-07-01,SKU0089,87,292,21.0,43
2024-07-08,SKU0089,86,288,21.0,43
2024-07-15,SKU0089,95,238,21.0,43
2024-07-22,SKU0089,77,226,21.0,43
2024-07-29,SKU0089,30,103,21.0,43
2024-08-05,SKU0089,66,223,21.0,43
2024-08-12,SKU0089,71,239,21.0,43
2024-08-19,SKU0089,88,296,21.0,43
2024-08-26,SKU0089,48,0,21.0,43
2024-09-02,SKU0089,46,156,21.0,43
2024-09-09,SKU0089,62,209,21.0,43
2024-09-16,SKU0089,48,161,21.0,43
2024-09-23,SKU0089,48,161,21.0,43
2024-09-30,SKU0089,43,144,21.0,43
2024-10-07,SKU0089,39,131,21.0,43
2024-10-14,SKU0089,57,191,21.0,43
2024-10-21,SKU0089,87,292,21.0,43
2024-10-28,SKU0089,77,225,21.0,43
2024-11-04,SKU0089,51,0,21.0,43
2024-11-11,SKU0089,79,264,21.0,43
2024-11-18,SKU0089,81,193,21.0,43
2024-11-25,SKU0089,55,186,21.0,43
2024-12-02,SKU0089,30,100,21.0,43
2024-12-09,SKU0089,64,215,21.0,43
2024-12-16,SKU0089,69,178,21.0,43
2024-12-23,SKU0089,44,0,21.0,43
2024-12-30,SKU0089,67,152,21.0,43
2025-01-06,SKU0089,91,251,21.0,43
2025-01-13,SKU0089,44,125,21.0,43
2025-01-20,SKU0089,82,275,21.0,43
2025-01-27,SKU0089,37,126,21.0,43
2025-02-03,SKU0089,73,241,21.0,43
2025-02-10,SKU0089,97,227,,43
2025-02-17,SKU0089,58,0,21.0,43
2025-02-24,SKU0089,35,118,21.0,43
2025-03-03,SKU0089,87,292,21.0,43
2025-03-10,SKU0089,127,288,21.0,43
2025-03-17,SKU0089,86,0,21.0,43
2025-03-24,SKU0089,93,290,21.0,43
2025-03-31,SKU0089,61,0,21.0,43
2025-04-07,SKU0089,52,110,21.0,43
2025-04-14,SKU0089,40,134,21.0,43
2025-04-21,SKU0089,35,119,21.0,43
2025-04-28,SKU0089,91,257,21.0,43
2025-05-05,SKU0089,84,184,21.0,43
2025-05-12,SKU0089,51,173,21.0,43
2025-05-19,SKU0089,94,210,21.0,43
2025-05-26,SKU0089,88,160,21.0,43
2025-06-02,SKU0089,42,106,21.0,43
2025-06-09,SKU0089,55,174,21.0,43
2025-06-16,SKU0089,34,114,21.0,43
2025-06-23,SKU0089,30,101,21.0,43
2025-06-30,SKU0089,88,296,21.0,43
2025-07-07,SKU0089,68,228,21.0,43
2025-07-14,SKU0089,109,241,21.0,43
2025-07-21,SKU0089,52,0,21.0,43
2025-07-28,SKU0089,41,139,21.0,43
2025-08-04,SKU0089,76,254,21.0,43
2025-08-11,SKU0089,80,269,21.0,43
2025-08-18,SKU0089,112,236,21.0,43
2025-08-25,SKU0089,85,237,21.0,43
2025-09-01,SKU0089,68,0,21.0,43
2025-09-08,SKU0089,58,195,21.0,43
2025-09-15,SKU0089,61,127,21.0,43
2025-09-22,SKU0089,62,209,21.0,43
2025-09-29,SKU0089,45,112,21.0,43
2025-10-06,SKU0089,82,274,21.0,43
2025-10-13,SKU0089,44,0,21.0,43
2025-10-20,SKU0089,61,206,21.0,43
2025-10-27,SKU0089,53,169,21.0,43
2025-11-03,SKU0089,83,279,21.0,43
2025-11-10,SKU0089,56,136,,43
2025-11-17,SKU0089,120,288,21.0,43
2025-11-24,SKU0089,68,156,21.0,43
2025-12-01,SKU0089,102,253,21.0,43
2025-12-08,SKU0089,39,115,21.0,43
2025-12-15,SKU0089,74,247,21.0,43
2025-12-22,SKU0089,89,297,21.0,43
2025-12-29,SKU0089,86,198,21.0,43
2024-01-01,SKU0090,172,0,7.0,35
2024-01-08,SKU0090,77,0,7.0,35
2024-01-15,SKU0090,53,0,7.0,35
2024-01-22,SKU0090,46,154,7.0,35
2024-01-29,SKU0090,78,262,7.0,35
2024-02-05,SKU0090,47,105,7.0,35
2024-02-12,SKU0090,59,199,7.0,35
2024-02-19,SKU0090,36,0,7.0,35
2024-02-26,SKU0090,33,113,7.0,35
2024-03-04,SKU0090,48,163,7.0,35
2024-03-11,SKU0090,35,0,7.0,35
2024-03-18,SKU0090,37,126,7.0,35
2024-03-25,SKU0090,109,296,7.0,35
2024-04-01,SKU0090,122,292,7.0,35
2024-04-08,SKU0090,46,0,7.0,35
2024-04-15,SKU0090,34,110,7.0,35
2024-04-22,SKU0090,68,229,7.0,35
2024-04-29,SKU0090,38,102,7.0,35
2024-05-06,SKU0090,37,124,7.0,35
2024-05-13,SKU0090,55,105,7.0,35
2024-05-20,SKU0090,100,284,7.0,35
2024-05-27,SKU0090,79,0,7.0,35
2024-06-03,SKU0090,100,267,7.0,35
2024-06-10,SKU0090,60,0,7.0,35
2024-06-17,SKU0090,91,294,7.0,35
2024-06-24,SKU0090,38,0,7.0,35
2024-07-01,SKU0090,62,208,7.0,35
2024-07-08,SKU0090,105,295,7.0,35
2024-07-15,SKU0090,55,106,7.0,35
2024-07-22,SKU0090,45,150,7.0,35
2024-07-29,SKU0090,32,108,7.0,35
2024-08-05,SKU0090,43,144,7.0,35
2024-08-12,SKU0090,36,120,7.0,35
2024-08-19,SKU0090,33,112,7.0,35
2024-08-26,SKU0090,61,172,7.0,35
2024-09-02,SKU0090,66,221,7.0,35
2024-09-09,SKU0090,43,0,7.0,35
2024-09-16,SKU0090,52,176,7.0,35
2024-09-23,SKU0090,43,101,7.0,35
2024-09-30,SKU0090,39,133,7.0,35
2024-10-07,SKU0090,51,172,7.0,35
2024-10-14,SKU0090,30,101,7.0,35
2024-10-21,SKU0090,61,182,7.0,35
2024-10-28,SKU0090,55,107,7.0,35
2024-11-04,SKU0090,45,0,7.0,35
2024-11-11,SKU0090,73,246,7.0,35
2024-11-18,SKU0090,100,257,7.0,35
2024-11-25,SKU0090,54,150,7.0,35
2024-12-02,SKU0090,113,275,7.0,35
2024-12-09,SKU0090,115,283,7.0,35
2024-12-16,SKU0090,86,0,7.0,35
2024-12-23,SKU0090,95,221,7.0,35
2024-12-30,SKU0090,82,0,,35
2025-01-06,SKU0090,76,256,7.0,35
2025-01-13,SKU0090,76,255,7.0,35
2025-01-20,SKU0090,36,0,7.0,35
2025-01-27,SKU0090,35,117,7.0,35
2025-02-03,SKU0090,45,113,7.0,35
2025-02-10,SKU0090,39,133,7.0,35
2025-02-17,SKU0090,76,255,7.0,35
2025-02-24,SKU0090,60,0,7.0,35
2025-03-03,SKU0090,40,134,7.0,35
2025-03-10,SKU0090,56,188,7.0,35
2025-03-17,SKU0090,43,0,7.0,35
2025-03-24,SKU0090,57,191,7.0,35
2025-03-31,SKU0090,45,152,7.0,35
2025-04-07,SKU0090,71,197,7.0,35
2025-04-14,SKU0090,47,0,7.0,35
2025-04-21,SKU0090,36,121,7.0,35
2025-04-28,SKU0090,88,294,7.0,35
2025-05-05,SKU0090,47,158,7.0,35
2025-05-12,SKU0090,58,136,7.0,35
2025-05-19,SKU0090,75,167,7.0,35
2025-05-26,SKU0090,69,231,7.0,35
2025-06-02,SKU0090,54,0,7.0,35
2025-06-09,SKU0090,84,228,7.0,35
2025-06-16,SKU0090,58,0,7.0,35
2025-06-23,SKU0090,77,257,7.0,35
2025-06-30,SKU0090,72,241,7.0,35
2025-07-07,SKU0090,60,0,7.0,35
2025-07-14,SKU0090,42,141,7.0,35
2025-07-21,SKU0090,38,127,7.0,35
2025-07-28,SKU0090,58,195,7.0,35
2025-08-04,SKU0090,57,193,7.0,35
2025-08-11,SKU0090,84,281,7.0,35
2025-08-18,SKU0090,69,0,7.0,35
2025-08-25,SKU0090,80,204,7.0,35
2025-09-01,SKU0090,112,295,7.0,35
2025-09-08,SKU0090,73,0,7.0,35
2025-09-15,SKU0090,52,175,7.0,35
2025-09-22,SKU0090,50,167,7.0,35
2025-09-29,SKU0090,61,204,7.0,35
2025-10-06,SKU0090,34,114,7.0,35
2025-10-13,SKU0090,69,232,7.0,35
2025-10-20,SKU0090,57,0,7.0,35
2025-10-27,SKU0090,41,137,7.0,35
2025-11-03,SKU0090,79,239,7.0,35
2025-11-10,SKU0090,70,198,7.0,35
2025-11-17,SKU0090,50,0,7.0,35
2025-11-24,SKU0090,39,0,7.0,35
2025-12-01,SKU0090,85,207,7.0,35
2025-12-08,SKU0090,42,0,7.0,35
2025-12-15,SKU0090,80,234,7.0,35
2025-12-22,SKU0090,38,106,7.0,35
2025-12-29,SKU0090,65,194,7.0,35
2024-10-28,SKU0091,331,0,21.0,106
2024-11-04,SKU0091,286,0,21.0,106
2024-11-11,SKU0091,201,0,21.0,106
2024-11-18,SKU0091,109,0,21.0,106
2024-11-25,SKU0091,140,237,21.0,106
2024-12-02,SKU0091,158,188,21.0,106
2024-12-09,SKU0091,157,254,21.0,106
2024-12-16,SKU0091,164,245,21.0,106
2024-12-23,SKU0091,162,249,21.0,106
2024-12-30,SKU0091,132,0,,106
2025-01-06,SKU0091,121,255,21.0,106
2025-01-13,SKU0091,71,158,21.0,106
2025-01-20,SKU0091,82,275,21.0,106
2025-01-27,SKU0091,78,222,21.0,106
2025-02-03,SKU0091,73,150,21.0,106
2025-02-10,SKU0091,78,263,21.0,106
2025-02-17,SKU0091,114,156,21.0,106
2025-02-24,SKU0091,102,145,21.0,106
2025-03-03,SKU0091,122,288,21.0,106
2025-03-10,SKU0091,81,190,21.0,106
2025-03-17,SKU0091,97,195,21.0,106
2025-03-24,SKU0091,94,290,21.0,106
2025-03-31,SKU0091,77,193,21.0,106
2025-04-07,SKU0091,72,192,21.0,106
2025-04-14,SKU0091,87,291,21.0,106
2025-04-21,SKU0091,134,271,21.0,106
2025-04-28,SKU0091,156,201,21.0,106
2025-05-05,SKU0091,124,0,21.0,106
2025-05-12,SKU0091,113,248,21.0,106
2025-05-19,SKU0091,130,189,21.0,106
2025-05-26,SKU0091,98,181,21.0,106
2025-06-02,SKU0091,60,140,21.0,106
2025-06-09,SKU0091,88,221,21.0,106
2025-06-16,SKU0091,78,146,21.0,106
2025-06-23,SKU0091,72,179,21.0,106
2025-06-30,SKU0091,127,247,21.0,106
2025-07-07,SKU0091,95,110,21.0,106
2025-07-14,SKU0091,75,158,21.0,106
2025-07-21,SKU0091,89,245,21.0,106
2025-07-28,SKU0091,53,104,21.0,106
2025-08-04,SKU0091,43,146,21.0,106
2025-08-11,SKU0091,51,172,21.0,106
2025-08-18,SKU0091,84,180,21.0,106
2025-08-25,SKU0091,103,224,21.0,106
2025-09-01,SKU0091,68,122,21.0,106
2025-09-08,SKU0091,83,111,21.0,106
2025-09-15,SKU0091,117,247,21.0,106
2025-09-22,SKU0091,93,115,21.0,106
2025-09-29,SKU0091,117,151,21.0,106
2025-10-06,SKU0091,129,195,21.0,106
2025-10-13,SKU0091,147,292,21.0,106
2025-10-20,SKU0091,157,299,21.0,106
2025-10-27,SKU0091,131,0,21.0,106
2025-11-03,SKU0091,147,181,21.0,106
2025-11-10,SKU0091,113,0,21.0,106
2025-11-17,SKU0091,96,173,21.0,106
2025-11-24,SKU0091,61,134,21.0,106
2025-12-01,SKU0091,77,259,21.0,106
2025-12-08,SKU0091,89,297,21.0,106
2025-12-15,SKU0091,125,230,21.0,106
2025-12-22,SKU0091,129,110,21.0,106
2025-12-29,SKU0091,112,0,21.0,106
2024-01-01,SKU0092,128,0,7.0,113
2024-01-08,SKU0092,110,175,7.0,113
2024-01-15,SKU0092,88,101,7.0,113
2024-01-22,SKU0092,86,232,7.0,113
2024-01-29,SKU0092,117,144,7.0,113
2024-02-05,SKU0092,143,129,7.0,113
2024-02-12,SKU0092,159,167,7.0,113
2024-02-19,SKU0092,116,0,7.0,113
2024-02-26,SKU0092,153,296,7.0,113
2024-03-04,SKU0092,136,0,7.0,113
2024-03-11,SKU0092,87,167,7.0,113
2024-03-18,SKU0092,120,205,7.0,113
2024-03-25,SKU0092,101,204,7.0,113
2024-04-01,SKU0092,128,143,7.0,113
2024-04-08,SKU0092,126,131,7.0,113
2024-04-15,SKU0092,115,0,7.0,113
2024-04-22,SKU0092,185,291,7.0,113
2024-04-29,SKU0092,167,0,7.0,113
2024-05-06,SKU0092,117,0,7.0,113
2024-05-13,SKU0092,185,261,7.0,113
2024-05-20,SKU0092,184,248,7.0,113
2024-05-27,SKU0092,154,233,7.0,113
2024-06-03,SKU0092,134,0,7.0,113
2024-06-10,SKU0092,133,195,7.0,113
2024-06-17,SKU0092,194,276,7.0,113
2024-06-24,SKU0092,181,0,7.0,113
2024-07-01,SKU0092,156,0,7.0,113
2024-07-08,SKU0092,146,254,7.0,113
2024-07-15,SKU0092,176,262,7.0,113
2024-07-22,SKU0092,157,169,7.0,113
2024-07-29,SKU0092,166,257,7.0,113
2024-08-05,SKU0092,176,298,7.0,113
2024-08-12,SKU0092,117,0,7.0,113
2024-08-19,SKU0092,148,143,7.0,113
2024-08-26,SKU0092,162,182,7.0,113
2024-09-02,SKU0092,111,163,7.0,113
2024-09-09,SKU0092,114,101,7.0,113
2024-09-16,SKU0092,90,139,7.0,113
2024-09-23,SKU0092,96,293,7.0,113
2024-09-30,SKU0092,122,192,7.0,113
2024-10-07,SKU0092,138,161,7.0,113
2024-10-14,SKU0092,127,175,7.0,113
2024-10-21,SKU0092,103,124,7.0,113
2024-10-28,SKU0092,44,115,7.0,113
2024-11-04,SKU0092,46,154,7.0,113
2024-11-11,SKU0092,53,178,7.0,113
2024-11-18,SKU0092,53,172,7.0,113
2024-11-25,SKU0092,59,183,7.0,113
2024-12-02,SKU0092,80,268,7.0,113
2024-12-09,SKU0092,61,176,7.0,113
2024-12-16,SKU0092,112,274,7.0,113
2024-12-23,SKU0092,149,285,7.0,113
2024-12-30,SKU0092,159,291,7.0,113
2025-01-06,SKU0092,115,0,7.0,113
2025-01-13,SKU0092,90,212,7.0,113
2025-01-20,SKU0092,119,221,7.0,113
2025-01-27,SKU0092,131,261,7.0,113
2025-02-03,SKU0092,165,221,7.0,113
2025-02-10,SKU0092,134,0,7.0,113
2025-02-17,SKU0092,108,238,7.0,113
2025-02-24,SKU0092,160,216,7.0,113
2025-03-03,SKU0092,172,281,7.0,113
2025-03-10,SKU0092,159,0,7.0,113
2025-03-17,SKU0092,113,0,7.0,113
2025-03-24,SKU0092,110,158,7.0,113
2025-03-31,SKU0092,123,182,7.0,113
2025-04-07,SKU0092,168,214,7.0,113
2025-04-14,SKU0092,128,0,7.0,113
2025-04-21,SKU0092,157,250,7.0,113
2025-04-28,SKU0092,124,104,7.0,113
2025-05-05,SKU0092,120,290,7.0,113
2025-05-12,SKU0092,102,115,7.0,113
2025-05-19,SKU0092,138,207,7.0,113
2025-05-26,SKU0092,159,227,7.0,113
2025-06-02,SKU0092,114,0,7.0,113
2025-06-09,SKU0092,134,209,7.0,113
2025-06-16,SKU0092,120,0,7.0,113
2025-06-23,SKU0092,119,252,7.0,113
2025-06-30,SKU0092,100,239,7.0,113
2025-07-07,SKU0092,164,262,7.0,113
2025-07-14,SKU0092,124,0,7.0,113
2025-07-21,SKU0092,164,281,7.0,113
2025-07-28,SKU0092,165,176,7.0,113
2025-08-04,SKU0092,174,257,7.0,113
2025-08-11,SKU0092,144,0,7.0,113
2025-08-18,SKU0092,185,264,7.0,113
2025-08-25,SKU0092,120,0,7.0,113
2025-09-01,SKU0092,57,109,7.0,113
2025-09-08,SKU0092,30,100,7.0,113
2025-09-15,SKU0092,39,130,7.0,113
2025-09-22,SKU0092,64,215,7.0,113
2025-09-29,SKU0092,65,167,7.0,113
2025-10-06,SKU0092,45,150,7.0,113
2025-10-13,SKU0092,45,150,7.0,113
2025-10-20,SKU0092,72,240,7.0,113
2025-10-27,SKU0092,90,193,7.0,113
2025-11-03,SKU0092,97,255,7.0,113
2025-11-10,SKU0092,102,174,7.0,113
2025-11-17,SKU0092,63,188,7.0,113
2025-11-24,SKU0092,75,161,7.0,113
2025-12-01,SKU0092,146,273,7.0,113
2025-12-08,SKU0092,117,138,7.0,113
2025-12-15,SKU0092,99,270,7.0,113
2025-12-22,SKU0092,87,189,7.0,113
2025-12-29,SKU0092,90,141,7.0,113
2024-01-01,SKU0093,271,0,14.0,145
2024-01-08,SKU0093,251,0,14.0,145
2024-01-15,SKU0093,237,0,14.0,145
2024-01-22,SKU0093,215,0,14.0,145
2024-01-29,SKU0093,166,0,14.0,145
2024-02-05,SKU0093,161,122,,145
2024-02-12,SKU0093,145,145,14.0,145
2024-02-19,SKU0093,219,297,14.0,145
2024-02-26,SKU0093,149,0,14.0,145
2024-03-04,SKU0093,146,246,14.0,145
2024-03-11,SKU0093,168,190,14.0,145
2024-03-18,SKU0093,152,164,14.0,145
2024-03-25,SKU0093,202,275,14.0,145
2024-04-01,SKU0093,180,0,14.0,145
2024-04-08,SKU0093,172,227,14.0,145
2024-04-15,SKU0093,162,267,14.0,145
2024-04-22,SKU0093,175,135,14.0,145
2024-04-29,SKU0093,162,0,14.0,145
2024-05-06,SKU0093,123,139,14.0,145
2024-05-13,SKU0093,164,256,14.0,145
2024-05-20,SKU0093,151,0,14.0,145
2024-05-27,SKU0093,153,280,14.0,145
2024-06-03,SKU0093,130,202,14.0,145
2024-06-10,SKU0093,105,154,14.0,145
2024-06-17,SKU0093,111,167,14.0,145
2024-06-24,SKU0093,127,126,14.0,145
2024-07-01,SKU0093,151,267,14.0,145
2024-07-08,SKU0093,179,170,14.0,145
2024-07-15,SKU0093,191,180,14.0,145
2024-07-22,SKU0093,197,269,14.0,145
2024-07-29,SKU0093,152,0,14.0,145
2024-08-05,SKU0093,185,178,14.0,145
2024-08-12,SKU0093,174,0,14.0,145
2024-08-19,SKU0093,149,0,14.0,145
2024-08-26,SKU0093,176,233,14.0,145
2024-09-02,SKU0093,164,0,14.0,145
2024-09-09,SKU0093,153,121,14.0,145
2024-09-16,SKU0093,132,173,14.0,145
2024-09-23,SKU0093,86,130,14.0,145
2024-09-30,SKU0093,108,234,14.0,145
2024-10-07,SKU0093,75,218,14.0,145
2024-10-14,SKU0093,91,264,14.0,145
2024-10-21,SKU0093,86,141,14.0,145
2024-10-28,SKU0093,47,158,14.0,145
2024-11-04,SKU0093,40,135,14.0,145
2024-11-11,SKU0093,78,182,14.0,145
2024-11-18,SKU0093,43,142,14.0,145
2024-11-25,SKU0093,50,169,14.0,145
2024-12-02,SKU0093,72,243,14.0,145
2024-12-09,SKU0093,57,123,14.0,145
2024-12-16,SKU0093,46,156,14.0,145
2024-12-23,SKU0093,106,238,14.0,145
2024-12-30,SKU0093,161,297,14.0,145
2025-01-06,SKU0093,144,272,14.0,145
2025-01-13,SKU0093,155,262,14.0,145
2025-01-20,SKU0093,193,207,14.0,145
2025-01-27,SKU0093,199,193,14.0,145
2025-02-03,SKU0093,178,0,14.0,145
2025-02-10,SKU0093,167,0,14.0,145
2025-02-17,SKU0093,169,254,14.0,145
2025-02-24,SKU0093,149,0,14.0,145
2025-03-03,SKU0093,162,285,14.0,145
2025-03-10,SKU0093,225,274,14.0,145
2025-03-17,SKU0093,161,0,14.0,145
2025-03-24,SKU0093,146,0,14.0,145
2025-03-31,SKU0093,127,138,14.0,145
2025-04-07,SKU0093,153,188,14.0,145
2025-04-14,SKU0093,179,235,14.0,145
2025-04-21,SKU0093,146,0,14.0,145
2025-04-28,SKU0093,125,185,14.0,145
2025-05-05,SKU0093,137,135,14.0,145
2025-05-12,SKU0093,100,148,14.0,145
2025-05-19,SKU0093,132,229,14.0,145
2025-05-26,SKU0093,136,222,14.0,145
2025-06-02,SKU0093,117,245,14.0,145
2025-06-09,SKU0093,147,250,14.0,145
2025-06-16,SKU0093,182,180,14.0,145
2025-06-23,SKU0093,156,0,14.0,145
2025-06-30,SKU0093,205,209,14.0,145
2025-07-07,SKU0093,161,0,14.0,145
2025-07-14,SKU0093,152,202,14.0,145
2025-07-21,SKU0093,95,108,14.0,145
2025-07-28,SKU0093,63,103,14.0,145
2025-08-04,SKU0093,115,207,14.0,145
2025-08-11,SKU0093,102,133,14.0,145
2025-08-18,SKU0093,142,289,14.0,145
2025-08-25,SKU0093,169,173,14.0,145
2025-09-01,SKU0093,197,293,14.0,145
2025-09-08,SKU0093,178,117,14.0,145
2025-09-15,SKU0093,160,0,14.0,145
2025-09-22,SKU0093,183,146,14.0,145
2025-09-29,SKU0093,167,202,14.0,145
2025-10-06,SKU0093,120,118,14.0,145
2025-10-13,SKU0093,70,149,14.0,145
2025-10-20,SKU0093,107,217,14.0,145
2025-10-27,SKU0093,86,133,14.0,145
2025-11-03,SKU0093,80,264,14.0,145
2025-11-10,SKU0093,52,176,14.0,145
2025-11-17,SKU0093,88,295,14.0,145
2025-11-24,SKU0093,102,190,14.0,145
2025-12-01,SKU0093,117,195,14.0,145
2025-12-08,SKU0093,176,236,14.0,145
2025-12-15,SKU0093,188,154,14.0,145
2025-12-22,SKU0093,171,128,14.0,145
2025-12-29,SKU0093,181,152,14.0,145
2025-03-31,SKU0094,292,0,7.0,46
2025-04-07,SKU0094,193,0,7.0,46
2025-04-14,SKU0094,122,0,7.0,46
2025-04-21,SKU0094,62,0,7.0,46
2025-04-28,SKU0094,68,227,,46
2025-05-05,SKU0094,80,233,7.0,46
2025-05-12,SKU0094,50,0,7.0,46
2025-05-19,SKU0094,85,222,7.0,46
2025-05-26,SKU0094,60,0,7.0,46
2025-06-02,SKU0094,50,0,7.0,46
2025-06-09,SKU0094,47,115,7.0,46
2025-06-16,SKU0094,31,104,7.0,46
2025-06-23,SKU0094,57,166,7.0,46
2025-06-30,SKU0094,46,0,7.0,46
2025-07-07,SKU0094,77,258,7.0,46
2025-07-14,SKU0094,58,0,7.0,46
2025-07-21,SKU0094,67,224,7.0,46
2025-07-28,SKU0094,30,103,7.0,46
2025-08-04,SKU0094,76,255,7.0,46
2025-08-11,SKU0094,73,219,7.0,46
2025-08-18,SKU0094,56,141,7.0,46
2025-08-25,SKU0094,58,194,7.0,46
2025-09-01,SKU0094,105,264,7.0,46
2025-09-08,SKU0094,85,0,7.0,46
2025-09-15,SKU0094,63,0,7.0,46
2025-09-22,SKU0094,39,133,7.0,46
2025-09-29,SKU0094,30,102,7.0,46
2025-10-06,SKU0094,60,190,7.0,46
2025-10-13,SKU0094,93,286,7.0,46
2025-10-20,SKU0094,71,0,7.0,46
2025-10-27,SKU0094,49,0,7.0,46
2025-11-03,SKU0094,83,279,7.0,46
2025-11-10,SKU0094,73,0,7.0,46
2025-11-17,SKU0094,50,0,7.0,46
2025-11-24,SKU0094,94,284,7.0,46
2025-12-01,SKU0094,46,0,7.0,46
2025-12-08,SKU0094,39,131,7.0,46
2025-12-15,SKU0094,81,273,7.0,46
2025-12-22,SKU0094,124,266,7.0,46
2025-12-29,SKU0094,62,0,7.0,46
2024-10-28,SKU0095,308,0,30.0,84
2024-11-04,SKU0095,212,0,30.0,84
2024-11-11,SKU0095,155,0,30.0,84
2024-11-18,SKU0095,141,271,30.0,84
2024-11-25,SKU0095,102,0,30.0,84
2024-12-02,SKU0095,133,187,30.0,84
2024-12-09,SKU0095,103,213,30.0,84
2024-12-16,SKU0095,123,133,30.0,84
2024-12-23,SKU0095,109,152,30.0,84
2024-12-30,SKU0095,87,0,30.0,84
2025-01-06,SKU0095,111,119,30.0,84
2025-01-13,SKU0095,81,152,30.0,84
2025-01-20,SKU0095,78,152,30.0,84
2025-01-27,SKU0095,74,248,30.0,84
2025-02-03,SKU0095,125,275,30.0,84
2025-02-10,SKU0095,147,271,30.0,84
2025-02-17,SKU0095,101,143,30.0,84
2025-02-24,SKU0095,104,169,30.0,84
2025-03-03,SKU0095,119,181,30.0,84
2025-03-10,SKU0095,135,239,30.0,84
2025-03-17,SKU0095,114,0,30.0,84
2025-03-24,SKU0095,92,0,30.0,84
2025-03-31,SKU0095,135,214,30.0,84
2025-04-07,SKU0095,115,113,30.0,84
2025-04-14,SKU0095,88,193,30.0,84
2025-04-21,SKU0095,117,174,30.0,84
2025-04-28,SKU0095,120,167,30.0,84
2025-05-05,SKU0095,99,0,30.0,84
2025-05-12,SKU0095,72,188,30.0,84
2025-05-19,SKU0095,51,140,30.0,84
2025-05-26,SKU0095,46,145,30.0,84
2025-06-02,SKU0095,71,238,30.0,84
2025-06-09,SKU0095,43,103,30.0,84
2025-06-16,SKU0095,55,185,30.0,84
2025-06-23,SKU0095,102,298,30.0,84
2025-06-30,SKU0095,122,226,30.0,84
2025-07-07,SKU0095,117,280,30.0,84
2025-07-14,SKU0095,121,247,30.0,84
2025-07-21,SKU0095,90,171,30.0,84
2025-07-28,SKU0095,85,197,30.0,84
2025-08-04,SKU0095,46,156,30.0,84
2025-08-11,SKU0095,84,204,30.0,84
2025-08-18,SKU0095,90,218,30.0,84
2025-08-25,SKU0095,73,244,30.0,84
2025-09-01,SKU0095,71,238,30.0,84
2025-09-08,SKU0095,81,156,30.0,84
2025-09-15,SKU0095,58,153,30.0,84
2025-09-22,SKU0095,132,294,30.0,84
2025-09-29,SKU0095,106,163,30.0,84
2025-10-06,SKU0095,91,0,30.0,84
2025-10-13,SKU0095,152,269,30.0,84
2025-10-20,SKU0095,135,0,30.0,84
2025-10-27,SKU0095,117,0,30.0,84
2025-11-03,SKU0095,90,211,30.0,84
2025-11-10,SKU0095,44,149,30.0,84
2025-11-17,SKU0095,53,177,30.0,84
2025-11-24,SKU0095,64,214,30.0,84
2025-12-01,SKU0095,39,132,30.0,84
2025-12-08,SKU0095,99,274,30.0,84
2025-12-15,SKU0095,73,220,30.0,84
2025-12-22,SKU0095,88,194,30.0,84
2025-12-29,SKU0095,93,165,30.0,84
2024-06-03,SKU0096,60,119,14.0,60
2024-06-10,SKU0096,37,104,14.0,60
2024-06-17,SKU0096,73,207,14.0,60
2024-06-24,SKU0096,88,104,14.0,60
2024-07-01,SKU0096,114,200,14.0,60
2024-07-08,SKU0096,84,134,14.0,60
2024-07-15,SKU0096,107,207,14.0,60
2024-07-22,SKU0096,75,141,14.0,60
2024-07-29,SKU0096,85,286,14.0,60
2024-08-05,SKU0096,91,238,14.0,60
2024-08-12,SKU0096,108,166,14.0,60
2024-08-19,SKU0096,95,0,14.0,60
2024-08-26,SKU0096,96,239,14.0,60
2024-09-02,SKU0096,78,0,14.0,60
2024-09-09,SKU0096,125,267,14.0,60
2024-09-16,SKU0096,62,118,14.0,60
2024-09-23,SKU0096,45,135,14.0,60
2024-09-30,SKU0096,75,137,14.0,60
2024-10-07,SKU0096,75,253,14.0,60
2024-10-14,SKU0096,86,284,14.0,60
2024-10-21,SKU0096,94,294,14.0,60
2024-10-28,SKU0096,60,0,14.0,60
2024-11-04,SKU0096,70,234,14.0,60
2024-11-11,SKU0096,38,127,14.0,60
2024-11-18,SKU0096,78,236,14.0,60
2024-11-25,SKU0096,63,212,14.0,60
2024-12-02,SKU0096,100,172,14.0,60
2024-12-09,SKU0096,78,220,14.0,60
2024-12-16,SKU0096,117,211,14.0,60
2024-12-23,SKU0096,96,205,14.0,60
2024-12-30,SKU0096,60,0,14.0,60
2025-01-06,SKU0096,43,133,14.0,60
2025-01-13,SKU0096,38,127,14.0,60
2025-01-20,SKU0096,78,196,14.0,60
2025-01-27,SKU0096,30,101,14.0,60
2025-02-03,SKU0096,54,182,14.0,60
2025-02-10,SKU0096,83,279,14.0,60
2025-02-17,SKU0096,39,131,14.0,60
2025-02-24,SKU0096,81,270,14.0,60
2025-03-03,SKU0096,53,135,14.0,60
2025-03-10,SKU0096,65,219,14.0,60
2025-03-17,SKU0096,94,144,14.0,60
2025-03-24,SKU0096,87,286,14.0,60
2025-03-31,SKU0096,85,115,14.0,60
2025-04-07,SKU0096,58,141,14.0,60
2025-04-14,SKU0096,89,221,14.0,60
2025-04-21,SKU0096,66,221,14.0,60
2025-04-28,SKU0096,86,103,14.0,60
2025-05-05,SKU0096,104,282,14.0,60
2025-05-12,SKU0096,115,199,14.0,60
2025-05-19,SKU0096,104,0,14.0,60
2025-05-26,SKU0096,67,174,14.0,60
2025-06-02,SKU0096,89,298,14.0,60
2025-06-09,SKU0096,114,237,14.0,60
2025-06-16,SKU0096,71,120,14.0,60
2025-06-23,SKU0096,37,126,14.0,60
2025-06-30,SKU0096,35,118,14.0,60
2025-07-07,SKU0096,86,247,14.0,60
2025-07-14,SKU0096,88,270,14.0,60
2025-07-21,SKU0096,82,242,14.0,60
2025-07-28,SKU0096,80,149,14.0,60
2025-08-04,SKU0096,47,157,14.0,60
2025-08-11,SKU0096,72,137,14.0,60
2025-08-18,SKU0096,82,241,14.0,60
2025-08-25,SKU0096,80,268,14.0,60
2025-09-01,SKU0096,104,279,14.0,60
2025-09-08,SKU0096,56,146,14.0,60
2025-09-15,SKU0096,78,139,14.0,60
2025-09-22,SKU0096,33,110,14.0,60
2025-09-29,SKU0096,36,121,14.0,60
2025-10-06,SKU0096,71,239,14.0,60
2025-10-13,SKU0096,98,186,14.0,60
2025-10-20,SKU0096,71,182,14.0,60
2025-10-27,SKU0096,94,190,14.0,60
2025-11-03,SKU0096,106,208,14.0,60
2025-11-10,SKU0096,88,0,14.0,60
2025-11-17,SKU0096,69,0,14.0,60
2025-11-24,SKU0096,96,133,14.0,60
2025-12-01,SKU0096,71,0,14.0,60
2025-12-08,SKU0096,114,268,14.0,60
2025-12-15,SKU0096,112,189,14.0,60
2025-12-22,SKU0096,83,162,14.0,60
2025-12-29,SKU0096,62,185,14.0,60
2024-01-01,SKU0097,103,203,21.0,54
2024-01-08,SKU0097,90,175,21.0,54
2024-01-15,SKU0097,78,238,21.0,54
2024-01-22,SKU0097,87,293,21.0,54
2024-01-29,SKU0097,49,164,21.0,54
2024-02-05,SKU0097,36,121,21.0,54
2024-02-12,SKU0097,45,153,21.0,54
2024-02-19,SKU0097,48,162,21.0,54
2024-02-26,SKU0097,89,186,21.0,54
2024-03-04,SKU0097,78,162,21.0,54
2024-03-11,SKU0097,104,253,21.0,54
2024-03-18,SKU0097,56,0,21.0,54
2024-03-25,SKU0097,31,104,21.0,54
2024-04-01,SKU0097,88,294,21.0,54
2024-04-08,SKU0097,68,0,21.0,54
2024-04-15,SKU0097,32,107,21.0,54
2024-04-22,SKU0097,60,143,21.0,54
2024-04-29,SKU0097,100,270,21.0,54
2024-05-06,SKU0097,132,270,21.0,54
2024-05-13,SKU0097,58,0,21.0,54
2024-05-20,SKU0097,54,180,21.0,54
2024-05-27,SKU0097,74,249,21.0,54
2024-06-03,SKU0097,80,133,21.0,54
2024-06-10,SKU0097,101,235,21.0,54
2024-06-17,SKU0097,81,0,21.0,54
2024-06-24,SKU0097,104,221,,54
2024-07-01,SKU0097,128,268,21.0,54
2024-07-08,SKU0097,107,0,21.0,54
2024-07-15,SKU0097,110,252,21.0,54
2024-07-22,SKU0097,107,271,21.0,54
2024-07-29,SKU0097,74,220,21.0,54
2024-08-05,SKU0097,82,275,21.0,54
2024-08-12,SKU0097,101,202,21.0,54
2024-08-19,SKU0097,94,250,21.0,54
2024-08-26,SKU0097,94,174,21.0,54
2024-09-02,SKU0097,55,185,21.0,54
2024-09-09,SKU0097,82,274,21.0,54
2024-09-16,SKU0097,59,0,21.0,54
2024-09-23,SKU0097,85,286,21.0,54
2024-09-30,SKU0097,86,182,21.0,54
2024-10-07,SKU0097,93,196,21.0,54
2024-10-14,SKU0097,104,232,21.0,54
2024-10-21,SKU0097,57,0,21.0,54
2024-10-28,SKU0097,68,227,21.0,54
2024-11-04,SKU0097,56,0,21.0,54
2024-11-11,SKU0097,118,276,21.0,54
2024-11-18,SKU0097,58,0,21.0,54
2024-11-25,SKU0097,69,231,21.0,54
2024-12-02,SKU0097,52,170,21.0,54
2024-12-09,SKU0097,75,248,21.0,54
2024-12-16,SKU0097,73,132,21.0,54
2024-12-23,SKU0097,77,135,21.0,54
2024-12-30,SKU0097,66,112,21.0,54
2025-01-06,SKU0097,54,0,21.0,54
2025-01-13,SKU0097,71,239,21.0,54
2025-01-20,SKU0097,73,245,21.0,54
2025-01-27,SKU0097,80,221,21.0,54
2025-02-03,SKU0097,95,280,21.0,54
2025-02-10,SKU0097,67,0,21.0,54
2025-02-17,SKU0097,67,226,21.0,54
2025-02-24,SKU0097,105,197,21.0,54
2025-03-03,SKU0097,89,0,21.0,54
2025-03-10,SKU0097,68,192,21.0,54
2025-03-17,SKU0097,31,106,21.0,54
2025-03-24,SKU0097,62,209,21.0,54
2025-03-31,SKU0097,118,237,21.0,54
2025-04-07,SKU0097,88,0,21.0,54
2025-04-14,SKU0097,67,226,21.0,54
2025-04-21,SKU0097,72,192,21.0,54
2025-04-28,SKU0097,86,157,21.0,54
2025-05-05,SKU0097,78,219,21.0,54
2025-05-12,SKU0097,30,101,,54
2025-05-19,SKU0097,38,125,21.0,54
2025-05-26,SKU0097,41,137,21.0,54
2025-06-02,SKU0097,69,133,21.0,54
2025-06-09,SKU0097,105,194,21.0,54
2025-06-16,SKU0097,81,0,21.0,54
2025-06-23,SKU0097,96,228,21.0,54
2025-06-30,SKU0097,73,0,21.0,54
2025-07-07,SKU0097,132,285,21.0,54
2025-07-14,SKU0097,109,0,21.0,54
2025-07-21,SKU0097,89,0,21.0,54
2025-07-28,SKU0097,74,0,21.0,54
2025-08-04,SKU0097,99,200,21.0,54
2025-08-11,SKU0097,65,0,21.0,54
2025-08-18,SKU0097,79,106,21.0,54
2025-08-25,SKU0097,64,118,21.0,54
2025-09-01,SKU0097,83,279,21.0,54
2025-09-08,SKU0097,39,133,21.0,54
2025-09-15,SKU0097,30,100,21.0,54
2025-09-22,SKU0097,83,277,21.0,54
2025-09-29,SKU0097,70,187,21.0,54
2025-10-06,SKU0097,41,138,21.0,54
2025-10-13,SKU0097,66,220,21.0,54
2025-10-20,SKU0097,99,262,21.0,54
2025-10-27,SKU0097,88,0,21.0,54
2025-11-03,SKU0097,87,185,21.0,54
2025-11-10,SKU0097,81,271,21.0,54
2025-11-17,SKU0097,48,119,21.0,54
2025-11-24,SKU0097,64,215,21.0,54
2025-12-01,SKU0097,70,236,21.0,54
2025-12-08,SKU0097,34,116,21.0,54
2025-12-15,SKU0097,98,269,21.0,54
2025-12-22,SKU0097,91,178,21.0,54
2025-12-29,SKU0097,109,217,21.0,54
2024-01-01,SKU0098,59,0,30.0,40
2024-01-08,SKU0098,43,0,30.0,40
2024-01-15,SKU0098,91,286,30.0,40
2024-01-22,SKU0098,49,130,30.0,40
2024-01-29,SKU0098,50,168,30.0,40
2024-02-05,SKU0098,114,271,30.0,40
2024-02-12,SKU0098,54,0,30.0,40
2024-02-19,SKU0098,75,250,30.0,40
2024-02-26,SKU0098,79,210,30.0,40
2024-03-04,SKU0098,82,272,30.0,40
2024-03-11,SKU0098,39,133,30.0,40
2024-03-18,SKU0098,78,263,30.0,40
2024-03-25,SKU0098,115,276,30.0,40
2024-04-01,SKU0098,91,0,30.0,40
2024-04-08,SKU0098,61,204,30.0,40
2024-04-15,SKU0098,69,230,30.0,40
2024-04-22,SKU0098,63,118,30.0,40
2024-04-29,SKU0098,60,200,30.0,40
2024-05-06,SKU0098,68,227,30.0,40
2024-05-13,SKU0098,49,157,30.0,40
2024-05-20,SKU0098,40,134,30.0,40
2024-05-27,SKU0098,78,233,30.0,40
2024-06-03,SKU0098,85,267,30.0,40
2024-06-10,SKU0098,117,269,30.0,40
2024-06-17,SKU0098,100,0,30.0,40
2024-06-24,SKU0098,65,0,30.0,40
2024-07-01,SKU0098,104,260,30.0,40
2024-07-08,SKU0098,57,0,30.0,40
2024-07-15,SKU0098,38,128,30.0,40
2024-07-22,SKU0098,44,147,30.0,40
2024-07-29,SKU0098,59,162,30.0,40
2024-08-05,SKU0098,32,107,30.0,40
2024-08-12,SKU0098,52,175,30.0,40
2024-08-19,SKU0098,46,154,30.0,40
2024-08-26,SKU0098,61,204,30.0,40
2024-09-02,SKU0098,86,186,30.0,40
2024-09-09,SKU0098,68,0,30.0,40
2024-09-16,SKU0098,99,200,30.0,40
2024-09-23,SKU0098,116,282,30.0,40
2024-09-30,SKU0098,53,0,30.0,40
2024-10-07,SKU0098,72,243,30.0,40
2024-10-14,SKU0098,56,0,30.0,40
2024-10-21,SKU0098,118,269,30.0,40
2024-10-28,SKU0098,100,0,30.0,40
2024-11-04,SKU0098,57,139,30.0,40
2024-11-11,SKU0098,73,131,30.0,40
2024-11-18,SKU0098,76,255,30.0,40
2024-11-25,SKU0098,58,159,30.0,40
2024-12-02,SKU0098,42,0,30.0,40
2024-12-09,SKU0098,48,129,30.0,40
2024-12-16,SKU0098,85,285,30.0,40
2024-12-23,SKU0098,113,263,30.0,40
2024-12-30,SKU0098,86,0,30.0,40
2025-01-06,SKU0098,61,181,30.0,40
2025-01-13,SKU0098,49,166,30.0,40
2025-01-20,SKU0098,64,209,30.0,40
2025-01-27,SKU0098,95,204,30.0,40
2025-02-03,SKU0098,54,169,30.0,40
2025-02-10,SKU0098,75,251,30.0,40
2025-02-17,SKU0098,88,294,30.0,40
2025-02-24,SKU0098,75,0,30.0,40
2025-03-03,SKU0098,37,105,30.0,40
2025-03-10,SKU0098,75,253,30.0,40
2025-03-17,SKU0098,44,0,30.0,40
2025-03-24,SKU0098,79,264,30.0,40
2025-03-31,SKU0098,33,110,30.0,40
2025-04-07,SKU0098,38,129,30.0,40
2025-04-14,SKU0098,47,158,30.0,40
2025-04-21,SKU0098,51,171,30.0,40
2025-04-28,SKU0098,96,252,30.0,40
2025-05-05,SKU0098,65,0,30.0,40
2025-05-12,SKU0098,32,107,30.0,40
2025-05-19,SKU0098,74,182,30.0,40
2025-05-26,SKU0098,63,144,30.0,40
2025-06-02,SKU0098,50,168,30.0,40
2025-06-09,SKU0098,58,196,30.0,40
2025-06-16,SKU0098,63,211,30.0,40
2025-06-23,SKU0098,68,229,30.0,40
2025-06-30,SKU0098,56,166,30.0,40
2025-07-07,SKU0098,35,118,30.0,40
2025-07-14,SKU0098,59,199,30.0,40
2025-07-21,SKU0098,46,156,30.0,40
2025-07-28,SKU0098,69,231,30.0,40
2025-08-04,SKU0098,53,0,30.0,40
2025-08-11,SKU0098,102,234,30.0,40
2025-08-18,SKU0098,72,0,30.0,40
2025-08-25,SKU0098,44,0,30.0,40
2025-09-01,SKU0098,78,223,30.0,40
2025-09-08,SKU0098,43,0,30.0,40
2025-09-15,SKU0098,66,221,30.0,40
2025-09-22,SKU0098,68,228,30.0,40
2025-09-29,SKU0098,46,154,30.0,40
2025-10-06,SKU0098,63,201,30.0,40
2025-10-13,SKU0098,104,281,30.0,40
2025-10-20,SKU0098,76,0,30.0,40
2025-10-27,SKU0098,45,115,30.0,40
2025-11-03,SKU0098,62,208,30.0,40
2025-11-10,SKU0098,63,213,30.0,40
2025-11-17,SKU0098,57,148,30.0,40
2025-11-24,SKU0098,53,178,30.0,40
2025-12-01,SKU0098,52,155,30.0,40
2025-12-08,SKU0098,74,248,30.0,40
2025-12-15,SKU0098,59,0,30.0,40
2025-12-22,SKU0098,91,195,30.0,40
2025-12-29,SKU0098,51,0,30.0,40
2025-03-31,SKU0099,301,0,,141
2025-04-07,SKU0099,253,0,30.0,141
2025-04-14,SKU0099,232,0,30.0,141
2025-04-21,SKU0099,204,0,30.0,141
2025-04-28,SKU0099,187,0,30.0,141
2025-05-05,SKU0099,147,0,30.0,141
2025-05-12,SKU0099,153,150,30.0,141
2025-05-19,SKU0099,139,254,30.0,141
2025-05-26,SKU0099,126,127,30.0,141
2025-06-02,SKU0099,177,294,30.0,141
2025-06-09,SKU0099,170,295,30.0,141
2025-06-16,SKU0099,206,229,30.0,141
2025-06-23,SKU0099,201,210,30.0,141
2025-06-30,SKU0099,176,0,30.0,141
2025-07-07,SKU0099,155,213,30.0,141
2025-07-14,SKU0099,135,119,30.0,141
2025-07-21,SKU0099,113,113,30.0,141
2025-07-28,SKU0099,174,262,30.0,141
2025-08-04,SKU0099,167,124,30.0,141
2025-08-11,SKU0099,179,183,30.0,141
2025-08-18,SKU0099,153,159,30.0,141
2025-08-25,SKU0099,181,179,30.0,141
2025-09-01,SKU0099,164,0,30.0,141
2025-09-08,SKU0099,107,105,30.0,141
2025-09-15,SKU0099,150,212,30.0,141
2025-09-22,SKU0099,165,285,30.0,141
2025-09-29,SKU0099,131,209,30.0,141
2025-10-06,SKU0099,143,204,30.0,141
2025-10-13,SKU0099,172,266,30.0,141
2025-10-20,SKU0099,159,192,30.0,141
2025-10-27,SKU0099,150,102,30.0,141
2025-11-03,SKU0099,181,206,30.0,141
2025-11-10,SKU0099,169,141,30.0,141
2025-11-17,SKU0099,170,116,30.0,141
2025-11-24,SKU0099,178,164,30.0,141
2025-12-01,SKU0099,158,0,30.0,141
2025-12-08,SKU0099,201,252,30.0,141
2025-12-15,SKU0099,182,260,30.0,141
2025-12-22,SKU0099,181,143,30.0,141
2025-12-29,SKU0099,167,0,30.0,141
2024-01-01,SKU0100,276,0,7.0,126
2024-01-08,SKU0100,241,0,7.0,126
2024-01-15,SKU0100,206,0,7.0,126
2024-01-22,SKU0100,170,162,7.0,126
2024-01-29,SKU0100,134,182,7.0,126
2024-02-05,SKU0100,182,241,7.0,126
2024-02-12,SKU0100,196,237,7.0,126
2024-02-19,SKU0100,173,0,7.0,126
2024-02-26,SKU0100,143,167,7.0,126
2024-03-04,SKU0100,185,293,7.0,126
2024-03-11,SKU0100,144,0,7.0,126
2024-03-18,SKU0100,139,177,7.0,126
2024-03-25,SKU0100,207,289,7.0,126
2024-04-01,SKU0100,154,0,7.0,126
2024-04-08,SKU0100,102,147,7.0,126
2024-04-15,SKU0100,122,290,7.0,126
2024-04-22,SKU0100,166,188,7.0,126
2024-04-29,SKU0100,173,285,7.0,126
2024-05-06,SKU0100,161,0,7.0,126
2024-05-13,SKU0100,127,0,7.0,126
2024-05-20,SKU0100,130,112,7.0,126
2024-05-27,SKU0100,120,168,7.0,126
2024-06-03,SKU0100,162,299,7.0,126
2024-06-10,SKU0100,200,274,7.0,126
2024-06-17,SKU0100,131,0,7.0,126
2024-06-24,SKU0100,93,134,7.0,126
2024-07-01,SKU0100,145,299,7.0,126
2024-07-08,SKU0100,132,233,7.0,126
2024-07-15,SKU0100,122,254,7.0,126
2024-07-22,SKU0100,76,114,7.0,126
2024-07-29,SKU0100,87,258,7.0,126
2024-08-05,SKU0100,69,231,7.0,126
2024-08-12,SKU0100,51,121,7.0,126
2024-08-19,SKU0100,67,126,7.0,126
2024-08-26,SKU0100,79,106,7.0,126
2024-09-02,SKU0100,98,232,7.0,126
2024-09-09,SKU0100,76,169,7.0,126
2024-09-16,SKU0100,60,113,7.0,126
2024-09-23,SKU0100,83,277,7.0,126
2024-09-30,SKU0100,103,214,7.0,126
2024-10-07,SKU0100,94,231,7.0,126
2024-10-14,SKU0100,60,183,7.0,126
2024-10-21,SKU0100,87,290,7.0,126
2024-10-28,SKU0100,92,210,7.0,126
2024-11-04,SKU0100,79,265,7.0,126
2024-11-11,SKU0100,111,198,7.0,126
2024-11-18,SKU0100,76,186,7.0,126
2024-11-25,SKU0100,120,231,7.0,126
2024-12-02,SKU0100,144,259,7.0,126
2024-12-09,SKU0100,148,152,7.0,126
2024-12-16,SKU0100,143,192,7.0,126
2024-12-23,SKU0100,117,103,7.0,126
2024-12-30,SKU0100,85,128,7.0,126
2025-01-06,SKU0100,69,231,7.0,126
2025-01-13,SKU0100,75,252,7.0,126
2025-01-20,SKU0100,74,248,7.0,126
2025-01-27,SKU0100,103,235,7.0,126
2025-02-03,SKU0100,172,296,7.0,126
2025-02-10,SKU0100,176,284,7.0,126
2025-02-17,SKU0100,145,0,7.0,126
2025-02-24,SKU0100,138,125,7.0,126
2025-03-03,SKU0100,97,156,7.0,126
2025-03-10,SKU0100,50,169,7.0,126
2025-03-17,SKU0100,82,234,7.0,126
2025-03-24,SKU0100,73,170,7.0,126
2025-03-31,SKU0100,125,247,7.0,126
2025-04-07,SKU0100,108,258,7.0,126
2025-04-14,SKU0100,132,149,7.0,126
2025-04-21,SKU0100,141,293,7.0,126
2025-04-28,SKU0100,130,0,7.0,126
2025-05-05,SKU0100,136,290,7.0,126
2025-05-12,SKU0100,164,228,7.0,126
2025-05-19,SKU0100,153,0,7.0,126
2025-05-26,SKU0100,126,0,7.0,126
2025-06-02,SKU0100,170,220,7.0,126
2025-06-09,SKU0100,119,106,7.0,126
2025-06-16,SKU0100,180,299,7.0,126
2025-06-23,SKU0100,135,0,7.0,126
2025-06-30,SKU0100,113,165,7.0,126
2025-07-07,SKU0100,84,155,7.0,126
2025-07-14,SKU0100,69,186,7.0,126
2025-07-21,SKU0100,99,151,7.0,126
2025-07-28,SKU0100,133,273,7.0,126
2025-08-04,SKU0100,115,132,7.0,126
2025-08-11,SKU0100,145,151,7.0,126
2025-08-18,SKU0100,158,218,7.0,126
2025-08-25,SKU0100,136,0,7.0,126
2025-09-01,SKU0100,165,295,7.0,126
2025-09-08,SKU0100,134,176,7.0,126
2025-09-15,SKU0100,173,227,7.0,126
2025-09-22,SKU0100,185,237,7.0,126
2025-09-29,SKU0100,160,0,7.0,126
2025-10-06,SKU0100,151,241,7.0,126
2025-10-13,SKU0100,112,117,7.0,126
2025-10-20,SKU0100,138,272,7.0,126
2025-10-27,SKU0100,163,297,7.0,126
2025-11-03,SKU0100,133,100,7.0,126
2025-11-10,SKU0100,142,127,7.0,126
2025-11-17,SKU0100,170,278,7.0,126
2025-11-24,SKU0100,106,104,7.0,126
2025-12-01,SKU0100,92,181,7.0,126
2025-12-08,SKU0100,49,110,7.0,126
2025-12-15,SKU0100,77,258,7.0,126
2025-12-22,SKU0100,82,236,7.0,126
2025-12-29,SKU0100,34,115,7.0,126
2024-01-01,SKU0101,258,0,14.0,105
2024-01-08,SKU0101,189,0,14.0,105
2024-01-15,SKU0101,173,0,14.0,105
2024-01-22,SKU0101,169,268,14.0,105
2024-01-29,SKU0101,175,265,14.0,105
2024-02-05,SKU0101,162,0,14.0,105
2024-02-12,SKU0101,136,0,14.0,105
2024-02-19,SKU0101,165,284,14.0,105
2024-02-26,SKU0101,193,299,14.0,105
2024-03-04,SKU0101,161,211,14.0,105
2024-03-11,SKU0101,178,292,14.0,105
2024-03-18,SKU0101,125,0,14.0,105
2024-03-25,SKU0101,134,195,14.0,105
2024-04-01,SKU0101,173,244,14.0,105
2024-04-08,SKU0101,129,0,14.0,105
2024-04-15,SKU0101,151,215,14.0,105
2024-04-22,SKU0101,115,0,14.0,105
2024-04-29,SKU0101,94,255,14.0,105
2024-05-06,SKU0101,91,179,14.0,105
2024-05-13,SKU0101,117,148,14.0,105
2024-05-20,SKU0101,115,243,14.0,105
2024-05-27,SKU0101,108,267,14.0,105
2024-06-03,SKU0101,157,224,14.0,105
2024-06-10,SKU0101,127,231,14.0,105
2024-06-17,SKU0101,131,208,14.0,105
2024-06-24,SKU0101,133,171,14.0,105
2024-07-01,SKU0101,133,263,14.0,105
2024-07-08,SKU0101,119,166,14.0,105
2024-07-15,SKU0101,137,207,14.0,105
2024-07-22,SKU0101,167,239,,105
2024-07-29,SKU0101,111,132,14.0,105
2024-08-05,SKU0101,158,279,14.0,105
2024-08-12,SKU0101,121,0,14.0,105
2024-08-19,SKU0101,148,209,14.0,105
2024-08-26,SKU0101,128,0,14.0,105
2024-09-02,SKU0101,108,147,14.0,105
2024-09-09,SKU0101,97,178,14.0,105
2024-09-16,SKU0101,72,128,14.0,105
2024-09-23,SKU0101,75,246,14.0,105
2024-09-30,SKU0101,118,207,14.0,105
2024-10-07,SKU0101,117,157,14.0,105
2024-10-14,SKU0101,105,230,14.0,105
2024-10-21,SKU0101,139,221,14.0,105
2024-10-28,SKU0101,94,103,14.0,105
2024-11-04,SKU0101,86,187,14.0,105
2024-11-11,SKU0101,50,168,14.0,105
2024-11-18,SKU0101,38,127,14.0,105
2024-11-25,SKU0101,78,261,14.0,105
2024-12-02,SKU0101,50,102,14.0,105
2024-12-09,SKU0101,81,159,14.0,105
2024-12-16,SKU0101,73,244,14.0,105
2024-12-23,SKU0101,65,201,14.0,105
2024-12-30,SKU0101,86,288,14.0,105
2025-01-06,SKU0101,46,109,14.0,105
2025-01-13,SKU0101,45,151,14.0,105
2025-01-20,SKU0101,56,187,14.0,105
2025-01-27,SKU0101,34,116,14.0,105
2025-02-03,SKU0101,62,136,14.0,105
2025-02-10,SKU0101,69,191,14.0,105
2025-02-17,SKU0101,73,243,14.0,105
2025-02-24,SKU0101,75,250,14.0,105
2025-03-03,SKU0101,60,202,14.0,105
2025-03-10,SKU0101,105,233,14.0,105
2025-03-17,SKU0101,71,110,14.0,105
2025-03-24,SKU0101,58,103,14.0,105
2025-03-31,SKU0101,80,131,14.0,105
2025-04-07,SKU0101,84,164,14.0,105
2025-04-14,SKU0101,101,177,14.0,105
2025-04-21,SKU0101,87,213,14.0,105
2025-04-28,SKU0101,61,159,14.0,105
2025-05-05,SKU0101,77,100,14.0,105
2025-05-12,SKU0101,52,164,14.0,105
2025-05-19,SKU0101,59,198,14.0,105
2025-05-26,SKU0101,61,204,14.0,105
2025-06-02,SKU0101,93,243,14.0,105
2025-06-09,SKU0101,112,299,14.0,105
2025-06-16,SKU0101,74,100,14.0,105
2025-06-23,SKU0101,102,144,14.0,105
2025-06-30,SKU0101,67,123,14.0,105
2025-07-07,SKU0101,83,207,14.0,105
2025-07-14,SKU0101,65,190,14.0,105
2025-07-21,SKU0101,125,247,14.0,105
2025-07-28,SKU0101,110,0,14.0,105
2025-08-04,SKU0101,90,151,14.0,105
2025-08-11,SKU0101,133,212,14.0,105
2025-08-18,SKU0101,148,173,14.0,105
2025-08-25,SKU0101,113,0,14.0,105
2025-09-01,SKU0101,91,126,14.0,105
2025-09-08,SKU0101,107,117,14.0,105
2025-09-15,SKU0101,88,270,14.0,105
2025-09-22,SKU0101,109,134,14.0,105
2025-09-29,SKU0101,45,103,14.0,105
2025-10-06,SKU0101,77,257,14.0,105
2025-10-13,SKU0101,111,180,14.0,105
2025-10-20,SKU0101,106,228,14.0,105
2025-10-27,SKU0101,53,108,14.0,105
2025-11-03,SKU0101,45,152,14.0,105
2025-11-10,SKU0101,56,150,14.0,105
2025-11-17,SKU0101,110,245,14.0,105
2025-11-24,SKU0101,179,268,14.0,105
2025-12-01,SKU0101,146,0,14.0,105
2025-12-08,SKU0101,106,0,14.0,105
2025-12-15,SKU0101,53,106,14.0,105
2025-12-22,SKU0101,66,201,14.0,105
2025-12-29,SKU0101,75,236,14.0,105
2024-03-04,SKU0102,244,0,14.0,25
2024-03-11,SKU0102,212,0,14.0,25
2024-03-18,SKU0102,137,0,14.0,25
2024-03-25,SKU0102,121,0,14.0,25
2024-04-01,SKU0102,66,0,14.0,25
2024-04-08,SKU0102,69,232,14.0,25
2024-04-15,SKU0102,50,167,14.0,25
2024-04-22,SKU0102,26,0,14.0,25
2024-04-29,SKU0102,68,227,14.0,25
2024-05-06,SKU0102,48,161,14.0,25
2024-05-13,SKU0102,38,110,14.0,25
2024-05-20,SKU0102,58,194,14.0,25
2024-05-27,SKU0102,26,0,14.0,25
2024-06-03,SKU0102,76,254,14.0,25
2024-06-10,SKU0102,83,278,14.0,25
2024-06-17,SKU0102,38,0,14.0,25
2024-06-24,SKU0102,86,289,14.0,25
2024-07-01,SKU0102,86,228,14.0,25
2024-07-08,SKU0102,41,0,14.0,25
2024-07-15,SKU0102,89,297,14.0,25
2024-07-22,SKU0102,72,0,14.0,25
2024-07-29,SKU0102,54,155,14.0,25
2024-08-05,SKU0102,81,270,14.0,25
2024-08-12,SKU0102,57,0,14.0,25
2024-08-19,SKU0102,27,0,14.0,25
2024-08-26,SKU0102,70,209,14.0,25
2024-09-02,SKU0102,36,118,14.0,25
2024-09-09,SKU0102,55,184,14.0,25
2024-09-16,SKU0102,51,142,14.0,25
2024-09-23,SKU0102,30,0,14.0,25
2024-09-30,SKU0102,65,195,14.0,25
2024-10-07,SKU0102,46,108,14.0,25
2024-10-14,SKU0102,38,127,14.0,25
2024-10-21,SKU0102,84,281,14.0,25
2024-10-28,SKU0102,66,0,14.0,25
2024-11-04,SKU0102,32,101,14.0,25
2024-11-11,SKU0102,55,123,14.0,25
2024-11-18,SKU0102,70,179,14.0,25
2024-11-25,SKU0102,68,228,,25
2024-12-02,SKU0102,67,141,14.0,25
2024-12-09,SKU0102,65,217,,25
2024-12-16,SKU0102,32,0,14.0,25
2024-12-23,SKU0102,43,145,14.0,25
2024-12-30,SKU0102,30,101,14.0,25
2025-01-06,SKU0102,87,292,14.0,25
2025-01-13,SKU0102,32,0,14.0,25
2025-01-20,SKU0102,95,278,14.0,25
2025-01-27,SKU0102,38,0,14.0,25
2025-02-03,SKU0102,28,0,14.0,25
2025-02-10,SKU0102,69,230,14.0,25
2025-02-17,SKU0102,58,0,14.0,25
2025-02-24,SKU0102,71,239,14.0,25
2025-03-03,SKU0102,58,0,14.0,25
2025-03-10,SKU0102,31,0,14.0,25
2025-03-17,SKU0102,58,195,14.0,25
2025-03-24,SKU0102,63,210,14.0,25
2025-03-31,SKU0102,63,130,14.0,25
2025-04-07,SKU0102,62,207,14.0,25
2025-04-14,SKU0102,33,0,14.0,25
2025-04-21,SKU0102,49,125,14.0,25
2025-04-28,SKU0102,39,0,14.0,25
2025-05-05,SKU0102,49,164,14.0,25
2025-05-12,SKU0102,69,233,14.0,25
2025-05-19,SKU0102,60,175,,25
2025-05-26,SKU0102,35,118,14.0,25
2025-06-02,SKU0102,37,124,14.0,25
2025-06-09,SKU0102,87,293,14.0,25
2025-06-16,SKU0102,35,0,14.0,25
2025-06-23,SKU0102,69,209,14.0,25
2025-06-30,SKU0102,94,296,14.0,25
2025-07-07,SKU0102,53,139,14.0,25
2025-07-14,SKU0102,93,229,14.0,25
2025-07-21,SKU0102,55,0,14.0,25
2025-07-28,SKU0102,66,220,14.0,25
2025-08-04,SKU0102,67,225,14.0,25
2025-08-11,SKU0102,71,155,14.0,25
2025-08-18,SKU0102,77,257,14.0,25
2025-08-25,SKU0102,30,0,,25
2025-09-01,SKU0102,42,143,,25
2025-09-08,SKU0102,31,0,14.0,25
2025-09-15,SKU0102,84,227,14.0,25
2025-09-22,SKU0102,36,0,14.0,25
2025-09-29,SKU0102,95,282,14.0,25
2025-10-06,SKU0102,53,0,14.0,25
2025-10-13,SKU0102,85,248,14.0,25
2025-10-20,SKU0102,43,0,14.0,25
2025-10-27,SKU0102,62,190,14.0,25
2025-11-03,SKU0102,37,125,14.0,25
2025-11-10,SKU0102,55,186,14.0,25
2025-11-17,SKU0102,89,299,14.0,25
2025-11-24,SKU0102,73,0,,25
2025-12-01,SKU0102,48,162,14.0,25
2025-12-08,SKU0102,83,197,14.0,25
2025-12-15,SKU0102,54,183,14.0,25
2025-12-22,SKU0102,32,0,14.0,25
2025-12-29,SKU0102,74,247,14.0,25
2024-01-01,SKU0103,40,0,7.0,28
2024-01-08,SKU0103,71,238,7.0,28
2024-01-15,SKU0103,51,127,7.0,28
2024-01-22,SKU0103,85,285,7.0,28
2024-01-29,SKU0103,63,0,7.0,28
2024-02-05,SKU0103,73,245,7.0,28
2024-02-12,SKU0103,58,158,7.0,28
2024-02-19,SKU0103,40,135,7.0,28
2024-02-26,SKU0103,60,201,7.0,28
2024-03-04,SKU0103,93,232,7.0,28
2024-03-11,SKU0103,48,0,7.0,28
2024-03-18,SKU0103,34,0,7.0,28
2024-03-25,SKU0103,90,239,7.0,28
2024-04-01,SKU0103,104,280,7.0,28
2024-04-08,SKU0103,87,266,7.0,28
2024-04-15,SKU0103,60,0,7.0,28
2024-04-22,SKU0103,28,0,7.0,28
2024-04-29,SKU0103,87,290,7.0,28
2024-05-06,SKU0103,84,214,7.0,28
2024-05-13,SKU0103,84,280,7.0,28
2024-05-20,SKU0103,55,0,7.0,28
2024-05-27,SKU0103,39,0,7.0,28
2024-06-03,SKU0103,32,107,7.0,28
2024-06-10,SKU0103,59,197,7.0,28
2024-06-17,SKU0103,28,0,7.0,28
2024-06-24,SKU0103,88,296,7.0,28
2024-07-01,SKU0103,54,0,7.0,28
2024-07-08,SKU0103,75,253,7.0,28
2024-07-15,SKU0103,61,0,7.0,28
2024-07-22,SKU0103,75,253,7.0,28
2024-07-29,SKU0103,55,184,7.0,28
2024-08-05,SKU0103,69,233,7.0,28
2024-08-12,SKU0103,67,225,7.0,28
2024-08-19,SKU0103,50,0,7.0,28
2024-08-26,SKU0103,61,138,7.0,28
2024-09-02,SKU0103,78,260,7.0,28
2024-09-09,SKU0103,35,117,7.0,28
2024-09-16,SKU0103,66,222,7.0,28
2024-09-23,SKU0103,50,107,7.0,28
2024-09-30,SKU0103,69,204,7.0,28
2024-10-07,SKU0103,36,123,7.0,28
2024-10-14,SKU0103,91,290,7.0,28
2024-10-21,SKU0103,37,0,7.0,28
2024-10-28,SKU0103,59,140,7.0,28
2024-11-04,SKU0103,50,168,7.0,28
2024-11-11,SKU0103,106,296,7.0,28
2024-11-18,SKU0103,71,0,7.0,28
2024-11-25,SKU0103,61,163,7.0,28
2024-12-02,SKU0103,58,195,7.0,28
2024-12-09,SKU0103,103,278,7.0,28
2024-12-16,SKU0103,69,0,7.0,28
2024-12-23,SKU0103,46,0,7.0,28
2024-12-30,SKU0103,51,170,7.0,28
2025-01-06,SKU0103,46,116,7.0,28
2025-01-13,SKU0103,44,149,7.0,28
2025-01-20,SKU0103,75,247,7.0,28
2025-01-27,SKU0103,55,153,7.0,28
2025-02-03,SKU0103,65,172,7.0,28
2025-02-10,SKU0103,71,237,7.0,28
2025-02-17,SKU0103,42,0,7.0,28
2025-02-24,SKU0103,79,266,7.0,28
2025-03-03,SKU0103,50,0,7.0,28
2025-03-10,SKU0103,37,124,7.0,28
2025-03-17,SKU0103,77,258,7.0,28
2025-03-24,SKU0103,92,261,7.0,28
2025-03-31,SKU0103,46,103,7.0,28
2025-04-07,SKU0103,88,295,7.0,28
2025-04-14,SKU0103,38,0,7.0,28
2025-04-21,SKU0103,53,177,7.0,28
2025-04-28,SKU0103,53,178,7.0,28
2025-05-05,SKU0103,43,144,7.0,28
2025-05-12,SKU0103,69,231,7.0,28
2025-05-19,SKU0103,46,114,7.0,28
2025-05-26,SKU0103,43,116,7.0,28
2025-06-02,SKU0103,38,129,7.0,28
2025-06-09,SKU0103,37,125,7.0,28
2025-06-16,SKU0103,53,151,7.0,28
2025-06-23,SKU0103,94,233,7.0,28
2025-06-30,SKU0103,95,275,7.0,28
2025-07-07,SKU0103,61,0,7.0,28
2025-07-14,SKU0103,82,217,7.0,28
2025-07-21,SKU0103,80,181,7.0,28
2025-07-28,SKU0103,77,173,7.0,28
2025-08-04,SKU0103,64,0,7.0,28
2025-08-11,SKU0103,39,132,7.0,28
2025-08-18,SKU0103,88,206,7.0,28
2025-08-25,SKU0103,62,188,7.0,28
2025-09-01,SKU0103,37,0,7.0,28
2025-09-08,SKU0103,47,159,7.0,28
2025-09-15,SKU0103,51,172,7.0,28
2025-09-22,SKU0103,36,123,7.0,28
2025-09-29,SKU0103,71,238,7.0,28
2025-10-06,SKU0103,104,298,7.0,28
2025-10-13,SKU0103,91,0,7.0,28
2025-10-20,SKU0103,81,270,7.0,28
2025-10-27,SKU0103,68,218,7.0,28
2025-11-03,SKU0103,56,168,7.0,28
2025-11-10,SKU0103,59,195,7.0,28
2025-11-17,SKU0103,46,156,7.0,28
2025-11-24,SKU0103,71,239,7.0,28
2025-12-01,SKU0103,49,164,7.0,28
2025-12-08,SKU0103,35,117,7.0,28
2025-12-15,SKU0103,51,127,7.0,28
2025-12-22,SKU0103,68,228,7.0,28
2025-12-29,SKU0103,48,0,7.0,28
2024-01-01,SKU0104,261,0,7.0,74
2024-01-08,SKU0104,242,0,7.0,74
2024-01-15,SKU0104,215,0,7.0,74
2024-01-22,SKU0104,144,0,7.0,74
2024-01-29,SKU0104,125,177,7.0,74
2024-02-05,SKU0104,110,0,7.0,74
2024-02-12,SKU0104,117,241,7.0,74
2024-02-19,SKU0104,113,247,7.0,74
2024-02-26,SKU0104,104,249,7.0,74
2024-03-04,SKU0104,90,156,7.0,74
2024-03-11,SKU0104,65,156,,74
2024-03-18,SKU0104,132,297,7.0,74
2024-03-25,SKU0104,100,0,7.0,74
2024-04-01,SKU0104,116,179,7.0,74
2024-04-08,SKU0104,80,0,7.0,74
2024-04-15,SKU0104,95,130,7.0,74
2024-04-22,SKU0104,72,168,7.0,74
2024-04-29,SKU0104,55,186,7.0,74
2024-05-06,SKU0104,58,195,7.0,74
2024-05-13,SKU0104,87,293,7.0,74
2024-05-20,SKU0104,137,265,7.0,74
2024-05-27,SKU0104,116,0,7.0,74
2024-06-03,SKU0104,78,0,7.0,74
2024-06-10,SKU0104,111,272,7.0,74
2024-06-17,SKU0104,130,274,7.0,74
2024-06-24,SKU0104,121,210,7.0,74
2024-07-01,SKU0104,86,133,7.0,74
2024-07-08,SKU0104,115,278,7.0,74
2024-07-15,SKU0104,95,143,7.0,74
2024-07-22,SKU0104,90,291,7.0,74
2024-07-29,SKU0104,86,249,7.0,74
2024-08-05,SKU0104,52,176,7.0,74
2024-08-12,SKU0104,106,246,7.0,74
2024-08-19,SKU0104,102,182,7.0,74
2024-08-26,SKU0104,74,0,7.0,74
2024-09-02,SKU0104,96,195,7.0,74
2024-09-09,SKU0104,86,244,7.0,74
2024-09-16,SKU0104,86,119,7.0,74
2024-09-23,SKU0104,83,259,7.0,74
2024-09-30,SKU0104,100,138,7.0,74
2024-10-07,SKU0104,55,112,7.0,74
2024-10-14,SKU0104,42,140,7.0,74
2024-10-21,SKU0104,43,144,7.0,74
2024-10-28,SKU0104,90,199,7.0,74
2024-11-04,SKU0104,80,184,7.0,74
2024-11-11,SKU0104,82,269,7.0,74
2024-11-18,SKU0104,138,295,7.0,74
2024-11-25,SKU0104,107,0,7.0,74
2024-12-02,SKU0104,91,233,7.0,74
2024-12-09,SKU0104,144,274,7.0,74
2024-12-16,SKU0104,86,0,7.0,74
2024-12-23,SKU0104,145,249,7.0,74
2024-12-30,SKU0104,96,0,7.0,74
2025-01-06,SKU0104,116,264,7.0,74
2025-01-13,SKU0104,87,0,7.0,74
2025-01-20,SKU0104,78,262,7.0,74
2025-01-27,SKU0104,132,225,7.0,74
2025-02-03,SKU0104,112,0,7.0,74
2025-02-10,SKU0104,145,259,7.0,74
2025-02-17,SKU0104,88,136,7.0,74
2025-02-24,SKU0104,118,285,7.0,74
2025-03-03,SKU0104,156,291,7.0,74
2025-03-10,SKU0104,142,0,7.0,74
2025-03-17,SKU0104,105,0,7.0,74
2025-03-24,SKU0104,69,112,7.0,74
2025-03-31,SKU0104,98,159,7.0,74
2025-04-07,SKU0104,90,205,7.0,74
2025-04-14,SKU0104,154,270,7.0,74
2025-04-21,SKU0104,104,0,7.0,74
2025-04-28,SKU0104,99,201,7.0,74
2025-05-05,SKU0104,104,264,7.0,74
2025-05-12,SKU0104,74,116,7.0,74
2025-05-19,SKU0104,141,289,7.0,74
2025-05-26,SKU0104,110,197,7.0,74
2025-06-02,SKU0104,95,221,7.0,74
2025-06-09,SKU0104,86,153,7.0,74
2025-06-16,SKU0104,114,195,7.0,74
2025-06-23,SKU0104,60,125,7.0,74
2025-06-30,SKU0104,36,115,7.0,74
2025-07-07,SKU0104,39,130,7.0,74
2025-07-14,SKU0104,75,230,7.0,74
2025-07-21,SKU0104,89,124,7.0,74
2025-07-28,SKU0104,76,0,7.0,74
2025-08-04,SKU0104,116,228,7.0,74
2025-08-11,SKU0104,93,102,7.0,74
2025-08-18,SKU0104,52,139,7.0,74
2025-08-25,SKU0104,34,116,7.0,74
2025-09-01,SKU0104,64,215,7.0,74
2025-09-08,SKU0104,60,202,7.0,74
2025-09-15,SKU0104,60,165,7.0,74
2025-09-22,SKU0104,37,124,7.0,74
2025-09-29,SKU0104,71,237,7.0,74
2025-10-06,SKU0104,68,111,7.0,74
2025-10-13,SKU0104,86,215,7.0,74
2025-10-20,SKU0104,103,196,7.0,74
2025-10-27,SKU0104,45,107,7.0,74
2025-11-03,SKU0104,43,127,7.0,74
2025-11-10,SKU0104,79,264,7.0,74
2025-11-17,SKU0104,60,130,7.0,74
2025-11-24,SKU0104,78,260,7.0,74
2025-12-01,SKU0104,89,297,7.0,74
2025-12-08,SKU0104,107,273,7.0,74
2025-12-15,SKU0104,98,104,7.0,74
2025-12-22,SKU0104,44,104,7.0,74
2025-12-29,SKU0104,36,122,7.0,74
2024-01-01,SKU0105,92,0,21.0,85
2024-01-08,SKU0105,82,225,21.0,85
2024-01-15,SKU0105,47,108,21.0,85
2024-01-22,SKU0105,73,245,21.0,85
2024-01-29,SKU0105,79,265,21.0,85
2024-02-05,SKU0105,81,118,21.0,85
2024-02-12,SKU0105,118,227,21.0,85
2024-02-19,SKU0105,107,0,21.0,85
2024-02-26,SKU0105,129,160,21.0,85
2024-03-04,SKU0105,73,103,21.0,85
2024-03-11,SKU0105,83,277,21.0,85
2024-03-18,SKU0105,63,100,21.0,85
2024-03-25,SKU0105,75,251,21.0,85
2024-04-01,SKU0105,45,105,21.0,85
2024-04-08,SKU0105,63,198,21.0,85
2024-04-15,SKU0105,36,123,21.0,85
2024-04-22,SKU0105,67,226,21.0,85
2024-04-29,SKU0105,103,203,21.0,85
2024-05-06,SKU0105,70,209,21.0,85
2024-05-13,SKU0105,98,286,21.0,85
2024-05-20,SKU0105,81,197,21.0,85
2024-05-27,SKU0105,88,133,21.0,85
2024-06-03,SKU0105,48,161,21.0,85
2024-06-10,SKU0105,81,270,21.0,85
2024-06-17,SKU0105,40,130,21.0,85
2024-06-24,SKU0105,40,135,21.0,85
2024-07-01,SKU0105,75,253,21.0,85
2024-07-08,SKU0105,48,160,21.0,85
2024-07-15,SKU0105,81,270,21.0,85
2024-07-22,SKU0105,113,269,21.0,85
2024-07-29,SKU0105,140,247,21.0,85
2024-08-05,SKU0105,100,139,21.0,85
2024-08-12,SKU0105,128,203,21.0,85
2024-08-19,SKU0105,121,266,21.0,85
2024-08-26,SKU0105,114,139,21.0,85
2024-09-02,SKU0105,76,182,21.0,85
2024-09-09,SKU0105,83,241,21.0,85
2024-09-16,SKU0105,99,156,21.0,85
2024-09-23,SKU0105,41,122,21.0,85
2024-09-30,SKU0105,80,269,21.0,85
2024-10-07,SKU0105,99,248,21.0,85
2024-10-14,SKU0105,115,276,21.0,85
2024-10-21,SKU0105,162,286,21.0,85
2024-10-28,SKU0105,105,0,21.0,85
2024-11-04,SKU0105,73,140,,85
2024-11-11,SKU0105,123,235,21.0,85
2024-11-18,SKU0105,108,172,21.0,85
2024-11-25,SKU0105,65,151,21.0,85
2024-12-02,SKU0105,106,283,21.0,85
2024-12-09,SKU0105,95,0,21.0,85
2024-12-16,SKU0105,101,229,21.0,85
2024-12-23,SKU0105,98,206,21.0,85
2024-12-30,SKU0105,42,115,21.0,85
2025-01-06,SKU0105,46,155,21.0,85
2025-01-13,SKU0105,45,151,21.0,85
2025-01-20,SKU0105,70,232,21.0,85
2025-01-27,SKU0105,66,223,21.0,85
2025-02-03,SKU0105,64,121,21.0,85
2025-02-10,SKU0105,36,122,,85
2025-02-17,SKU0105,90,268,21.0,85
2025-02-24,SKU0105,64,184,21.0,85
2025-03-03,SKU0105,60,203,21.0,85
2025-03-10,SKU0105,70,236,21.0,85
2025-03-17,SKU0105,42,142,21.0,85
2025-03-24,SKU0105,98,276,21.0,85
2025-03-31,SKU0105,114,210,21.0,85
2025-04-07,SKU0105,94,0,21.0,85
2025-04-14,SKU0105,98,164,21.0,85
2025-04-21,SKU0105,115,171,21.0,85
2025-04-28,SKU0105,81,202,21.0,85
2025-05-05,SKU0105,93,115,21.0,85
2025-05-12,SKU0105,104,264,21.0,85
2025-05-19,SKU0105,150,234,21.0,85
2025-05-26,SKU0105,136,0,21.0,85
2025-06-02,SKU0105,99,0,21.0,85
2025-06-09,SKU0105,137,182,21.0,85
2025-06-16,SKU0105,120,198,21.0,85
2025-06-23,SKU0105,118,145,21.0,85
2025-06-30,SKU0105,136,255,21.0,85
2025-07-07,SKU0105,104,0,21.0,85
2025-07-14,SKU0105,66,147,21.0,85
2025-07-21,SKU0105,78,251,21.0,85
2025-07-28,SKU0105,91,291,21.0,85
2025-08-04,SKU0105,56,189,21.0,85
2025-08-11,SKU0105,41,138,21.0,85
2025-08-18,SKU0105,32,109,21.0,85
2025-08-25,SKU0105,101,272,21.0,85
2025-09-01,SKU0105,50,103,21.0,85
2025-09-08,SKU0105,48,161,21.0,85
2025-09-15,SKU0105,45,106,21.0,85
2025-09-22,SKU0105,74,233,21.0,85
2025-09-29,SKU0105,67,226,21.0,85
2025-10-06,SKU0105,80,267,21.0,85
2025-10-13,SKU0105,129,287,21.0,85
2025-10-20,SKU0105,144,264,21.0,85
2025-10-27,SKU0105,135,201,21.0,85
2025-11-03,SKU0105,130,226,21.0,85
2025-11-10,SKU0105,89,0,21.0,85
2025-11-17,SKU0105,75,209,21.0,85
2025-11-24,SKU0105,116,239,21.0,85
2025-12-01,SKU0105,108,234,21.0,85
2025-12-08,SKU0105,160,269,21.0,85
2025-12-15,SKU0105,92,0,21.0,85
2025-12-22,SKU0105,48,161,21.0,85
2025-12-29,SKU0105,61,206,21.0,85
2024-01-01,SKU0106,85,179,14.0,129
2024-01-08,SKU0106,68,223,14.0,129
2024-01-15,SKU0106,55,137,14.0,129
2024-01-22,SKU0106,58,195,14.0,129
2024-01-29,SKU0106,82,274,14.0,129
2024-02-05,SKU0106,68,183,14.0,129
2024-02-12,SKU0106,110,239,14.0,129
2024-02-19,SKU0106,73,123,14.0,129
2024-02-26,SKU0106,73,119,14.0,129
2024-03-04,SKU0106,94,264,14.0,129
2024-03-11,SKU0106,69,173,14.0,129
2024-03-18,SKU0106,86,179,14.0,129
2024-03-25,SKU0106,134,219,14.0,129
2024-04-01,SKU0106,150,267,14.0,129
2024-04-08,SKU0106,176,199,14.0,129
2024-04-15,SKU0106,168,286,14.0,129
2024-04-22,SKU0106,153,198,14.0,129
2024-04-29,SKU0106,162,248,14.0,129
2024-05-06,SKU0106,140,121,14.0,129
2024-05-13,SKU0106,120,242,14.0,129
2024-05-20,SKU0106,128,156,14.0,129
2024-05-27,SKU0106,77,104,14.0,129
2024-06-03,SKU0106,32,101,14.0,129
2024-06-10,SKU0106,85,285,14.0,129
2024-06-17,SKU0106,79,206,14.0,129
2024-06-24,SKU0106,72,197,14.0,129
2024-07-01,SKU0106,63,175,14.0,129
2024-07-08,SKU0106,87,178,14.0,129
2024-07-15,SKU0106,89,299,14.0,129
2024-07-22,SKU0106,95,271,14.0,129
2024-07-29,SKU0106,32,104,14.0,129
2024-08-05,SKU0106,42,143,14.0,129
2024-08-12,SKU0106,37,125,14.0,129
2024-08-19,SKU0106,83,199,14.0,129
2024-08-26,SKU0106,83,252,14.0,129
2024-09-02,SKU0106,86,102,14.0,129
2024-09-09,SKU0106,141,226,14.0,129
2024-09-16,SKU0106,111,225,14.0,129
2024-09-23,SKU0106,152,182,14.0,129
2024-09-30,SKU0106,157,143,14.0,129
2024-10-07,SKU0106,198,253,14.0,129
2024-10-14,SKU0106,156,0,14.0,129
2024-10-21,SKU0106,129,241,14.0,129
2024-10-28,SKU0106,111,246,14.0,129
2024-11-04,SKU0106,162,263,14.0,129
2024-11-11,SKU0106,113,115,14.0,129
2024-11-18,SKU0106,168,284,14.0,129
2024-11-25,SKU0106,134,129,14.0,129
2024-12-02,SKU0106,94,108,14.0,129
2024-12-09,SKU0106,156,299,14.0,129
2024-12-16,SKU0106,133,0,14.0,129
2024-12-23,SKU0106,121,281,14.0,129
2024-12-30,SKU0106,122,256,14.0,129
2025-01-06,SKU0106,77,110,14.0,129
2025-01-13,SKU0106,101,152,14.0,129
2025-01-20,SKU0106,65,109,14.0,129
2025-01-27,SKU0106,32,109,14.0,129
2025-02-03,SKU0106,85,285,14.0,129
2025-02-10,SKU0106,109,175,14.0,129
2025-02-17,SKU0106,167,263,14.0,129
2025-02-24,SKU0106,173,224,14.0,129
2025-03-03,SKU0106,144,0,14.0,129
2025-03-10,SKU0106,160,120,14.0,129
2025-03-17,SKU0106,110,103,14.0,129
2025-03-24,SKU0106,79,135,14.0,129
2025-03-31,SKU0106,83,227,14.0,129
2025-04-07,SKU0106,91,287,14.0,129
2025-04-14,SKU0106,142,280,14.0,129
2025-04-21,SKU0106,182,287,14.0,129
2025-04-28,SKU0106,196,292,14.0,129
2025-05-05,SKU0106,206,261,14.0,129
2025-05-12,SKU0106,210,281,14.0,129
2025-05-19,SKU0106,180,216,,129
2025-05-26,SKU0106,118,110,14.0,129
2025-06-02,SKU0106,162,295,14.0,129
2025-06-09,SKU0106,158,123,14.0,129
2025-06-16,SKU0106,174,266,14.0,129
2025-06-23,SKU0106,134,183,14.0,129
2025-06-30,SKU0106,112,128,14.0,129
2025-07-07,SKU0106,147,263,14.0,129
2025-07-14,SKU0106,137,0,14.0,129
2025-07-21,SKU0106,134,222,14.0,129
2025-07-28,SKU0106,193,291,14.0,129
2025-08-04,SKU0106,166,0,14.0,129
2025-08-11,SKU0106,144,0,14.0,129
2025-08-18,SKU0106,137,210,14.0,129
2025-08-25,SKU0106,136,143,14.0,129
2025-09-01,SKU0106,140,143,14.0,129
2025-09-08,SKU0106,117,183,14.0,129
2025-09-15,SKU0106,128,222,14.0,129
2025-09-22,SKU0106,127,132,14.0,129
2025-09-29,SKU0106,123,179,14.0,129
2025-10-06,SKU0106,168,203,14.0,129
2025-10-13,SKU0106,112,108,14.0,129
2025-10-20,SKU0106,139,150,14.0,129
2025-10-27,SKU0106,155,157,14.0,129
2025-11-03,SKU0106,130,217,14.0,129
2025-11-10,SKU0106,104,136,14.0,129
2025-11-17,SKU0106,118,250,14.0,129
2025-11-24,SKU0106,92,179,14.0,129
2025-12-01,SKU0106,97,125,14.0,129
2025-12-08,SKU0106,101,289,14.0,129
2025-12-15,SKU0106,46,134,14.0,129
2025-12-22,SKU0106,104,244,14.0,129
2025-12-29,SKU0106,113,138,14.0,129
2024-01-01,SKU0107,171,0,14.0,43
2024-01-08,SKU0107,80,0,14.0,43
2024-01-15,SKU0107,109,269,14.0,43
2024-01-22,SKU0107,98,274,14.0,43
2024-01-29,SKU0107,62,0,14.0,43
2024-02-05,SKU0107,82,276,14.0,43
2024-02-12,SKU0107,70,0,14.0,43
2024-02-19,SKU0107,62,207,14.0,43
2024-02-26,SKU0107,65,219,14.0,43
2024-03-04,SKU0107,56,188,14.0,43
2024-03-11,SKU0107,69,232,14.0,43
2024-03-18,SKU0107,39,132,14.0,43
2024-03-25,SKU0107,73,245,14.0,43
2024-04-01,SKU0107,74,210,14.0,43
2024-04-08,SKU0107,63,0,14.0,43
2024-04-15,SKU0107,65,128,14.0,43
2024-04-22,SKU0107,42,143,14.0,43
2024-04-29,SKU0107,93,263,14.0,43
2024-05-06,SKU0107,53,0,14.0,43
2024-05-13,SKU0107,117,263,14.0,43
2024-05-20,SKU0107,48,0,14.0,43
2024-05-27,SKU0107,58,195,14.0,43
2024-06-03,SKU0107,44,0,14.0,43
2024-06-10,SKU0107,36,122,14.0,43
2024-06-17,SKU0107,87,290,14.0,43
2024-06-24,SKU0107,56,108,14.0,43
2024-07-01,SKU0107,30,101,,43
2024-07-08,SKU0107,83,278,14.0,43
2024-07-15,SKU0107,64,127,14.0,43
2024-07-22,SKU0107,70,235,14.0,43
2024-07-29,SKU0107,45,0,14.0,43
2024-08-05,SKU0107,68,169,14.0,43
2024-08-12,SKU0107,67,200,14.0,43
2024-08-19,SKU0107,91,246,14.0,43
2024-08-26,SKU0107,64,0,14.0,43
2024-09-02,SKU0107,101,196,14.0,43
2024-09-09,SKU0107,55,0,14.0,43
2024-09-16,SKU0107,96,211,14.0,43
2024-09-23,SKU0107,47,0,14.0,43
2024-09-30,SKU0107,76,255,14.0,43
2024-10-07,SKU0107,99,236,14.0,43
2024-10-14,SKU0107,96,295,14.0,43
2024-10-21,SKU0107,31,104,14.0,43
2024-10-28,SKU0107,49,164,14.0,43
2024-11-04,SKU0107,95,220,14.0,43
2024-11-11,SKU0107,46,0,14.0,43
2024-11-18,SKU0107,72,243,14.0,43
2024-11-25,SKU0107,48,160,14.0,43
2024-12-02,SKU0107,56,184,14.0,43
2024-12-09,SKU0107,54,147,14.0,43
2024-12-16,SKU0107,79,238,14.0,43
2024-12-23,SKU0107,70,168,14.0,43
2024-12-30,SKU0107,92,179,14.0,43
2025-01-06,SKU0107,61,0,14.0,43
2025-01-13,SKU0107,71,180,14.0,43
2025-01-20,SKU0107,74,187,,43
2025-01-27,SKU0107,71,238,14.0,43
2025-02-03,SKU0107,105,295,14.0,43
2025-02-10,SKU0107,74,0,14.0,43
2025-02-17,SKU0107,67,225,14.0,43
2025-02-24,SKU0107,78,168,14.0,43
2025-03-03,SKU0107,95,191,14.0,43
2025-03-10,SKU0107,110,242,14.0,43
2025-03-17,SKU0107,72,0,14.0,43
2025-03-24,SKU0107,44,0,14.0,43
2025-03-31,SKU0107,67,226,14.0,43
2025-04-07,SKU0107,111,295,14.0,43
2025-04-14,SKU0107,89,0,14.0,43
2025-04-21,SKU0107,104,215,14.0,43
2025-04-28,SKU0107,76,191,14.0,43
2025-05-05,SKU0107,47,159,14.0,43
2025-05-12,SKU0107,52,174,14.0,43
2025-05-19,SKU0107,76,256,14.0,43
2025-05-26,SKU0107,33,101,14.0,43
2025-06-02,SKU0107,65,204,14.0,43
2025-06-09,SKU0107,70,196,14.0,43
2025-06-16,SKU0107,81,273,14.0,43
2025-06-23,SKU0107,59,0,14.0,43
2025-06-30,SKU0107,88,155,14.0,43
2025-07-07,SKU0107,67,0,14.0,43
2025-07-14,SKU0107,51,173,14.0,43
2025-07-21,SKU0107,65,217,14.0,43
2025-07-28,SKU0107,66,212,14.0,43
2025-08-04,SKU0107,54,183,14.0,43
2025-08-11,SKU0107,84,283,14.0,43
2025-08-18,SKU0107,90,212,14.0,43
2025-08-25,SKU0107,49,0,14.0,43
2025-09-01,SKU0107,31,104,14.0,43
2025-09-08,SKU0107,54,181,14.0,43
2025-09-15,SKU0107,100,208,14.0,43
2025-09-22,SKU0107,55,0,14.0,43
2025-09-29,SKU0107,62,163,14.0,43
2025-10-06,SKU0107,94,283,14.0,43
2025-10-13,SKU0107,47,0,14.0,43
2025-10-20,SKU0107,94,198,14.0,43
2025-10-27,SKU0107,48,122,14.0,43
2025-11-03,SKU0107,84,264,14.0,43
2025-11-10,SKU0107,48,0,14.0,43
2025-11-17,SKU0107,74,243,14.0,43
2025-11-24,SKU0107,49,0,14.0,43
2025-12-01,SKU0107,50,123,14.0,43
2025-12-08,SKU0107,36,122,14.0,43
2025-12-15,SKU0107,44,149,14.0,43
2025-12-22,SKU0107,51,173,14.0,43
2025-12-29,SKU0107,81,271,14.0,43
2024-03-04,SKU0108,313,0,14.0,86
2024-03-11,SKU0108,236,0,14.0,86
2024-03-18,SKU0108,221,0,14.0,86
2024-03-25,SKU0108,125,0,14.0,86
2024-04-01,SKU0108,108,229,14.0,86
2024-04-08,SKU0108,74,164,14.0,86
2024-04-15,SKU0108,76,154,14.0,86
2024-04-22,SKU0108,57,132,14.0,86
2024-04-29,SKU0108,35,118,14.0,86
2024-05-06,SKU0108,91,278,14.0,86
2024-05-13,SKU0108,41,139,14.0,86
2024-05-20,SKU0108,36,122,14.0,86
2024-05-27,SKU0108,89,238,14.0,86
2024-06-03,SKU0108,90,256,14.0,86
2024-06-10,SKU0108,76,246,14.0,86
2024-06-17,SKU0108,108,216,14.0,86
2024-06-24,SKU0108,96,0,14.0,86
2024-07-01,SKU0108,85,262,14.0,86
2024-07-08,SKU0108,92,180,14.0,86
2024-07-15,SKU0108,83,156,14.0,86
2024-07-22,SKU0108,97,269,14.0,86
2024-07-29,SKU0108,86,0,14.0,86
2024-08-05,SKU0108,67,226,14.0,86
2024-08-12,SKU0108,40,135,14.0,86
2024-08-19,SKU0108,36,122,14.0,86
2024-08-26,SKU0108,43,142,14.0,86
2024-09-02,SKU0108,47,158,14.0,86
2024-09-09,SKU0108,46,154,14.0,86
2024-09-16,SKU0108,48,148,14.0,86
2024-09-23,SKU0108,63,165,14.0,86
2024-09-30,SKU0108,89,267,14.0,86
2024-10-07,SKU0108,135,223,14.0,86
2024-10-14,SKU0108,101,0,14.0,86
2024-10-21,SKU0108,64,159,14.0,86
2024-10-28,SKU0108,31,104,14.0,86
2024-11-04,SKU0108,73,245,14.0,86
2024-11-11,SKU0108,52,125,14.0,86
2024-11-18,SKU0108,48,161,14.0,86
2024-11-25,SKU0108,56,135,14.0,86
2024-12-02,SKU0108,38,113,14.0,86
2024-12-09,SKU0108,33,113,14.0,86
2024-12-16,SKU0108,47,159,14.0,86
2024-12-23,SKU0108,42,141,14.0,86
2024-12-30,SKU0108,81,180,14.0,86
2025-01-06,SKU0108,77,259,14.0,86
2025-01-13,SKU0108,38,129,14.0,86
2025-01-20,SKU0108,35,118,14.0,86
2025-01-27,SKU0108,83,218,14.0,86
2025-02-03,SKU0108,42,118,14.0,86
2025-02-10,SKU0108,46,155,14.0,86
2025-02-17,SKU0108,86,206,14.0,86
2025-02-24,SKU0108,109,282,14.0,86
2025-03-03,SKU0108,126,205,14.0,86
2025-03-10,SKU0108,88,0,14.0,86
2025-03-17,SKU0108,77,258,14.0,86
2025-03-24,SKU0108,51,171,14.0,86
2025-03-31,SKU0108,66,159,14.0,86
2025-04-07,SKU0108,84,152,14.0,86
2025-04-14,SKU0108,88,115,14.0,86
2025-04-21,SKU0108,58,190,14.0,86
2025-04-28,SKU0108,88,273,14.0,86
2025-05-05,SKU0108,52,150,14.0,86
2025-05-12,SKU0108,64,215,14.0,86
2025-05-19,SKU0108,53,179,14.0,86
2025-05-26,SKU0108,49,166,14.0,86
2025-06-02,SKU0108,34,114,14.0,86
2025-06-09,SKU0108,87,291,14.0,86
2025-06-16,SKU0108,103,284,14.0,86
2025-06-23,SKU0108,81,173,14.0,86
2025-06-30,SKU0108,47,159,14.0,86
2025-07-07,SKU0108,37,125,14.0,86
2025-07-14,SKU0108,72,243,14.0,86
2025-07-21,SKU0108,54,161,14.0,86
2025-07-28,SKU0108,71,118,14.0,86
2025-08-04,SKU0108,81,270,14.0,86
2025-08-11,SKU0108,68,229,14.0,86
2025-08-18,SKU0108,107,245,14.0,86
2025-08-25,SKU0108,141,246,14.0,86
2025-09-01,SKU0108,103,0,14.0,86
2025-09-08,SKU0108,89,211,14.0,86
2025-09-15,SKU0108,73,128,14.0,86
2025-09-22,SKU0108,55,151,14.0,86
2025-09-29,SKU0108,52,175,14.0,86
2025-10-06,SKU0108,72,114,14.0,86
2025-10-13,SKU0108,90,251,14.0,86
2025-10-20,SKU0108,72,241,14.0,86
2025-10-27,SKU0108,120,203,14.0,86
2025-11-03,SKU0108,65,121,14.0,86
2025-11-10,SKU0108,86,284,14.0,86
2025-11-17,SKU0108,51,167,14.0,86
2025-11-24,SKU0108,63,212,14.0,86
2025-12-01,SKU0108,31,106,14.0,86
2025-12-08,SKU0108,67,226,14.0,86
2025-12-15,SKU0108,44,114,14.0,86
2025-12-22,SKU0108,39,131,14.0,86
2025-12-29,SKU0108,58,181,14.0,86
2024-01-01,SKU0109,63,0,21.0,26
2024-01-08,SKU0109,51,170,21.0,26
2024-01-15,SKU0109,48,160,21.0,26
2024-01-22,SKU0109,78,261,21.0,26
2024-01-29,SKU0109,31,0,21.0,26
2024-02-05,SKU0109,54,183,21.0,26
2024-02-12,SKU0109,74,249,21.0,26
2024-02-19,SKU0109,42,140,21.0,26
2024-02-26,SKU0109,84,282,21.0,26
2024-03-04,SKU0109,48,144,21.0,26
2024-03-11,SKU0109,41,138,21.0,26
2024-03-18,SKU0109,89,294,21.0,26
2024-03-25,SKU0109,47,134,21.0,26
2024-04-01,SKU0109,112,293,21.0,26
2024-04-08,SKU0109,89,0,21.0,26
2024-04-15,SKU0109,84,240,21.0,26
2024-04-22,SKU0109,46,0,21.0,26
2024-04-29,SKU0109,44,148,21.0,26
2024-05-06,SKU0109,52,176,21.0,26
2024-05-13,SKU0109,49,164,21.0,26
2024-05-20,SKU0109,38,0,21.0,26
2024-05-27,SKU0109,37,124,21.0,26
2024-06-03,SKU0109,58,194,21.0,26
2024-06-10,SKU0109,30,100,21.0,26
2024-06-17,SKU0109,88,294,21.0,26
2024-06-24,SKU0109,73,232,21.0,26
2024-07-01,SKU0109,51,0,21.0,26
2024-07-08,SKU0109,38,129,21.0,26
2024-07-15,SKU0109,74,248,21.0,26
2024-07-22,SKU0109,74,192,,26
2024-07-29,SKU0109,52,127,21.0,26
2024-08-05,SKU0109,66,220,21.0,26
2024-08-12,SKU0109,58,194,21.0,26
2024-08-19,SKU0109,94,280,21.0,26
2024-08-26,SKU0109,52,153,21.0,26
2024-09-02,SKU0109,63,209,21.0,26
2024-09-09,SKU0109,69,232,21.0,26
2024-09-16,SKU0109,45,0,21.0,26
2024-09-23,SKU0109,84,250,21.0,26
2024-09-30,SKU0109,84,196,21.0,26
2024-10-07,SKU0109,59,195,21.0,26
2024-10-14,SKU0109,50,142,21.0,26
2024-10-21,SKU0109,87,291,21.0,26
2024-10-28,SKU0109,84,267,21.0,26
2024-11-04,SKU0109,57,0,21.0,26
2024-11-11,SKU0109,57,190,21.0,26
2024-11-18,SKU0109,36,0,21.0,26
2024-11-25,SKU0109,40,134,21.0,26
2024-12-02,SKU0109,58,120,21.0,26
2024-12-09,SKU0109,28,0,21.0,26
2024-12-16,SKU0109,43,146,21.0,26
2024-12-23,SKU0109,76,255,21.0,26
2024-12-30,SKU0109,40,0,21.0,26
2025-01-06,SKU0109,39,130,21.0,26
2025-01-13,SKU0109,54,180,21.0,26
2025-01-20,SKU0109,78,188,21.0,26
2025-01-27,SKU0109,70,165,21.0,26
2025-02-03,SKU0109,28,0,21.0,26
2025-02-10,SKU0109,93,289,21.0,26
2025-02-17,SKU0109,72,0,21.0,26
2025-02-24,SKU0109,69,233,21.0,26
2025-03-03,SKU0109,65,218,21.0,26
2025-03-10,SKU0109,42,142,21.0,26
2025-03-17,SKU0109,85,219,21.0,26
2025-03-24,SKU0109,59,199,21.0,26
2025-03-31,SKU0109,43,0,21.0,26
2025-04-07,SKU0109,54,181,21.0,26
2025-04-14,SKU0109,65,219,21.0,26
2025-04-21,SKU0109,68,228,21.0,26
2025-04-28,SKU0109,72,209,21.0,26
2025-05-05,SKU0109,88,294,21.0,26
2025-05-12,SKU0109,81,225,21.0,26
2025-05-19,SKU0109,38,0,21.0,26
2025-05-26,SKU0109,78,178,21.0,26
2025-06-02,SKU0109,44,0,21.0,26
2025-06-09,SKU0109,51,172,21.0,26
2025-06-16,SKU0109,33,0,21.0,26
2025-06-23,SKU0109,64,216,21.0,26
2025-06-30,SKU0109,49,0,21.0,26
2025-07-07,SKU0109,96,266,21.0,26
2025-07-14,SKU0109,37,0,21.0,26
2025-07-21,SKU0109,87,293,21.0,26
2025-07-28,SKU0109,58,195,21.0,26
2025-08-04,SKU0109,36,0,21.0,26
2025-08-11,SKU0109,78,263,21.0,26
2025-08-18,SKU0109,48,0,21.0,26
2025-08-25,SKU0109,55,185,21.0,26
2025-09-01,SKU0109,62,133,21.0,26
2025-09-08,SKU0109,32,0,21.0,26
2025-09-15,SKU0109,51,172,21.0,26
2025-09-22,SKU0109,40,135,21.0,26
2025-09-29,SKU0109,40,136,21.0,26
2025-10-06,SKU0109,26,0,21.0,26
2025-10-13,SKU0109,72,242,21.0,26
2025-10-20,SKU0109,46,128,21.0,26
2025-10-27,SKU0109,42,142,21.0,26
2025-11-03,SKU0109,66,220,21.0,26
2025-11-10,SKU0109,89,217,21.0,26
2025-11-17,SKU0109,96,292,21.0,26
2025-11-24,SKU0109,39,0,21.0,26
2025-12-01,SKU0109,63,210,21.0,26
2025-12-08,SKU0109,57,181,21.0,26
2025-12-15,SKU0109,47,0,21.0,26
2025-12-22,SKU0109,49,164,21.0,26
2025-12-29,SKU0109,75,253,21.0,26
2024-01-01,SKU0110,141,0,21.0,128
2024-01-08,SKU0110,189,235,21.0,128
2024-01-15,SKU0110,135,0,21.0,128
2024-01-22,SKU0110,78,106,21.0,128
2024-01-29,SKU0110,111,259,21.0,128
2024-02-05,SKU0110,119,109,21.0,128
2024-02-12,SKU0110,137,281,21.0,128
2024-02-19,SKU0110,124,186,21.0,128
2024-02-26,SKU0110,120,268,21.0,128
2024-03-04,SKU0110,95,111,21.0,128
2024-03-11,SKU0110,74,117,21.0,128
2024-03-18,SKU0110,81,270,21.0,128
2024-03-25,SKU0110,61,160,21.0,128
2024-04-01,SKU0110,92,229,21.0,128
2024-04-08,SKU0110,78,162,21.0,128
2024-04-15,SKU0110,48,120,21.0,128
2024-04-22,SKU0110,85,286,21.0,128
2024-04-29,SKU0110,104,155,21.0,128
2024-05-06,SKU0110,82,250,21.0,128
2024-05-13,SKU0110,90,215,21.0,128
2024-05-20,SKU0110,74,108,21.0,128
2024-05-27,SKU0110,51,136,21.0,128
2024-06-03,SKU0110,62,204,21.0,128
2024-06-10,SKU0110,58,196,21.0,128
2024-06-17,SKU0110,81,271,21.0,128
2024-06-24,SKU0110,138,290,21.0,128
2024-07-01,SKU0110,133,295,21.0,128
2024-07-08,SKU0110,160,224,21.0,128
2024-07-15,SKU0110,117,141,21.0,128
2024-07-22,SKU0110,127,169,21.0,128
2024-07-29,SKU0110,168,227,21.0,128
2024-08-05,SKU0110,141,0,21.0,128
2024-08-12,SKU0110,181,284,21.0,128
2024-08-19,SKU0110,162,211,21.0,128
2024-08-26,SKU0110,192,275,21.0,128
2024-09-02,SKU0110,209,279,21.0,128
2024-09-09,SKU0110,166,0,21.0,128
2024-09-16,SKU0110,144,0,21.0,128
2024-09-23,SKU0110,200,243,21.0,128
2024-09-30,SKU0110,179,174,21.0,128
2024-10-07,SKU0110,170,235,21.0,128
2024-10-14,SKU0110,184,250,21.0,128
2024-10-21,SKU0110,173,288,21.0,128
2024-10-28,SKU0110,134,0,21.0,128
2024-11-04,SKU0110,139,107,21.0,128
2024-11-11,SKU0110,140,178,21.0,128
2024-11-18,SKU0110,141,156,21.0,128
2024-11-25,SKU0110,126,239,21.0,128
2024-12-02,SKU0110,150,205,21.0,128
2024-12-09,SKU0110,131,0,21.0,128
2024-12-16,SKU0110,161,221,21.0,128
2024-12-23,SKU0110,144,143,21.0,128
2024-12-30,SKU0110,154,276,21.0,128
2025-01-06,SKU0110,157,193,21.0,128
2025-01-13,SKU0110,132,0,21.0,128
2025-01-20,SKU0110,171,299,21.0,128
2025-01-27,SKU0110,189,232,21.0,128
2025-02-03,SKU0110,157,148,21.0,128
2025-02-10,SKU0110,158,174,21.0,128
2025-02-17,SKU0110,166,155,21.0,128
2025-02-24,SKU0110,129,0,21.0,128
2025-03-03,SKU0110,115,182,21.0,128
2025-03-10,SKU0110,117,246,21.0,128
2025-03-17,SKU0110,172,221,21.0,128
2025-03-24,SKU0110,151,0,21.0,128
2025-03-31,SKU0110,134,0,21.0,128
2025-04-07,SKU0110,137,297,21.0,128
2025-04-14,SKU0110,85,134,21.0,128
2025-04-21,SKU0110,61,189,21.0,128
2025-04-28,SKU0110,60,203,21.0,128
2025-05-05,SKU0110,69,182,21.0,128
2025-05-12,SKU0110,81,270,21.0,128
2025-05-19,SKU0110,140,241,21.0,128
2025-05-26,SKU0110,165,146,21.0,128
2025-06-02,SKU0110,128,139,21.0,128
2025-06-09,SKU0110,143,202,21.0,128
2025-06-16,SKU0110,134,234,21.0,128
2025-06-23,SKU0110,170,181,21.0,128
2025-06-30,SKU0110,156,0,21.0,128
2025-07-07,SKU0110,146,0,21.0,128
2025-07-14,SKU0110,146,251,21.0,128
2025-07-21,SKU0110,103,148,21.0,128
2025-07-28,SKU0110,114,213,21.0,128
2025-08-04,SKU0110,115,298,21.0,128
2025-08-11,SKU0110,150,169,21.0,128
2025-08-18,SKU0110,162,247,21.0,128
2025-08-25,SKU0110,131,0,21.0,128
2025-09-01,SKU0110,121,237,21.0,128
2025-09-08,SKU0110,129,245,21.0,128
2025-09-15,SKU0110,137,195,21.0,128
2025-09-22,SKU0110,120,256,21.0,128
2025-09-29,SKU0110,122,112,21.0,128
2025-10-06,SKU0110,133,105,21.0,128
2025-10-13,SKU0110,147,272,21.0,128
2025-10-20,SKU0110,156,178,21.0,128
2025-10-27,SKU0110,170,217,21.0,128
2025-11-03,SKU0110,147,0,21.0,128
2025-11-10,SKU0110,125,102,21.0,128
2025-11-17,SKU0110,142,151,21.0,128
2025-11-24,SKU0110,187,299,21.0,128
2025-12-01,SKU0110,152,0,21.0,128
2025-12-08,SKU0110,153,115,21.0,128
2025-12-15,SKU0110,168,270,21.0,128
2025-12-22,SKU0110,151,265,21.0,128
2025-12-29,SKU0110,158,289,21.0,128
2025-08-25,SKU0111,288,0,7.0,79
2025-09-01,SKU0111,234,0,7.0,79
2025-09-08,SKU0111,189,0,7.0,79
2025-09-15,SKU0111,109,0,7.0,79
2025-09-22,SKU0111,94,0,7.0,79
2025-09-29,SKU0111,49,160,7.0,79
2025-10-06,SKU0111,34,116,7.0,79
2025-10-13,SKU0111,82,274,7.0,79
2025-10-20,SKU0111,65,126,7.0,79
2025-10-27,SKU0111,86,289,7.0,79
2025-11-03,SKU0111,77,109,7.0,79
2025-11-10,SKU0111,83,139,7.0,79
2025-11-17,SKU0111,74,212,7.0,79
2025-11-24,SKU0111,90,287,7.0,79
2025-12-01,SKU0111,68,167,7.0,79
2025-12-08,SKU0111,75,215,7.0,79
2025-12-15,SKU0111,96,256,7.0,79
2025-12-22,SKU0111,51,139,7.0,79
2025-12-29,SKU0111,60,163,7.0,79
2024-01-01,SKU0112,302,0,21.0,100
2024-01-08,SKU0112,240,0,21.0,100
2024-01-15,SKU0112,212,0,21.0,100
2024-01-22,SKU0112,124,0,21.0,100
2024-01-29,SKU0112,103,241,21.0,100
2024-02-05,SKU0112,112,163,21.0,100
2024-02-12,SKU0112,145,243,21.0,100
2024-02-19,SKU0112,109,0,21.0,100
2024-02-26,SKU0112,100,275,21.0,100
2024-03-04,SKU0112,64,123,21.0,100
2024-03-11,SKU0112,97,240,21.0,100
2024-03-18,SKU0112,72,243,21.0,100
2024-03-25,SKU0112,86,182,21.0,100
2024-04-01,SKU0112,93,201,21.0,100
2024-04-08,SKU0112,43,145,21.0,100
2024-04-15,SKU0112,86,287,21.0,100
2024-04-22,SKU0112,123,251,21.0,100
2024-04-29,SKU0112,103,0,21.0,100
2024-05-06,SKU0112,62,169,21.0,100
2024-05-13,SKU0112,58,196,21.0,100
2024-05-20,SKU0112,87,261,21.0,100
2024-05-27,SKU0112,147,273,21.0,100
2024-06-03,SKU0112,108,171,21.0,100
2024-06-10,SKU0112,92,269,21.0,100
2024-06-17,SKU0112,119,154,21.0,100
2024-06-24,SKU0112,136,194,21.0,100
2024-07-01,SKU0112,107,0,21.0,100
2024-07-08,SKU0112,87,221,21.0,100
2024-07-15,SKU0112,80,268,21.0,100
2024-07-22,SKU0112,99,119,21.0,100
2024-07-29,SKU0112,108,294,21.0,100
2024-08-05,SKU0112,167,254,21.0,100
2024-08-12,SKU0112,160,299,21.0,100
2024-08-19,SKU0112,129,109,21.0,100
2024-08-26,SKU0112,139,189,21.0,100
2024-09-02,SKU0112,142,233,21.0,100
2024-09-09,SKU0112,144,238,21.0,100
2024-09-16,SKU0112,102,0,21.0,100
2024-09-23,SKU0112,129,149,21.0,100
2024-09-30,SKU0112,159,238,21.0,100
2024-10-07,SKU0112,153,268,21.0,100
2024-10-14,SKU0112,154,224,21.0,100
2024-10-21,SKU0112,181,286,21.0,100
2024-10-28,SKU0112,140,168,21.0,100
2024-11-04,SKU0112,102,0,21.0,100
2024-11-11,SKU0112,106,133,21.0,100
2024-11-18,SKU0112,121,160,21.0,100
2024-11-25,SKU0112,113,252,21.0,100
2024-12-02,SKU0112,135,234,21.0,100
2024-12-09,SKU0112,115,237,21.0,100
2024-12-16,SKU0112,105,210,21.0,100
2024-12-23,SKU0112,126,177,21.0,100
2024-12-30,SKU0112,100,137,21.0,100
2025-01-06,SKU0112,37,121,21.0,100
2025-01-13,SKU0112,42,143,21.0,100
2025-01-20,SKU0112,67,224,21.0,100
2025-01-27,SKU0112,86,215,21.0,100
2025-02-03,SKU0112,125,187,21.0,100
2025-02-10,SKU0112,176,283,21.0,100
2025-02-17,SKU0112,111,0,21.0,100
2025-02-24,SKU0112,104,290,21.0,100
2025-03-03,SKU0112,160,222,21.0,100
2025-03-10,SKU0112,180,297,21.0,100
2025-03-17,SKU0112,114,0,21.0,100
2025-03-24,SKU0112,131,123,21.0,100
2025-03-31,SKU0112,129,105,21.0,100
2025-04-07,SKU0112,175,295,21.0,100
2025-04-14,SKU0112,134,0,21.0,100
2025-04-21,SKU0112,80,127,21.0,100
2025-04-28,SKU0112,98,155,21.0,100
2025-05-05,SKU0112,79,207,21.0,100
2025-05-12,SKU0112,45,104,21.0,100
2025-05-19,SKU0112,33,111,21.0,100
2025-05-26,SKU0112,46,154,21.0,100
2025-06-02,SKU0112,59,150,21.0,100
2025-06-09,SKU0112,30,101,21.0,100
2025-06-16,SKU0112,87,266,21.0,100
2025-06-23,SKU0112,100,276,21.0,100
2025-06-30,SKU0112,95,217,21.0,100
2025-07-07,SKU0112,130,209,21.0,100
2025-07-14,SKU0112,172,261,21.0,100
2025-07-21,SKU0112,155,0,21.0,100
2025-07-28,SKU0112,115,0,21.0,100
2025-08-04,SKU0112,78,131,21.0,100
2025-08-11,SKU0112,152,285,21.0,100
2025-08-18,SKU0112,171,290,21.0,100
2025-08-25,SKU0112,143,0,21.0,100
2025-09-01,SKU0112,117,0,21.0,100
2025-09-08,SKU0112,131,249,21.0,100
2025-09-15,SKU0112,125,285,21.0,100
2025-09-22,SKU0112,174,268,21.0,100
2025-09-29,SKU0112,140,165,21.0,100
2025-10-06,SKU0112,127,268,21.0,100
2025-10-13,SKU0112,140,163,21.0,100
2025-10-20,SKU0112,110,173,,100
2025-10-27,SKU0112,169,283,21.0,100
2025-11-03,SKU0112,139,170,21.0,100
2025-11-10,SKU0112,104,0,21.0,100
2025-11-17,SKU0112,72,180,21.0,100
2025-11-24,SKU0112,57,137,21.0,100
2025-12-01,SKU0112,97,269,21.0,100
2025-12-08,SKU0112,91,132,21.0,100
2025-12-15,SKU0112,58,137,21.0,100
2025-12-22,SKU0112,104,280,21.0,100
2025-12-29,SKU0112,57,159,21.0,100
2025-03-31,SKU0113,283,0,30.0,68
2025-04-07,SKU0113,251,0,30.0,68
2025-04-14,SKU0113,187,0,30.0,68
2025-04-21,SKU0113,172,0,30.0,68
2025-04-28,SKU0113,88,0,30.0,68
2025-05-05,SKU0113,112,169,30.0,68
2025-05-12,SKU0113,112,188,30.0,68
2025-05-19,SKU0113,127,271,30.0,68
2025-05-26,SKU0113,86,0,30.0,68
2025-06-02,SKU0113,110,159,30.0,68
2025-06-09,SKU0113,128,257,30.0,68
2025-06-16,SKU0113,96,0,30.0,68
2025-06-23,SKU0113,100,188,30.0,68
2025-06-30,SKU0113,120,203,30.0,68
2025-07-07,SKU0113,73,165,30.0,68
2025-07-14,SKU0113,128,257,30.0,68
2025-07-21,SKU0113,106,0,30.0,68
2025-07-28,SKU0113,83,0,30.0,68
2025-08-04,SKU0113,108,276,30.0,68
2025-08-11,SKU0113,80,235,30.0,68
2025-08-18,SKU0113,111,244,30.0,68
2025-08-25,SKU0113,113,285,30.0,68
2025-09-01,SKU0113,127,218,30.0,68
2025-09-08,SKU0113,84,161,30.0,68
2025-09-15,SKU0113,72,0,30.0,68
2025-09-22,SKU0113,137,251,30.0,68
2025-09-29,SKU0113,128,267,30.0,68
2025-10-06,SKU0113,104,0,30.0,68
2025-10-13,SKU0113,96,117,30.0,68
2025-10-20,SKU0113,89,202,30.0,68
2025-10-27,SKU0113,75,114,30.0,68
2025-11-03,SKU0113,79,169,30.0,68
2025-11-10,SKU0113,126,287,30.0,68
2025-11-17,SKU0113,101,0,30.0,68
2025-11-24,SKU0113,73,164,30.0,68
2025-12-01,SKU0113,51,172,30.0,68
2025-12-08,SKU0113,34,114,30.0,68
2025-12-15,SKU0113,43,123,30.0,68
2025-12-22,SKU0113,65,217,30.0,68
2025-12-29,SKU0113,83,124,30.0,68
2024-10-28,SKU0114,38,0,7.0,26
2024-11-04,SKU0114,71,239,7.0,26
2024-11-11,SKU0114,44,147,7.0,26
2024-11-18,SKU0114,74,248,7.0,26
2024-11-25,SKU0114,37,0,7.0,26
2024-12-02,SKU0114,77,257,7.0,26
2024-12-09,SKU0114,46,0,7.0,26
2024-12-16,SKU0114,65,172,7.0,26
2024-12-23,SKU0114,33,112,7.0,26
2024-12-30,SKU0114,84,212,7.0,26
2025-01-06,SKU0114,39,0,7.0,26
2025-01-13,SKU0114,30,100,7.0,26
2025-01-20,SKU0114,81,270,7.0,26
2025-01-27,SKU0114,59,199,7.0,26
2025-02-03,SKU0114,48,112,7.0,26
2025-02-10,SKU0114,50,167,7.0,26
2025-02-17,SKU0114,80,269,7.0,26
2025-02-24,SKU0114,89,297,7.0,26
2025-03-03,SKU0114,36,0,7.0,26
2025-03-10,SKU0114,95,262,7.0,26
2025-03-17,SKU0114,81,0,7.0,26
2025-03-24,SKU0114,53,179,7.0,26
2025-03-31,SKU0114,75,230,7.0,26
2025-04-07,SKU0114,29,0,7.0,26
2025-04-14,SKU0114,51,173,7.0,26
2025-04-21,SKU0114,29,0,7.0,26
2025-04-28,SKU0114,91,283,7.0,26
2025-05-05,SKU0114,79,211,7.0,26
2025-05-12,SKU0114,54,0,7.0,26
2025-05-19,SKU0114,81,239,,26
2025-05-26,SKU0114,40,0,7.0,26
2025-06-02,SKU0114,57,190,7.0,26
2025-06-09,SKU0114,41,138,7.0,26
2025-06-16,SKU0114,59,199,7.0,26
2025-06-23,SKU0114,36,0,7.0,26
2025-06-30,SKU0114,49,134,7.0,26
2025-07-07,SKU0114,67,168,7.0,26
2025-07-14,SKU0114,55,186,7.0,26
2025-07-21,SKU0114,54,181,7.0,26
2025-07-28,SKU0114,51,173,7.0,26
2025-08-04,SKU0114,85,242,7.0,26
2025-08-11,SKU0114,66,0,7.0,26
2025-08-18,SKU0114,35,0,7.0,26
2025-08-25,SKU0114,60,202,7.0,26
2025-09-01,SKU0114,27,0,7.0,26
2025-09-08,SKU0114,45,150,7.0,26
2025-09-15,SKU0114,77,259,7.0,26
2025-09-22,SKU0114,55,111,7.0,26
2025-09-29,SKU0114,30,100,7.0,26
2025-10-06,SKU0114,66,221,7.0,26
2025-10-13,SKU0114,90,243,7.0,26
2025-10-20,SKU0114,80,0,7.0,26
2025-10-27,SKU0114,43,0,7.0,26
2025-11-03,SKU0114,57,190,7.0,26
2025-11-10,SKU0114,92,295,7.0,26
2025-11-17,SKU0114,73,0,7.0,26
2025-11-24,SKU0114,38,0,7.0,26
2025-12-01,SKU0114,38,128,7.0,26
2025-12-08,SKU0114,26,0,7.0,26
2025-12-15,SKU0114,76,255,7.0,26
2025-12-22,SKU0114,65,0,7.0,26
2025-12-29,SKU0114,82,209,7.0,26
2024-06-03,SKU0115,238,0,14.0,37
2024-06-10,SKU0115,141,0,14.0,37
2024-06-17,SKU0115,84,0,14.0,37
2024-06-24,SKU0115,78,243,14.0,37
2024-07-01,SKU0115,63,0,14.0,37
2024-07-08,SKU0115,108,246,14.0,37
2024-07-15,SKU0115,73,141,14.0,37
2024-07-22,SKU0115,69,230,14.0,37
2024-07-29,SKU0115,45,0,14.0,37
2024-08-05,SKU0115,39,130,14.0,37
2024-08-12,SKU0115,89,298,14.0,37
2024-08-19,SKU0115,76,254,14.0,37
2024-08-26,SKU0115,48,160,14.0,37
2024-09-02,SKU0115,67,225,14.0,37
2024-09-09,SKU0115,38,127,14.0,37
2024-09-16,SKU0115,48,161,14.0,37
2024-09-23,SKU0115,59,195,14.0,37
2024-09-30,SKU0115,51,172,14.0,37
2024-10-07,SKU0115,63,210,14.0,37
2024-10-14,SKU0115,62,208,14.0,37
2024-10-21,SKU0115,66,205,14.0,37
2024-10-28,SKU0115,38,0,14.0,37
2024-11-04,SKU0115,52,155,14.0,37
2024-11-11,SKU0115,33,110,14.0,37
2024-11-18,SKU0115,93,272,14.0,37
2024-11-25,SKU0115,40,0,14.0,37
2024-12-02,SKU0115,32,108,14.0,37
2024-12-09,SKU0115,101,270,14.0,37
2024-12-16,SKU0115,83,0,14.0,37
2024-12-23,SKU0115,62,0,14.0,37
2024-12-30,SKU0115,63,211,14.0,37
2025-01-06,SKU0115,66,107,14.0,37
2025-01-13,SKU0115,55,0,14.0,37
2025-01-20,SKU0115,67,225,14.0,37
2025-01-27,SKU0115,88,249,14.0,37
2025-02-03,SKU0115,56,0,14.0,37
2025-02-10,SKU0115,33,112,14.0,37
2025-02-17,SKU0115,57,190,14.0,37
2025-02-24,SKU0115,85,233,14.0,37
2025-03-03,SKU0115,78,262,14.0,37
2025-03-10,SKU0115,41,0,14.0,37
2025-03-17,SKU0115,60,201,14.0,37
2025-03-24,SKU0115,63,213,14.0,37
2025-03-31,SKU0115,51,170,14.0,37
2025-04-07,SKU0115,112,253,14.0,37
2025-04-14,SKU0115,61,149,14.0,37
2025-04-21,SKU0115,98,285,14.0,37
2025-04-28,SKU0115,48,0,14.0,37
2025-05-05,SKU0115,42,141,14.0,37
2025-05-12,SKU0115,69,233,14.0,37
2025-05-19,SKU0115,85,286,14.0,37
2025-05-26,SKU0115,65,132,14.0,37
2025-06-02,SKU0115,92,271,14.0,37
2025-06-09,SKU0115,60,0,14.0,37
2025-06-16,SKU0115,104,259,14.0,37
2025-06-23,SKU0115,80,0,14.0,37
2025-06-30,SKU0115,37,0,14.0,37
2025-07-07,SKU0115,31,106,14.0,37
2025-07-14,SKU0115,45,101,14.0,37
2025-07-21,SKU0115,81,271,14.0,37
2025-07-28,SKU0115,53,0,14.0,37
2025-08-04,SKU0115,88,295,14.0,37
2025-08-11,SKU0115,43,0,14.0,37
2025-08-18,SKU0115,58,175,14.0,37
2025-08-25,SKU0115,67,135,14.0,37
2025-09-01,SKU0115,59,199,14.0,37
2025-09-08,SKU0115,88,183,14.0,37
2025-09-15,SKU0115,47,0,14.0,37
2025-09-22,SKU0115,77,259,14.0,37
2025-09-29,SKU0115,66,220,14.0,37
2025-10-06,SKU0115,81,154,14.0,37
2025-10-13,SKU0115,38,0,14.0,37
2025-10-20,SKU0115,71,239,14.0,37
2025-10-27,SKU0115,50,0,14.0,37
2025-11-03,SKU0115,46,156,14.0,37
2025-11-10,SKU0115,33,112,14.0,37
2025-11-17,SKU0115,61,206,14.0,37
2025-11-24,SKU0115,73,224,14.0,37
2025-12-01,SKU0115,105,269,14.0,37
2025-12-08,SKU0115,72,0,14.0,37
2025-12-15,SKU0115,37,0,14.0,37
2025-12-22,SKU0115,41,105,14.0,37
2025-12-29,SKU0115,109,293,14.0,37
2024-01-01,SKU0116,135,0,14.0,53
2024-01-08,SKU0116,125,0,14.0,53
2024-01-15,SKU0116,72,0,14.0,53
2024-01-22,SKU0116,58,174,14.0,53
2024-01-29,SKU0116,133,296,14.0,53
2024-02-05,SKU0116,86,0,14.0,53
2024-02-12,SKU0116,77,147,14.0,53
2024-02-19,SKU0116,76,139,14.0,53
2024-02-26,SKU0116,70,223,14.0,53
2024-03-04,SKU0116,47,159,14.0,53
2024-03-11,SKU0116,33,110,14.0,53
2024-03-18,SKU0116,88,296,14.0,53
2024-03-25,SKU0116,94,140,14.0,53
2024-04-01,SKU0116,102,285,14.0,53
2024-04-08,SKU0116,114,276,14.0,53
2024-04-15,SKU0116,76,126,14.0,53
2024-04-22,SKU0116,111,243,14.0,53
2024-04-29,SKU0116,74,0,14.0,53
2024-05-06,SKU0116,99,240,14.0,53
2024-05-13,SKU0116,118,244,14.0,53
2024-05-20,SKU0116,85,114,14.0,53
2024-05-27,SKU0116,56,116,14.0,53
2024-06-03,SKU0116,110,232,14.0,53
2024-06-10,SKU0116,69,163,14.0,53
2024-06-17,SKU0116,79,144,14.0,53
2024-06-24,SKU0116,72,227,14.0,53
2024-07-01,SKU0116,64,176,14.0,53
2024-07-08,SKU0116,49,165,14.0,53
2024-07-15,SKU0116,32,107,14.0,53
2024-07-22,SKU0116,34,116,14.0,53
2024-07-29,SKU0116,79,266,14.0,53
2024-08-05,SKU0116,89,263,14.0,53
2024-08-12,SKU0116,122,270,14.0,53
2024-08-19,SKU0116,93,0,,53
2024-08-26,SKU0116,59,198,14.0,53
2024-09-02,SKU0116,52,106,14.0,53
2024-09-09,SKU0116,54,180,14.0,53
2024-09-16,SKU0116,31,100,14.0,53
2024-09-23,SKU0116,37,124,14.0,53
2024-09-30,SKU0116,64,214,14.0,53
2024-10-07,SKU0116,77,148,14.0,53
2024-10-14,SKU0116,55,0,,53
2024-10-21,SKU0116,89,249,14.0,53
2024-10-28,SKU0116,73,225,14.0,53
2024-11-04,SKU0116,62,0,14.0,53
2024-11-11,SKU0116,48,118,14.0,53
2024-11-18,SKU0116,59,197,14.0,53
2024-11-25,SKU0116,36,122,14.0,53
2024-12-02,SKU0116,53,179,14.0,53
2024-12-09,SKU0116,74,247,14.0,53
2024-12-16,SKU0116,103,180,14.0,53
2024-12-23,SKU0116,78,0,14.0,53
2024-12-30,SKU0116,82,150,14.0,53
2025-01-06,SKU0116,107,212,14.0,53
2025-01-13,SKU0116,89,0,14.0,53
2025-01-20,SKU0116,91,288,14.0,53
2025-01-27,SKU0116,61,0,14.0,53
2025-02-03,SKU0116,134,279,14.0,53
2025-02-10,SKU0116,83,0,14.0,53
2025-02-17,SKU0116,91,190,14.0,53
2025-02-24,SKU0116,75,253,14.0,53
2025-03-03,SKU0116,79,215,14.0,53
2025-03-10,SKU0116,39,132,14.0,53
2025-03-17,SKU0116,52,175,14.0,53
2025-03-24,SKU0116,43,128,14.0,53
2025-03-31,SKU0116,72,240,14.0,53
2025-04-07,SKU0116,71,164,14.0,53
2025-04-14,SKU0116,109,288,14.0,53
2025-04-21,SKU0116,68,0,14.0,53
2025-04-28,SKU0116,47,157,14.0,53
2025-05-05,SKU0116,30,100,14.0,53
2025-05-12,SKU0116,72,243,14.0,53
2025-05-19,SKU0116,33,111,14.0,53
2025-05-26,SKU0116,75,250,14.0,53
2025-06-02,SKU0116,54,0,,53
2025-06-09,SKU0116,74,122,14.0,53
2025-06-16,SKU0116,60,202,14.0,53
2025-06-23,SKU0116,47,106,14.0,53
2025-06-30,SKU0116,109,291,14.0,53
2025-07-07,SKU0116,59,0,14.0,53
2025-07-14,SKU0116,66,126,14.0,53
2025-07-21,SKU0116,69,160,14.0,53
2025-07-28,SKU0116,66,223,14.0,53
2025-08-04,SKU0116,57,161,14.0,53
2025-08-11,SKU0116,98,287,14.0,53
2025-08-18,SKU0116,114,298,14.0,53
2025-08-25,SKU0116,57,0,14.0,53
2025-09-01,SKU0116,45,152,14.0,53
2025-09-08,SKU0116,78,262,14.0,53
2025-09-15,SKU0116,45,151,14.0,53
2025-09-22,SKU0116,74,247,14.0,53
2025-09-29,SKU0116,84,280,14.0,53
2025-10-06,SKU0116,36,122,14.0,53
2025-10-13,SKU0116,78,263,14.0,53
2025-10-20,SKU0116,61,0,14.0,53
2025-10-27,SKU0116,57,193,14.0,53
2025-11-03,SKU0116,75,251,14.0,53
2025-11-10,SKU0116,55,0,14.0,53
2025-11-17,SKU0116,55,107,14.0,53
2025-11-24,SKU0116,74,248,14.0,53
2025-12-01,SKU0116,64,216,14.0,53
2025-12-08,SKU0116,79,248,14.0,53
2025-12-15,SKU0116,73,131,14.0,53
2025-12-22,SKU0116,75,233,14.0,53
2025-12-29,SKU0116,70,235,14.0,53
2024-01-01,SKU0117,232,0,14.0,87
2024-01-08,SKU0117,195,0,14.0,87
2024-01-15,SKU0117,182,0,14.0,87
2024-01-22,SKU0117,91,0,14.0,87
2024-01-29,SKU0117,86,264,14.0,87
2024-02-05,SKU0117,73,185,14.0,87
2024-02-12,SKU0117,63,142,14.0,87
2024-02-19,SKU0117,48,125,14.0,87
2024-02-26,SKU0117,81,270,14.0,87
2024-03-04,SKU0117,49,137,14.0,87
2024-03-11,SKU0117,107,240,14.0,87
2024-03-18,SKU0117,111,287,14.0,87
2024-03-25,SKU0117,150,234,14.0,87
2024-04-01,SKU0117,113,0,14.0,87
2024-04-08,SKU0117,95,0,14.0,87
2024-04-15,SKU0117,132,298,14.0,87
2024-04-22,SKU0117,120,285,14.0,87
2024-04-29,SKU0117,91,0,14.0,87
2024-05-06,SKU0117,139,206,14.0,87
2024-05-13,SKU0117,79,124,14.0,87
2024-05-20,SKU0117,112,244,14.0,87
2024-05-27,SKU0117,89,232,14.0,87
2024-06-03,SKU0117,131,235,14.0,87
2024-06-10,SKU0117,121,0,14.0,87
2024-06-17,SKU0117,110,0,14.0,87
2024-06-24,SKU0117,123,179,14.0,87
2024-07-01,SKU0117,112,0,14.0,87
2024-07-08,SKU0117,139,258,,87
2024-07-15,SKU0117,111,187,14.0,87
2024-07-22,SKU0117,114,196,14.0,87
2024-07-29,SKU0117,83,108,14.0,87
2024-08-05,SKU0117,89,160,14.0,87
2024-08-12,SKU0117,60,107,14.0,87
2024-08-19,SKU0117,39,131,14.0,87
2024-08-26,SKU0117,82,218,14.0,87
2024-09-02,SKU0117,60,103,14.0,87
2024-09-09,SKU0117,68,129,14.0,87
2024-09-16,SKU0117,111,243,14.0,87
2024-09-23,SKU0117,98,0,14.0,87
2024-09-30,SKU0117,117,281,14.0,87
2024-10-07,SKU0117,72,149,14.0,87
2024-10-14,SKU0117,122,228,14.0,87
2024-10-21,SKU0117,129,166,14.0,87
2024-10-28,SKU0117,108,0,14.0,87
2024-11-04,SKU0117,94,244,14.0,87
2024-11-11,SKU0117,96,164,14.0,87
2024-11-18,SKU0117,146,253,14.0,87
2024-11-25,SKU0117,133,159,14.0,87
2024-12-02,SKU0117,68,104,14.0,87
2024-12-09,SKU0117,106,180,14.0,87
2024-12-16,SKU0117,70,103,14.0,87
2024-12-23,SKU0117,95,126,14.0,87
2024-12-30,SKU0117,102,187,14.0,87
2025-01-06,SKU0117,69,147,14.0,87
2025-01-13,SKU0117,86,141,14.0,87
2025-01-20,SKU0117,144,235,14.0,87
2025-01-27,SKU0117,112,160,14.0,87
2025-02-03,SKU0117,135,270,14.0,87
2025-02-10,SKU0117,88,116,14.0,87
2025-02-17,SKU0117,44,148,14.0,87
2025-02-24,SKU0117,81,272,14.0,87
2025-03-03,SKU0117,96,102,14.0,87
2025-03-10,SKU0117,44,109,14.0,87
2025-03-17,SKU0117,81,272,14.0,87
2025-03-24,SKU0117,64,148,14.0,87
2025-03-31,SKU0117,47,159,14.0,87
2025-04-07,SKU0117,45,152,14.0,87
2025-04-14,SKU0117,77,226,14.0,87
2025-04-21,SKU0117,150,282,14.0,87
2025-04-28,SKU0117,115,0,14.0,87
2025-05-05,SKU0117,59,109,14.0,87
2025-05-12,SKU0117,72,241,14.0,87
2025-05-19,SKU0117,109,162,14.0,87
2025-05-26,SKU0117,120,133,14.0,87
2025-06-02,SKU0117,146,286,14.0,87
2025-06-09,SKU0117,97,0,14.0,87
2025-06-16,SKU0117,125,209,14.0,87
2025-06-23,SKU0117,140,254,14.0,87
2025-06-30,SKU0117,82,116,14.0,87
2025-07-07,SKU0117,73,171,14.0,87
2025-07-14,SKU0117,86,212,14.0,87
2025-07-21,SKU0117,93,102,14.0,87
2025-07-28,SKU0117,80,233,14.0,87
2025-08-04,SKU0117,100,292,14.0,87
2025-08-11,SKU0117,131,159,14.0,87
2025-08-18,SKU0117,97,0,14.0,87
2025-08-25,SKU0117,107,239,14.0,87
2025-09-01,SKU0117,93,0,14.0,87
2025-09-08,SKU0117,73,242,14.0,87
2025-09-15,SKU0117,65,217,14.0,87
2025-09-22,SKU0117,54,180,14.0,87
2025-09-29,SKU0117,43,116,14.0,87
2025-10-06,SKU0117,45,153,14.0,87
2025-10-13,SKU0117,70,235,14.0,87
2025-10-20,SKU0117,101,189,14.0,87
2025-10-27,SKU0117,51,111,14.0,87
2025-11-03,SKU0117,60,168,14.0,87
2025-11-10,SKU0117,80,178,14.0,87
2025-11-17,SKU0117,82,275,14.0,87
2025-11-24,SKU0117,89,240,14.0,87
2025-12-01,SKU0117,55,184,14.0,87
2025-12-08,SKU0117,71,235,14.0,87
2025-12-15,SKU0117,47,157,14.0,87
2025-12-22,SKU0117,48,160,14.0,87
2025-12-29,SKU0117,119,297,14.0,87
2024-01-01,SKU0118,308,0,7.0,123
2024-01-08,SKU0118,227,0,7.0,123
2024-01-15,SKU0118,208,0,7.0,123
2024-01-22,SKU0118,139,0,7.0,123
2024-01-29,SKU0118,112,241,7.0,123
2024-02-05,SKU0118,163,236,7.0,123
2024-02-12,SKU0118,186,212,7.0,123
2024-02-19,SKU0118,128,0,7.0,123
2024-02-26,SKU0118,156,205,7.0,123
2024-03-04,SKU0118,130,209,7.0,123
2024-03-11,SKU0118,115,110,7.0,123
2024-03-18,SKU0118,131,145,7.0,123
2024-03-25,SKU0118,156,193,7.0,123
2024-04-01,SKU0118,146,189,7.0,123
2024-04-08,SKU0118,208,298,7.0,123
2024-04-15,SKU0118,179,0,7.0,123
2024-04-22,SKU0118,128,0,7.0,123
2024-04-29,SKU0118,126,224,7.0,123
2024-05-06,SKU0118,118,102,7.0,123
2024-05-13,SKU0118,153,286,7.0,123
2024-05-20,SKU0118,114,112,7.0,123
2024-05-27,SKU0118,68,116,7.0,123
2024-06-03,SKU0118,87,292,7.0,123
2024-06-10,SKU0118,115,261,7.0,123
2024-06-17,SKU0118,79,137,7.0,123
2024-06-24,SKU0118,101,197,7.0,123
2024-07-01,SKU0118,57,140,7.0,123
2024-07-08,SKU0118,79,244,7.0,123
2024-07-15,SKU0118,54,139,7.0,123
2024-07-22,SKU0118,37,124,7.0,123
2024-07-29,SKU0118,80,238,7.0,123
2024-08-05,SKU0118,41,138,7.0,123
2024-08-12,SKU0118,65,192,7.0,123
2024-08-19,SKU0118,75,241,7.0,123
2024-08-26,SKU0118,92,120,7.0,123
2024-09-02,SKU0118,142,236,7.0,123
2024-09-09,SKU0118,130,0,7.0,123
2024-09-16,SKU0118,92,186,7.0,123
2024-09-23,SKU0118,44,133,7.0,123
2024-09-30,SKU0118,36,120,7.0,123
2024-10-07,SKU0118,63,212,7.0,123
2024-10-14,SKU0118,75,252,7.0,123
2024-10-21,SKU0118,92,257,7.0,123
2024-10-28,SKU0118,83,199,7.0,123
2024-11-04,SKU0118,72,175,7.0,123
2024-11-11,SKU0118,58,128,7.0,123
2024-11-18,SKU0118,78,121,7.0,123
2024-11-25,SKU0118,109,165,7.0,123
2024-12-02,SKU0118,130,110,7.0,123
2024-12-09,SKU0118,76,133,7.0,123
2024-12-16,SKU0118,137,250,7.0,123
2024-12-23,SKU0118,124,108,7.0,123
2024-12-30,SKU0118,130,241,7.0,123
2025-01-06,SKU0118,129,263,7.0,123
2025-01-13,SKU0118,154,206,7.0,123
2025-01-20,SKU0118,188,276,,123
2025-01-27,SKU0118,155,0,7.0,123
2025-02-03,SKU0118,118,114,7.0,123
2025-02-10,SKU0118,155,273,7.0,123
2025-02-17,SKU0118,126,0,7.0,123
2025-02-24,SKU0118,167,202,7.0,123
2025-03-03,SKU0118,144,0,7.0,123
2025-03-10,SKU0118,129,0,7.0,123
2025-03-17,SKU0118,112,233,7.0,123
2025-03-24,SKU0118,94,258,7.0,123
2025-03-31,SKU0118,54,163,7.0,123
2025-04-07,SKU0118,54,183,7.0,123
2025-04-14,SKU0118,88,294,7.0,123
2025-04-21,SKU0118,105,258,7.0,123
2025-04-28,SKU0118,55,150,7.0,123
2025-05-05,SKU0118,101,285,7.0,123
2025-05-12,SKU0118,151,249,7.0,123
2025-05-19,SKU0118,100,152,7.0,123
2025-05-26,SKU0118,97,242,7.0,123
2025-06-02,SKU0118,79,187,7.0,123
2025-06-09,SKU0118,92,286,7.0,123
2025-06-16,SKU0118,129,178,7.0,123
2025-06-23,SKU0118,152,138,7.0,123
2025-06-30,SKU0118,151,170,7.0,123
2025-07-07,SKU0118,155,265,7.0,123
2025-07-14,SKU0118,148,233,7.0,123
2025-07-21,SKU0118,168,195,7.0,123
2025-07-28,SKU0118,146,0,7.0,123
2025-08-04,SKU0118,148,156,7.0,123
2025-08-11,SKU0118,127,0,7.0,123
2025-08-18,SKU0118,117,201,7.0,123
2025-08-25,SKU0118,151,181,7.0,123
2025-09-01,SKU0118,140,0,7.0,123
2025-09-08,SKU0118,126,139,7.0,123
2025-09-15,SKU0118,134,196,7.0,123
2025-09-22,SKU0118,114,124,7.0,123
2025-09-29,SKU0118,106,243,7.0,123
2025-10-06,SKU0118,143,203,7.0,123
2025-10-13,SKU0118,203,272,7.0,123
2025-10-20,SKU0118,123,0,7.0,123
2025-10-27,SKU0118,125,279,7.0,123
2025-11-03,SKU0118,149,156,7.0,123
2025-11-10,SKU0118,158,156,7.0,123
2025-11-17,SKU0118,148,172,7.0,123
2025-11-24,SKU0118,176,214,7.0,123
2025-12-01,SKU0118,133,0,7.0,123
2025-12-08,SKU0118,187,262,7.0,123
2025-12-15,SKU0118,185,269,7.0,123
2025-12-22,SKU0118,139,0,7.0,123
2025-12-29,SKU0118,167,200,7.0,123
2025-03-31,SKU0119,70,168,7.0,129
2025-04-07,SKU0119,112,272,7.0,129
2025-04-14,SKU0119,175,259,7.0,129
2025-04-21,SKU0119,136,0,7.0,129
2025-04-28,SKU0119,141,130,7.0,129
2025-05-05,SKU0119,187,291,7.0,129
2025-05-12,SKU0119,148,0,7.0,129
2025-05-19,SKU0119,163,272,7.0,129
2025-05-26,SKU0119,152,0,7.0,129
2025-06-02,SKU0119,177,260,7.0,129
2025-06-09,SKU0119,177,226,7.0,129
2025-06-16,SKU0119,138,0,7.0,129
2025-06-23,SKU0119,92,133,7.0,129
2025-06-30,SKU0119,72,236,7.0,129
2025-07-07,SKU0119,52,133,7.0,129
2025-07-14,SKU0119,86,260,7.0,129
2025-07-21,SKU0119,49,152,7.0,129
2025-07-28,SKU0119,86,239,7.0,129
2025-08-04,SKU0119,58,111,7.0,129
2025-08-11,SKU0119,103,283,7.0,129
2025-08-18,SKU0119,71,185,7.0,129
2025-08-25,SKU0119,55,184,7.0,129
2025-09-01,SKU0119,76,255,7.0,129
2025-09-08,SKU0119,79,224,7.0,129
2025-09-15,SKU0119,58,156,7.0,129
2025-09-22,SKU0119,63,186,7.0,129
2025-09-29,SKU0119,118,284,7.0,129
2025-10-06,SKU0119,187,293,7.0,129
2025-10-13,SKU0119,146,0,7.0,129
2025-10-20,SKU0119,126,164,7.0,129
2025-10-27,SKU0119,140,257,7.0,129
2025-11-03,SKU0119,147,136,7.0,129
2025-11-10,SKU0119,117,221,7.0,129
2025-11-17,SKU0119,107,234,7.0,129
2025-11-24,SKU0119,94,231,7.0,129
2025-12-01,SKU0119,113,259,7.0,129
2025-12-08,SKU0119,115,132,7.0,129
2025-12-15,SKU0119,138,236,7.0,129
2025-12-22,SKU0119,119,211,7.0,129
2025-12-29,SKU0119,175,224,7.0,129
2024-01-01,SKU0120,340,0,30.0,112
2024-01-08,SKU0120,297,0,30.0,112
2024-01-15,SKU0120,202,0,30.0,112
2024-01-22,SKU0120,172,0,30.0,112
2024-01-29,SKU0120,128,0,30.0,112
2024-02-05,SKU0120,129,210,30.0,112
2024-02-12,SKU0120,173,246,30.0,112
2024-02-19,SKU0120,126,116,30.0,112
2024-02-26,SKU0120,99,213,30.0,112
2024-03-04,SKU0120,66,163,30.0,112
2024-03-11,SKU0120,130,294,,112
2024-03-18,SKU0120,179,291,30.0,112
2024-03-25,SKU0120,163,0,30.0,112
2024-04-01,SKU0120,131,181,30.0,112
2024-04-08,SKU0120,127,260,30.0,112
2024-04-15,SKU0120,77,145,30.0,112
2024-04-22,SKU0120,104,142,30.0,112
2024-04-29,SKU0120,100,262,30.0,112
2024-05-06,SKU0120,98,298,30.0,112
2024-05-13,SKU0120,138,268,30.0,112
2024-05-20,SKU0120,118,0,30.0,112
2024-05-27,SKU0120,135,186,30.0,112
2024-06-03,SKU0120,103,147,30.0,112
2024-06-10,SKU0120,137,241,30.0,112
2024-06-17,SKU0120,183,292,30.0,112
2024-06-24,SKU0120,165,0,30.0,112
2024-07-01,SKU0120,137,0,30.0,112
2024-07-08,SKU0120,124,165,30.0,112
2024-07-15,SKU0120,149,221,30.0,112
2024-07-22,SKU0120,113,194,30.0,112
2024-07-29,SKU0120,134,189,30.0,112
2024-08-05,SKU0120,171,258,30.0,112
2024-08-12,SKU0120,115,0,30.0,112
2024-08-19,SKU0120,153,165,30.0,112
2024-08-26,SKU0120,120,0,30.0,112
2024-09-02,SKU0120,114,163,30.0,112
2024-09-09,SKU0120,163,200,30.0,112
2024-09-16,SKU0120,138,0,30.0,112
2024-09-23,SKU0120,160,294,30.0,112
2024-09-30,SKU0120,145,0,30.0,112
2024-10-07,SKU0120,132,236,30.0,112
2024-10-14,SKU0120,114,0,30.0,112
2024-10-21,SKU0120,112,200,30.0,112
2024-10-28,SKU0120,111,125,30.0,112
2024-11-04,SKU0120,177,284,30.0,112
2024-11-11,SKU0120,129,0,30.0,112
2024-11-18,SKU0120,161,236,30.0,112
2024-11-25,SKU0120,102,102,30.0,112
2024-12-02,SKU0120,82,219,30.0,112
2024-12-09,SKU0120,127,291,30.0,112
2024-12-16,SKU0120,114,269,30.0,112
2024-12-23,SKU0120,174,289,30.0,112
2024-12-30,SKU0120,132,0,30.0,112
2025-01-06,SKU0120,173,262,30.0,112
2025-01-13,SKU0120,132,182,30.0,112
2025-01-20,SKU0120,144,182,30.0,112
2025-01-27,SKU0120,167,269,30.0,112
2025-02-03,SKU0120,132,120,30.0,112
2025-02-10,SKU0120,142,272,30.0,112
2025-02-17,SKU0120,117,166,30.0,112
2025-02-24,SKU0120,169,240,30.0,112
2025-03-03,SKU0120,112,0,30.0,112
2025-03-10,SKU0120,165,252,30.0,112
2025-03-17,SKU0120,114,145,30.0,112
2025-03-24,SKU0120,84,148,30.0,112
2025-03-31,SKU0120,72,243,30.0,112
2025-04-07,SKU0120,85,123,30.0,112
2025-04-14,SKU0120,95,125,30.0,112
2025-04-21,SKU0120,117,185,30.0,112
2025-04-28,SKU0120,162,296,30.0,112
2025-05-05,SKU0120,140,216,30.0,112
2025-05-12,SKU0120,117,0,30.0,112
2025-05-19,SKU0120,140,250,30.0,112
2025-05-26,SKU0120,185,265,30.0,112
2025-06-02,SKU0120,122,0,30.0,112
2025-06-09,SKU0120,112,0,30.0,112
2025-06-16,SKU0120,164,212,30.0,112
2025-06-23,SKU0120,142,0,30.0,112
2025-06-30,SKU0120,113,0,30.0,112
2025-07-07,SKU0120,81,204,30.0,112
2025-07-14,SKU0120,141,269,30.0,112
2025-07-21,SKU0120,133,142,30.0,112
2025-07-28,SKU0120,165,266,30.0,112
2025-08-04,SKU0120,142,191,30.0,112
2025-08-11,SKU0120,125,0,30.0,112
2025-08-18,SKU0120,91,193,30.0,112
2025-08-25,SKU0120,146,253,30.0,112
2025-09-01,SKU0120,174,221,30.0,112
2025-09-08,SKU0120,120,0,30.0,112
2025-09-15,SKU0120,189,267,30.0,112
2025-09-22,SKU0120,157,0,30.0,112
2025-09-29,SKU0120,175,230,30.0,112
2025-10-06,SKU0120,116,0,30.0,112
2025-10-13,SKU0120,103,183,30.0,112
2025-10-20,SKU0120,95,160,30.0,112
2025-10-27,SKU0120,59,104,30.0,112
2025-11-03,SKU0120,66,188,30.0,112
2025-11-10,SKU0120,64,196,30.0,112
2025-11-17,SKU0120,123,285,30.0,112
2025-11-24,SKU0120,114,109,30.0,112
2025-12-01,SKU0120,81,212,30.0,112
2025-12-08,SKU0120,78,143,30.0,112
2025-12-15,SKU0120,48,146,30.0,112
2025-12-22,SKU0120,93,185,30.0,112
2025-12-29,SKU0120,121,140,30.0,112
2024-01-01,SKU0121,283,0,21.0,21
2024-01-08,SKU0121,253,0,21.0,21
2024-01-15,SKU0121,222,0,21.0,21
2024-01-22,SKU0121,142,0,21.0,21
2024-01-29,SKU0121,46,0,21.0,21
2024-02-05,SKU0121,53,164,21.0,21
2024-02-12,SKU0121,76,254,21.0,21
2024-02-19,SKU0121,51,0,21.0,21
2024-02-26,SKU0121,67,174,21.0,21
2024-03-04,SKU0121,51,0,21.0,21
2024-03-11,SKU0121,35,119,21.0,21
2024-03-18,SKU0121,63,212,21.0,21
2024-03-25,SKU0121,69,233,21.0,21
2024-04-01,SKU0121,60,202,21.0,21
2024-04-08,SKU0121,37,0,21.0,21
2024-04-15,SKU0121,75,253,21.0,21
2024-04-22,SKU0121,49,0,21.0,21
2024-04-29,SKU0121,36,0,21.0,21
2024-05-06,SKU0121,90,243,21.0,21
2024-05-13,SKU0121,69,0,21.0,21
2024-05-20,SKU0121,72,241,21.0,21
2024-05-27,SKU0121,55,0,21.0,21
2024-06-03,SKU0121,42,126,21.0,21
2024-06-10,SKU0121,79,266,21.0,21
2024-06-17,SKU0121,35,0,21.0,21
2024-06-24,SKU0121,39,131,21.0,21
2024-07-01,SKU0121,36,123,21.0,21
2024-07-08,SKU0121,92,297,21.0,21
2024-07-15,SKU0121,51,0,21.0,21
2024-07-22,SKU0121,33,0,21.0,21
2024-07-29,SKU0121,78,260,21.0,21
2024-08-05,SKU0121,29,0,21.0,21
2024-08-12,SKU0121,62,207,21.0,21
2024-08-19,SKU0121,87,293,21.0,21
2024-08-26,SKU0121,49,131,21.0,21
2024-09-02,SKU0121,49,164,21.0,21
2024-09-09,SKU0121,39,0,21.0,21
2024-09-16,SKU0121,87,265,21.0,21
2024-09-23,SKU0121,52,0,,21
2024-09-30,SKU0121,47,115,21.0,21
2024-10-07,SKU0121,48,161,21.0,21
2024-10-14,SKU0121,87,291,21.0,21
2024-10-21,SKU0121,65,217,21.0,21
2024-10-28,SKU0121,70,234,21.0,21
2024-11-04,SKU0121,65,219,21.0,21
2024-11-11,SKU0121,46,0,21.0,21
2024-11-18,SKU0121,71,238,21.0,21
2024-11-25,SKU0121,52,0,21.0,21
2024-12-02,SKU0121,42,140,21.0,21
2024-12-09,SKU0121,57,161,21.0,21
2024-12-16,SKU0121,80,247,21.0,21
2024-12-23,SKU0121,63,0,21.0,21
2024-12-30,SKU0121,92,246,21.0,21
2025-01-06,SKU0121,62,0,21.0,21
2025-01-13,SKU0121,64,213,21.0,21
2025-01-20,SKU0121,47,0,21.0,21
2025-01-27,SKU0121,22,0,21.0,21
2025-02-03,SKU0121,49,165,21.0,21
2025-02-10,SKU0121,81,272,21.0,21
2025-02-17,SKU0121,43,0,21.0,21
2025-02-24,SKU0121,59,198,21.0,21
2025-03-03,SKU0121,51,171,21.0,21
2025-03-10,SKU0121,76,255,21.0,21
2025-03-17,SKU0121,66,220,21.0,21
2025-03-24,SKU0121,41,0,21.0,21
2025-03-31,SKU0121,46,156,21.0,21
2025-04-07,SKU0121,50,169,21.0,21
2025-04-14,SKU0121,60,201,21.0,21
2025-04-21,SKU0121,41,137,21.0,21
2025-04-28,SKU0121,51,173,21.0,21
2025-05-05,SKU0121,34,114,21.0,21
2025-05-12,SKU0121,58,196,21.0,21
2025-05-19,SKU0121,47,0,21.0,21
2025-05-26,SKU0121,45,153,21.0,21
2025-06-02,SKU0121,38,129,21.0,21
2025-06-09,SKU0121,41,139,21.0,21
2025-06-16,SKU0121,70,234,21.0,21
2025-06-23,SKU0121,43,141,21.0,21
2025-06-30,SKU0121,67,225,21.0,21
2025-07-07,SKU0121,80,241,21.0,21
2025-07-14,SKU0121,41,137,21.0,21
2025-07-21,SKU0121,77,258,21.0,21
2025-07-28,SKU0121,55,0,21.0,21
2025-08-04,SKU0121,80,232,21.0,21
2025-08-11,SKU0121,74,248,21.0,21
2025-08-18,SKU0121,48,116,21.0,21
2025-08-25,SKU0121,59,195,21.0,21
2025-09-01,SKU0121,38,127,21.0,21
2025-09-08,SKU0121,84,283,21.0,21
2025-09-15,SKU0121,69,230,21.0,21
2025-09-22,SKU0121,94,290,21.0,21
2025-09-29,SKU0121,54,0,21.0,21
2025-10-06,SKU0121,88,244,21.0,21
2025-10-13,SKU0121,53,0,21.0,21
2025-10-20,SKU0121,62,209,21.0,21
2025-10-27,SKU0121,31,0,21.0,21
2025-11-03,SKU0121,56,178,21.0,21
2025-11-10,SKU0121,80,269,21.0,21
2025-11-17,SKU0121,34,110,21.0,21
2025-11-24,SKU0121,79,264,21.0,21
2025-12-01,SKU0121,48,160,21.0,21
2025-12-08,SKU0121,65,218,21.0,21
2025-12-15,SKU0121,61,200,21.0,21
2025-12-22,SKU0121,35,118,21.0,21
2025-12-29,SKU0121,87,290,21.0,21
2024-06-03,SKU0122,126,0,30.0,39
2024-06-10,SKU0122,99,0,30.0,39
2024-06-17,SKU0122,43,120,30.0,39
2024-06-24,SKU0122,67,226,30.0,39
2024-07-01,SKU0122,41,0,30.0,39
2024-07-08,SKU0122,82,275,30.0,39
2024-07-15,SKU0122,39,0,30.0,39
2024-07-22,SKU0122,77,259,30.0,39
2024-07-29,SKU0122,74,248,30.0,39
2024-08-05,SKU0122,90,233,30.0,39
2024-08-12,SKU0122,78,143,30.0,39
2024-08-19,SKU0122,94,277,30.0,39
2024-08-26,SKU0122,62,0,30.0,39
2024-09-02,SKU0122,62,193,30.0,39
2024-09-09,SKU0122,53,179,30.0,39
2024-09-16,SKU0122,54,182,,39
2024-09-23,SKU0122,71,239,30.0,39
2024-09-30,SKU0122,48,0,30.0,39
2024-10-07,SKU0122,52,175,30.0,39
2024-10-14,SKU0122,46,104,30.0,39
2024-10-21,SKU0122,65,172,30.0,39
2024-10-28,SKU0122,55,0,30.0,39
2024-11-04,SKU0122,55,184,30.0,39
2024-11-11,SKU0122,65,217,30.0,39
2024-11-18,SKU0122,52,104,30.0,39
2024-11-25,SKU0122,126,299,30.0,39
2024-12-02,SKU0122,113,0,30.0,39
2024-12-09,SKU0122,79,0,30.0,39
2024-12-16,SKU0122,42,142,30.0,39
2024-12-23,SKU0122,38,129,30.0,39
2024-12-30,SKU0122,75,251,30.0,39
2025-01-06,SKU0122,51,0,30.0,39
2025-01-13,SKU0122,50,168,30.0,39
2025-01-20,SKU0122,66,221,30.0,39
2025-01-27,SKU0122,60,140,30.0,39
2025-02-03,SKU0122,96,199,30.0,39
2025-02-10,SKU0122,54,170,30.0,39
2025-02-17,SKU0122,40,134,30.0,39
2025-02-24,SKU0122,67,124,30.0,39
2025-03-03,SKU0122,43,0,30.0,39
2025-03-10,SKU0122,50,167,30.0,39
2025-03-17,SKU0122,44,148,30.0,39
2025-03-24,SKU0122,85,203,30.0,39
2025-03-31,SKU0122,75,212,30.0,39
2025-04-07,SKU0122,83,189,30.0,39
2025-04-14,SKU0122,73,0,30.0,39
2025-04-21,SKU0122,98,256,30.0,39
2025-04-28,SKU0122,112,279,30.0,39
2025-05-05,SKU0122,106,285,30.0,39
2025-05-12,SKU0122,77,0,30.0,39
2025-05-19,SKU0122,102,251,30.0,39
2025-05-26,SKU0122,44,0,30.0,39
2025-06-02,SKU0122,52,149,30.0,39
2025-06-09,SKU0122,37,124,30.0,39
2025-06-16,SKU0122,80,268,30.0,39
2025-06-23,SKU0122,42,140,30.0,39
2025-06-30,SKU0122,67,224,30.0,39
2025-07-07,SKU0122,121,289,30.0,39
2025-07-14,SKU0122,50,0,30.0,39
2025-07-21,SKU0122,79,157,30.0,39
2025-07-28,SKU0122,52,0,30.0,39
2025-08-04,SKU0122,36,123,,39
2025-08-11,SKU0122,89,299,30.0,39
2025-08-18,SKU0122,61,0,30.0,39
2025-08-25,SKU0122,42,142,30.0,39
2025-09-01,SKU0122,46,156,30.0,39
2025-09-08,SKU0122,65,219,30.0,39
2025-09-15,SKU0122,51,172,30.0,39
2025-09-22,SKU0122,54,152,30.0,39
2025-09-29,SKU0122,64,169,30.0,39
2025-10-06,SKU0122,47,159,30.0,39
2025-10-13,SKU0122,84,281,30.0,39
2025-10-20,SKU0122,92,259,30.0,39
2025-10-27,SKU0122,64,0,30.0,39
2025-11-03,SKU0122,54,0,30.0,39
2025-11-10,SKU0122,41,0,30.0,39
2025-11-17,SKU0122,60,183,30.0,39
2025-11-24,SKU0122,89,192,30.0,39
2025-12-01,SKU0122,64,0,30.0,39
2025-12-08,SKU0122,112,252,30.0,39
2025-12-15,SKU0122,49,0,30.0,39
2025-12-22,SKU0122,71,239,30.0,39
2025-12-29,SKU0122,112,289,30.0,39
2024-10-28,SKU0123,181,0,14.0,122
2024-11-04,SKU0123,168,0,14.0,122
2024-11-11,SKU0123,145,0,14.0,122
2024-11-18,SKU0123,147,161,14.0,122
2024-11-25,SKU0123,127,0,14.0,122
2024-12-02,SKU0123,128,109,14.0,122
2024-12-09,SKU0123,117,190,14.0,122
2024-12-16,SKU0123,120,113,14.0,122
2024-12-23,SKU0123,115,210,14.0,122
2024-12-30,SKU0123,158,207,14.0,122
2025-01-06,SKU0123,181,239,14.0,122
2025-01-13,SKU0123,154,0,14.0,122
2025-01-20,SKU0123,138,0,14.0,122
2025-01-27,SKU0123,159,224,14.0,122
2025-02-03,SKU0123,132,0,14.0,122
2025-02-10,SKU0123,180,294,14.0,122
2025-02-17,SKU0123,140,0,14.0,122
2025-02-24,SKU0123,128,0,14.0,122
2025-03-03,SKU0123,173,271,14.0,122
2025-03-10,SKU0123,168,185,14.0,122
2025-03-17,SKU0123,158,0,14.0,122
2025-03-24,SKU0123,182,205,14.0,122
2025-03-31,SKU0123,134,0,14.0,122
2025-04-07,SKU0123,147,206,14.0,122
2025-04-14,SKU0123,170,244,14.0,122
2025-04-21,SKU0123,137,164,14.0,122
2025-04-28,SKU0123,114,141,14.0,122
2025-05-05,SKU0123,54,106,14.0,122
2025-05-12,SKU0123,89,297,14.0,122
2025-05-19,SKU0123,88,296,14.0,122
2025-05-26,SKU0123,141,228,14.0,122
2025-06-02,SKU0123,140,106,14.0,122
2025-06-09,SKU0123,151,249,14.0,122
2025-06-16,SKU0123,196,297,14.0,122
2025-06-23,SKU0123,157,0,14.0,122
2025-06-30,SKU0123,183,273,14.0,122
2025-07-07,SKU0123,137,0,14.0,122
2025-07-14,SKU0123,165,278,14.0,122
2025-07-21,SKU0123,151,0,14.0,122
2025-07-28,SKU0123,122,174,14.0,122
2025-08-04,SKU0123,108,229,14.0,122
2025-08-11,SKU0123,110,199,14.0,122
2025-08-18,SKU0123,102,241,14.0,122
2025-08-25,SKU0123,116,274,14.0,122
2025-09-01,SKU0123,167,239,14.0,122
2025-09-08,SKU0123,189,299,14.0,122
2025-09-15,SKU0123,128,0,14.0,122
2025-09-22,SKU0123,148,292,14.0,122
2025-09-29,SKU0123,171,186,14.0,122
2025-10-06,SKU0123,125,146,14.0,122
2025-10-13,SKU0123,110,175,14.0,122
2025-10-20,SKU0123,144,157,14.0,122
2025-10-27,SKU0123,144,181,14.0,122
2025-11-03,SKU0123,127,0,14.0,122
2025-11-10,SKU0123,126,198,14.0,122
2025-11-17,SKU0123,114,201,14.0,122
2025-11-24,SKU0123,124,167,14.0,122
2025-12-01,SKU0123,143,138,14.0,122
2025-12-08,SKU0123,128,0,14.0,122
2025-12-15,SKU0123,127,109,14.0,122
2025-12-22,SKU0123,185,266,14.0,122
2025-12-29,SKU0123,131,0,14.0,122
2024-06-03,SKU0124,116,0,30.0,29
2024-06-10,SKU0124,95,0,30.0,29
2024-06-17,SKU0124,86,209,30.0,29
2024-06-24,SKU0124,100,293,30.0,29
2024-07-01,SKU0124,78,0,30.0,29
2024-07-08,SKU0124,105,275,30.0,29
2024-07-15,SKU0124,80,0,30.0,29
2024-07-22,SKU0124,39,0,30.0,29
2024-07-29,SKU0124,45,151,30.0,29
2024-08-05,SKU0124,70,225,30.0,29
2024-08-12,SKU0124,29,0,30.0,29
2024-08-19,SKU0124,85,285,30.0,29
2024-08-26,SKU0124,58,0,30.0,29
2024-09-02,SKU0124,60,203,30.0,29
2024-09-09,SKU0124,41,124,30.0,29
2024-09-16,SKU0124,83,262,30.0,29
2024-09-23,SKU0124,45,0,30.0,29
2024-09-30,SKU0124,36,123,30.0,29
2024-10-07,SKU0124,100,266,30.0,29
2024-10-14,SKU0124,34,0,30.0,29
2024-10-21,SKU0124,67,224,30.0,29
2024-10-28,SKU0124,38,0,30.0,29
2024-11-04,SKU0124,57,192,30.0,29
2024-11-11,SKU0124,44,149,30.0,29
2024-11-18,SKU0124,33,0,30.0,29
2024-11-25,SKU0124,36,105,30.0,29
2024-12-02,SKU0124,76,174,30.0,29
2024-12-09,SKU0124,82,231,30.0,29
2024-12-16,SKU0124,104,253,30.0,29
2024-12-23,SKU0124,57,0,30.0,29
2024-12-30,SKU0124,79,192,30.0,29
2025-01-06,SKU0124,97,284,30.0,29
2025-01-13,SKU0124,31,0,30.0,29
2025-01-20,SKU0124,45,150,30.0,29
2025-01-27,SKU0124,51,171,30.0,29
2025-02-03,SKU0124,30,101,30.0,29
2025-02-10,SKU0124,37,126,30.0,29
2025-02-17,SKU0124,74,249,30.0,29
2025-02-24,SKU0124,73,245,30.0,29
2025-03-03,SKU0124,56,187,30.0,29
2025-03-10,SKU0124,85,284,30.0,29
2025-03-17,SKU0124,68,0,30.0,29
2025-03-24,SKU0124,62,116,30.0,29
2025-03-31,SKU0124,54,136,30.0,29
2025-04-07,SKU0124,33,0,30.0,29
2025-04-14,SKU0124,43,146,30.0,29
2025-04-21,SKU0124,54,155,30.0,29
2025-04-28,SKU0124,59,197,30.0,29
2025-05-05,SKU0124,35,119,30.0,29
2025-05-12,SKU0124,57,193,30.0,29
2025-05-19,SKU0124,82,276,30.0,29
2025-05-26,SKU0124,60,203,30.0,29
2025-06-02,SKU0124,38,0,30.0,29
2025-06-09,SKU0124,62,208,30.0,29
2025-06-16,SKU0124,97,280,30.0,29
2025-06-23,SKU0124,52,175,30.0,29
2025-06-30,SKU0124,47,158,30.0,29
2025-07-07,SKU0124,56,188,30.0,29
2025-07-14,SKU0124,58,195,30.0,29
2025-07-21,SKU0124,52,170,30.0,29
2025-07-28,SKU0124,56,189,30.0,29
2025-08-04,SKU0124,51,132,30.0,29
2025-08-11,SKU0124,84,281,30.0,29
2025-08-18,SKU0124,45,151,30.0,29
2025-08-25,SKU0124,79,265,30.0,29
2025-09-01,SKU0124,60,201,30.0,29
2025-09-08,SKU0124,49,164,30.0,29
2025-09-15,SKU0124,53,177,30.0,29
2025-09-22,SKU0124,54,181,30.0,29
2025-09-29,SKU0124,49,117,30.0,29
2025-10-06,SKU0124,89,298,30.0,29
2025-10-13,SKU0124,60,0,30.0,29
2025-10-20,SKU0124,39,130,30.0,29
2025-10-27,SKU0124,88,295,30.0,29
2025-11-03,SKU0124,65,0,30.0,29
2025-11-10,SKU0124,70,221,30.0,29
2025-11-17,SKU0124,33,0,30.0,29
2025-11-24,SKU0124,50,169,30.0,29
2025-12-01,SKU0124,74,206,30.0,29
2025-12-08,SKU0124,51,0,30.0,29
2025-12-15,SKU0124,71,237,30.0,29
2025-12-22,SKU0124,37,125,30.0,29
2025-12-29,SKU0124,41,138,30.0,29
2024-01-01,SKU0125,250,0,14.0,50
2024-01-08,SKU0125,157,0,14.0,50
2024-01-15,SKU0125,112,0,14.0,50
2024-01-22,SKU0125,85,0,14.0,50
2024-01-29,SKU0125,30,102,14.0,50
2024-02-05,SKU0125,54,182,14.0,50
2024-02-12,SKU0125,43,146,14.0,50
2024-02-19,SKU0125,47,158,14.0,50
2024-02-26,SKU0125,51,170,14.0,50
2024-03-04,SKU0125,100,203,14.0,50
2024-03-11,SKU0125,70,110,14.0,50
2024-03-18,SKU0125,99,238,14.0,50
2024-03-25,SKU0125,89,0,14.0,50
2024-04-01,SKU0125,76,101,14.0,50
2024-04-08,SKU0125,46,156,14.0,50
2024-04-15,SKU0125,70,235,14.0,50
2024-04-22,SKU0125,96,185,14.0,50
2024-04-29,SKU0125,133,288,14.0,50
2024-05-06,SKU0125,110,0,14.0,50
2024-05-13,SKU0125,72,0,14.0,50
2024-05-20,SKU0125,98,261,14.0,50
2024-05-27,SKU0125,76,159,14.0,50
2024-06-03,SKU0125,117,229,14.0,50
2024-06-10,SKU0125,92,0,14.0,50
2024-06-17,SKU0125,85,130,14.0,50
2024-06-24,SKU0125,54,0,14.0,50
2024-07-01,SKU0125,82,241,14.0,50
2024-07-08,SKU0125,75,172,14.0,50
2024-07-15,SKU0125,87,269,14.0,50
2024-07-22,SKU0125,115,249,14.0,50
2024-07-29,SKU0125,88,0,14.0,50
2024-08-05,SKU0125,101,217,14.0,50
2024-08-12,SKU0125,90,0,14.0,50
2024-08-19,SKU0125,57,0,14.0,50
2024-08-26,SKU0125,91,232,14.0,50
2024-09-02,SKU0125,80,245,14.0,50
2024-09-09,SKU0125,60,0,14.0,50
2024-09-16,SKU0125,63,211,14.0,50
2024-09-23,SKU0125,89,297,14.0,50
2024-09-30,SKU0125,38,102,14.0,50
2024-10-07,SKU0125,31,104,14.0,50
2024-10-14,SKU0125,38,128,14.0,50
2024-10-21,SKU0125,43,144,14.0,50
2024-10-28,SKU0125,85,177,14.0,50
2024-11-04,SKU0125,66,221,14.0,50
2024-11-11,SKU0125,57,193,14.0,50
2024-11-18,SKU0125,63,210,14.0,50
2024-11-25,SKU0125,81,153,14.0,50
2024-12-02,SKU0125,65,181,14.0,50
2024-12-09,SKU0125,40,135,14.0,50
2024-12-16,SKU0125,52,153,14.0,50
2024-12-23,SKU0125,71,239,14.0,50
2024-12-30,SKU0125,116,297,14.0,50
2025-01-06,SKU0125,81,0,14.0,50
2025-01-13,SKU0125,81,228,14.0,50
2025-01-20,SKU0125,82,274,14.0,50
2025-01-27,SKU0125,115,269,14.0,50
2025-02-03,SKU0125,45,100,14.0,50
2025-02-10,SKU0125,45,152,14.0,50
2025-02-17,SKU0125,75,208,14.0,50
2025-02-24,SKU0125,116,269,14.0,50
2025-03-03,SKU0125,115,239,14.0,50
2025-03-10,SKU0125,62,0,14.0,50
2025-03-17,SKU0125,89,196,14.0,50
2025-03-24,SKU0125,87,204,14.0,50
2025-03-31,SKU0125,113,273,14.0,50
2025-04-07,SKU0125,67,0,14.0,50
2025-04-14,SKU0125,55,0,14.0,50
2025-04-21,SKU0125,49,166,14.0,50
2025-04-28,SKU0125,71,239,14.0,50
2025-05-05,SKU0125,97,190,14.0,50
2025-05-12,SKU0125,93,235,14.0,50
2025-05-19,SKU0125,77,0,14.0,50
2025-05-26,SKU0125,87,220,14.0,50
2025-06-02,SKU0125,94,239,14.0,50
2025-06-09,SKU0125,63,0,14.0,50
2025-06-16,SKU0125,100,205,14.0,50
2025-06-23,SKU0125,70,162,14.0,50
2025-06-30,SKU0125,100,298,14.0,50
2025-07-07,SKU0125,90,0,14.0,50
2025-07-14,SKU0125,41,137,14.0,50
2025-07-21,SKU0125,90,213,14.0,50
2025-07-28,SKU0125,54,0,14.0,50
2025-08-04,SKU0125,95,207,14.0,50
2025-08-11,SKU0125,67,100,14.0,50
2025-08-18,SKU0125,72,193,,50
2025-08-25,SKU0125,52,153,14.0,50
2025-09-01,SKU0125,92,208,14.0,50
2025-09-08,SKU0125,55,148,14.0,50
2025-09-15,SKU0125,35,119,14.0,50
2025-09-22,SKU0125,54,120,14.0,50
2025-09-29,SKU0125,69,119,14.0,50
2025-10-06,SKU0125,85,284,14.0,50
2025-10-13,SKU0125,74,0,14.0,50
2025-10-20,SKU0125,103,245,14.0,50
2025-10-27,SKU0125,88,0,14.0,50
2025-11-03,SKU0125,59,199,14.0,50
2025-11-10,SKU0125,87,274,14.0,50
2025-11-17,SKU0125,56,0,14.0,50
2025-11-24,SKU0125,65,219,14.0,50
2025-12-01,SKU0125,55,0,14.0,50
2025-12-08,SKU0125,42,141,14.0,50
2025-12-15,SKU0125,56,188,14.0,50
2025-12-22,SKU0125,83,205,14.0,50
2025-12-29,SKU0125,66,0,14.0,50
2024-03-04,SKU0126,186,0,14.0,70
2024-03-11,SKU0126,118,0,14.0,70
2024-03-18,SKU0126,81,178,14.0,70
2024-03-25,SKU0126,89,209,14.0,70
2024-04-01,SKU0126,41,138,14.0,70
2024-04-08,SKU0126,70,236,14.0,70
2024-04-15,SKU0126,102,142,14.0,70
2024-04-22,SKU0126,86,0,14.0,70
2024-04-29,SKU0126,69,193,14.0,70
2024-05-06,SKU0126,101,210,14.0,70
2024-05-13,SKU0126,100,122,14.0,70
2024-05-20,SKU0126,95,159,14.0,70
2024-05-27,SKU0126,67,225,14.0,70
2024-06-03,SKU0126,83,278,14.0,70
2024-06-10,SKU0126,35,117,14.0,70
2024-06-17,SKU0126,50,168,14.0,70
2024-06-24,SKU0126,72,204,14.0,70
2024-07-01,SKU0126,40,134,14.0,70
2024-07-08,SKU0126,47,158,14.0,70
2024-07-15,SKU0126,101,260,14.0,70
2024-07-22,SKU0126,138,259,14.0,70
2024-07-29,SKU0126,118,181,14.0,70
2024-08-05,SKU0126,106,0,14.0,70
2024-08-12,SKU0126,42,103,14.0,70
2024-08-19,SKU0126,71,237,14.0,70
2024-08-26,SKU0126,75,252,14.0,70
2024-09-02,SKU0126,81,271,14.0,70
2024-09-09,SKU0126,98,114,14.0,70
2024-09-16,SKU0126,114,226,,70
2024-09-23,SKU0126,87,0,14.0,70
2024-09-30,SKU0126,53,179,14.0,70
2024-10-07,SKU0126,75,187,14.0,70
2024-10-14,SKU0126,112,285,14.0,70
2024-10-21,SKU0126,83,0,14.0,70
2024-10-28,SKU0126,81,106,14.0,70
2024-11-04,SKU0126,105,178,14.0,70
2024-11-11,SKU0126,85,211,14.0,70
2024-11-18,SKU0126,136,256,14.0,70
2024-11-25,SKU0126,80,0,14.0,70
2024-12-02,SKU0126,99,285,14.0,70
2024-12-09,SKU0126,135,272,14.0,70
2024-12-16,SKU0126,110,0,14.0,70
2024-12-23,SKU0126,92,167,14.0,70
2024-12-30,SKU0126,114,243,14.0,70
2025-01-06,SKU0126,97,0,14.0,70
2025-01-13,SKU0126,77,115,14.0,70
2025-01-20,SKU0126,78,257,14.0,70
2025-01-27,SKU0126,52,173,14.0,70
2025-02-03,SKU0126,71,229,14.0,70
2025-02-10,SKU0126,42,140,14.0,70
2025-02-17,SKU0126,49,164,14.0,70
2025-02-24,SKU0126,88,296,14.0,70
2025-03-03,SKU0126,46,126,14.0,70
2025-03-10,SKU0126,64,216,14.0,70
2025-03-17,SKU0126,61,204,14.0,70
2025-03-24,SKU0126,100,209,14.0,70
2025-03-31,SKU0126,90,0,14.0,70
2025-04-07,SKU0126,126,261,14.0,70
2025-04-14,SKU0126,112,0,14.0,70
2025-04-21,SKU0126,133,271,14.0,70
2025-04-28,SKU0126,80,0,14.0,70
2025-05-05,SKU0126,63,147,14.0,70
2025-05-12,SKU0126,66,124,14.0,70
2025-05-19,SKU0126,110,210,,70
2025-05-26,SKU0126,149,293,14.0,70
2025-06-02,SKU0126,71,0,14.0,70
2025-06-09,SKU0126,41,138,14.0,70
2025-06-16,SKU0126,52,174,14.0,70
2025-06-23,SKU0126,81,156,14.0,70
2025-06-30,SKU0126,114,199,14.0,70
2025-07-07,SKU0126,88,238,14.0,70
2025-07-14,SKU0126,136,248,14.0,70
2025-07-21,SKU0126,94,0,14.0,70
2025-07-28,SKU0126,37,105,14.0,70
2025-08-04,SKU0126,37,124,14.0,70
2025-08-11,SKU0126,81,270,14.0,70
2025-08-18,SKU0126,94,287,14.0,70
2025-08-25,SKU0126,90,261,14.0,70
2025-09-01,SKU0126,96,202,14.0,70
2025-09-08,SKU0126,82,210,14.0,70
2025-09-15,SKU0126,81,229,14.0,70
2025-09-22,SKU0126,128,217,14.0,70
2025-09-29,SKU0126,116,0,14.0,70
2025-10-06,SKU0126,93,0,14.0,70
2025-10-13,SKU0126,104,267,14.0,70
2025-10-20,SKU0126,119,213,14.0,70
2025-10-27,SKU0126,99,0,14.0,70
2025-11-03,SKU0126,99,153,,70
2025-11-10,SKU0126,111,296,14.0,70
2025-11-17,SKU0126,70,157,14.0,70
2025-11-24,SKU0126,124,220,14.0,70
2025-12-01,SKU0126,99,129,14.0,70
2025-12-08,SKU0126,60,127,14.0,70
2025-12-15,SKU0126,122,275,14.0,70
2025-12-22,SKU0126,76,0,14.0,70
2025-12-29,SKU0126,92,158,14.0,70
2024-01-01,SKU0127,314,0,14.0,132
2024-01-08,SKU0127,289,0,14.0,132
2024-01-15,SKU0127,260,0,14.0,132
2024-01-22,SKU0127,203,0,,132
2024-01-29,SKU0127,134,0,14.0,132
2024-02-05,SKU0127,162,282,14.0,132
2024-02-12,SKU0127,175,281,14.0,132
2024-02-19,SKU0127,150,176,14.0,132
2024-02-26,SKU0127,112,134,14.0,132
2024-03-04,SKU0127,56,140,14.0,132
2024-03-11,SKU0127,101,278,14.0,132
2024-03-18,SKU0127,143,174,14.0,132
2024-03-25,SKU0127,190,209,14.0,132
2024-04-01,SKU0127,171,0,14.0,132
2024-04-08,SKU0127,156,0,14.0,132
2024-04-15,SKU0127,190,295,14.0,132
2024-04-22,SKU0127,175,0,14.0,132
2024-04-29,SKU0127,166,229,14.0,132
2024-05-06,SKU0127,201,284,14.0,132
2024-05-13,SKU0127,186,0,14.0,132
2024-05-20,SKU0127,176,0,14.0,132
2024-05-27,SKU0127,161,0,14.0,132
2024-06-03,SKU0127,135,0,14.0,132
2024-06-10,SKU0127,144,193,14.0,132
2024-06-17,SKU0127,153,101,14.0,132
2024-06-24,SKU0127,137,167,14.0,132
2024-07-01,SKU0127,115,227,14.0,132
2024-07-08,SKU0127,129,141,14.0,132
2024-07-15,SKU0127,183,228,14.0,132
2024-07-22,SKU0127,136,0,14.0,132
2024-07-29,SKU0127,200,286,14.0,132
2024-08-05,SKU0127,207,272,14.0,132
2024-08-12,SKU0127,163,105,14.0,132
2024-08-19,SKU0127,139,243,14.0,132
2024-08-26,SKU0127,111,142,14.0,132
2024-09-02,SKU0127,112,291,14.0,132
2024-09-09,SKU0127,105,156,14.0,132
2024-09-16,SKU0127,125,188,14.0,132
2024-09-23,SKU0127,147,156,14.0,132
2024-09-30,SKU0127,149,179,14.0,132
2024-10-07,SKU0127,153,120,14.0,132
2024-10-14,SKU0127,183,232,14.0,132
2024-10-21,SKU0127,214,299,14.0,132
2024-10-28,SKU0127,159,0,14.0,132
2024-11-04,SKU0127,142,0,14.0,132
2024-11-11,SKU0127,122,142,14.0,132
2024-11-18,SKU0127,133,206,14.0,132
2024-11-25,SKU0127,99,102,14.0,132
2024-12-02,SKU0127,118,278,14.0,132
2024-12-09,SKU0127,144,231,14.0,132
2024-12-16,SKU0127,201,251,14.0,132
2024-12-23,SKU0127,168,0,14.0,132
2024-12-30,SKU0127,157,0,14.0,132
2025-01-06,SKU0127,156,272,14.0,132
2025-01-13,SKU0127,130,186,14.0,132
2025-01-20,SKU0127,118,109,,132
2025-01-27,SKU0127,135,194,14.0,132
2025-02-03,SKU0127,119,240,14.0,132
2025-02-10,SKU0127,181,296,14.0,132
2025-02-17,SKU0127,145,148,14.0,132
2025-02-24,SKU0127,143,115,14.0,132
2025-03-03,SKU0127,197,281,14.0,132
2025-03-10,SKU0127,155,0,14.0,132
2025-03-17,SKU0127,156,145,14.0,132
2025-03-24,SKU0127,115,160,14.0,132
2025-03-31,SKU0127,109,130,14.0,132
2025-04-07,SKU0127,109,239,14.0,132
2025-04-14,SKU0127,95,233,14.0,132
2025-04-21,SKU0127,115,274,14.0,132
2025-04-28,SKU0127,109,111,14.0,132
2025-05-05,SKU0127,118,128,14.0,132
2025-05-12,SKU0127,140,188,14.0,132
2025-05-19,SKU0127,147,263,14.0,132
2025-05-26,SKU0127,160,137,14.0,132
2025-06-02,SKU0127,145,0,14.0,132
2025-06-09,SKU0127,195,213,14.0,132
2025-06-16,SKU0127,181,190,14.0,132
2025-06-23,SKU0127,166,174,14.0,132
2025-06-30,SKU0127,179,173,14.0,132
2025-07-07,SKU0127,172,258,14.0,132
2025-07-14,SKU0127,148,0,14.0,132
2025-07-21,SKU0127,213,298,14.0,132
2025-07-28,SKU0127,154,117,14.0,132
2025-08-04,SKU0127,173,266,14.0,132
2025-08-11,SKU0127,191,248,14.0,132
2025-08-18,SKU0127,169,0,14.0,132
2025-08-25,SKU0127,140,0,14.0,132
2025-09-01,SKU0127,84,107,14.0,132
2025-09-08,SKU0127,74,108,14.0,132
2025-09-15,SKU0127,84,280,14.0,132
2025-09-22,SKU0127,31,104,,132
2025-09-29,SKU0127,89,295,14.0,132
2025-10-06,SKU0127,151,268,14.0,132
2025-10-13,SKU0127,191,197,14.0,132
2025-10-20,SKU0127,140,0,14.0,132
2025-10-27,SKU0127,186,289,14.0,132
2025-11-03,SKU0127,145,0,14.0,132
2025-11-10,SKU0127,176,175,14.0,132
2025-11-17,SKU0127,165,247,14.0,132
2025-11-24,SKU0127,123,135,14.0,132
2025-12-01,SKU0127,158,253,14.0,132
2025-12-08,SKU0127,155,234,14.0,132
2025-12-15,SKU0127,105,111,14.0,132
2025-12-22,SKU0127,98,218,14.0,132
2025-12-29,SKU0127,72,192,14.0,132
2024-06-03,SKU0128,194,0,7.0,96
2024-06-10,SKU0128,146,0,7.0,96
2024-06-17,SKU0128,111,0,7.0,96
2024-06-24,SKU0128,98,0,7.0,96
2024-07-01,SKU0128,100,253,7.0,96
2024-07-08,SKU0128,126,157,7.0,96
2024-07-15,SKU0128,100,0,7.0,96
2024-07-22,SKU0128,73,172,7.0,96
2024-07-29,SKU0128,56,188,7.0,96
2024-08-05,SKU0128,34,116,7.0,96
2024-08-12,SKU0128,30,102,7.0,96
2024-08-19,SKU0128,46,156,7.0,96
2024-08-26,SKU0128,63,198,7.0,96
2024-09-02,SKU0128,51,150,7.0,96
2024-09-09,SKU0128,68,170,7.0,96
2024-09-16,SKU0128,91,125,7.0,96
2024-09-23,SKU0128,118,165,7.0,96
2024-09-30,SKU0128,109,128,7.0,96
2024-10-07,SKU0128,132,262,7.0,96
2024-10-14,SKU0128,168,281,7.0,96
2024-10-21,SKU0128,131,0,7.0,96
2024-10-28,SKU0128,158,211,7.0,96
2024-11-04,SKU0128,137,212,7.0,96
2024-11-11,SKU0128,112,136,7.0,96
2024-11-18,SKU0128,150,191,7.0,96
2024-11-25,SKU0128,119,185,7.0,96
2024-12-02,SKU0128,120,214,7.0,96
2024-12-09,SKU0128,141,162,7.0,96
2024-12-16,SKU0128,119,0,7.0,96
2024-12-23,SKU0128,99,243,7.0,96
2024-12-30,SKU0128,38,101,7.0,96
2025-01-06,SKU0128,61,137,7.0,96
2025-01-13,SKU0128,57,190,7.0,96
2025-01-20,SKU0128,67,225,7.0,96
2025-01-27,SKU0128,63,150,7.0,96
2025-02-03,SKU0128,84,130,7.0,96
2025-02-10,SKU0128,50,110,7.0,96
2025-02-17,SKU0128,107,232,7.0,96
2025-02-24,SKU0128,100,296,7.0,96
2025-03-03,SKU0128,121,131,7.0,96
2025-03-10,SKU0128,98,120,7.0,96
2025-03-17,SKU0128,93,124,7.0,96
2025-03-24,SKU0128,89,204,7.0,96
2025-03-31,SKU0128,76,124,7.0,96
2025-04-07,SKU0128,90,213,7.0,96
2025-04-14,SKU0128,55,100,7.0,96
2025-04-21,SKU0128,35,118,7.0,96
2025-04-28,SKU0128,46,154,7.0,96
2025-05-05,SKU0128,100,254,7.0,96
2025-05-12,SKU0128,42,105,7.0,96
2025-05-19,SKU0128,83,277,7.0,96
2025-05-26,SKU0128,56,161,7.0,96
2025-06-02,SKU0128,94,185,7.0,96
2025-06-09,SKU0128,75,240,7.0,96
2025-06-16,SKU0128,97,180,7.0,96
2025-06-23,SKU0128,123,180,7.0,96
2025-06-30,SKU0128,70,104,7.0,96
2025-07-07,SKU0128,95,240,7.0,96
2025-07-14,SKU0128,87,227,7.0,96
2025-07-21,SKU0128,63,104,7.0,96
2025-07-28,SKU0128,31,104,7.0,96
2025-08-04,SKU0128,62,208,7.0,96
2025-08-11,SKU0128,43,146,7.0,96
2025-08-18,SKU0128,68,160,7.0,96
2025-08-25,SKU0128,66,222,7.0,96
2025-09-01,SKU0128,43,144,7.0,96
2025-09-08,SKU0128,38,113,7.0,96
2025-09-15,SKU0128,44,110,7.0,96
2025-09-22,SKU0128,95,295,7.0,96
2025-09-29,SKU0128,128,293,7.0,96
2025-10-06,SKU0128,141,166,7.0,96
2025-10-13,SKU0128,124,104,7.0,96
2025-10-20,SKU0128,65,135,7.0,96
2025-10-27,SKU0128,111,233,7.0,96
2025-11-03,SKU0128,123,180,7.0,96
2025-11-10,SKU0128,135,169,7.0,96
2025-11-17,SKU0128,120,0,7.0,96
2025-11-24,SKU0128,110,0,7.0,96
2025-12-01,SKU0128,90,109,7.0,96
2025-12-08,SKU0128,133,213,7.0,96
2025-12-15,SKU0128,110,0,7.0,96
2025-12-22,SKU0128,89,235,7.0,96
2025-12-29,SKU0128,49,164,7.0,96
2024-01-01,SKU0129,151,0,14.0,136
2024-01-08,SKU0129,131,142,14.0,136
2024-01-15,SKU0129,124,142,14.0,136
2024-01-22,SKU0129,124,114,14.0,136
2024-01-29,SKU0129,126,178,14.0,136
2024-02-05,SKU0129,169,244,14.0,136
2024-02-12,SKU0129,110,117,14.0,136
2024-02-19,SKU0129,98,213,14.0,136
2024-02-26,SKU0129,104,165,14.0,136
2024-03-04,SKU0129,171,273,14.0,136
2024-03-11,SKU0129,177,224,14.0,136
2024-03-18,SKU0129,178,267,14.0,136
2024-03-25,SKU0129,136,0,14.0,136
2024-04-01,SKU0129,170,216,14.0,136
2024-04-08,SKU0129,148,234,14.0,136
2024-04-15,SKU0129,154,254,14.0,136
2024-04-22,SKU0129,192,230,14.0,136
2024-04-29,SKU0129,141,0,14.0,136
2024-05-06,SKU0129,104,176,14.0,136
2024-05-13,SKU0129,88,177,14.0,136
2024-05-20,SKU0129,55,186,14.0,136
2024-05-27,SKU0129,73,245,14.0,136
2024-06-03,SKU0129,130,263,14.0,136
2024-06-10,SKU0129,141,177,14.0,136
2024-06-17,SKU0129,148,131,14.0,136
2024-06-24,SKU0129,137,0,14.0,136
2024-07-01,SKU0129,120,251,14.0,136
2024-07-08,SKU0129,152,184,14.0,136
2024-07-15,SKU0129,127,150,14.0,136
2024-07-22,SKU0129,127,237,14.0,136
2024-07-29,SKU0129,69,126,14.0,136
2024-08-05,SKU0129,97,244,14.0,136
2024-08-12,SKU0129,137,296,14.0,136
2024-08-19,SKU0129,172,219,14.0,136
2024-08-26,SKU0129,137,0,14.0,136
2024-09-02,SKU0129,127,298,14.0,136
2024-09-09,SKU0129,97,231,14.0,136
2024-09-16,SKU0129,102,171,14.0,136
2024-09-23,SKU0129,91,214,14.0,136
2024-09-30,SKU0129,104,274,14.0,136
2024-10-07,SKU0129,74,112,14.0,136
2024-10-14,SKU0129,82,179,14.0,136
2024-10-21,SKU0129,145,263,14.0,136
2024-10-28,SKU0129,122,149,14.0,136
2024-11-04,SKU0129,101,128,14.0,136
2024-11-11,SKU0129,111,234,14.0,136
2024-11-18,SKU0129,66,183,14.0,136
2024-11-25,SKU0129,35,118,14.0,136
2024-12-02,SKU0129,55,186,14.0,136
2024-12-09,SKU0129,80,267,14.0,136
2024-12-16,SKU0129,71,179,14.0,136
2024-12-23,SKU0129,32,107,14.0,136
2024-12-30,SKU0129,67,224,14.0,136
2025-01-06,SKU0129,145,294,14.0,136
2025-01-13,SKU0129,155,256,14.0,136
2025-01-20,SKU0129,112,124,14.0,136
2025-01-27,SKU0129,154,182,14.0,136
2025-02-03,SKU0129,140,0,14.0,136
2025-02-10,SKU0129,135,203,14.0,136
2025-02-17,SKU0129,165,189,14.0,136
2025-02-24,SKU0129,156,266,14.0,136
2025-03-03,SKU0129,141,122,14.0,136
2025-03-10,SKU0129,122,237,14.0,136
2025-03-17,SKU0129,121,225,14.0,136
2025-03-24,SKU0129,110,247,14.0,136
2025-03-31,SKU0129,103,221,14.0,136
2025-04-07,SKU0129,135,243,14.0,136
2025-04-14,SKU0129,127,283,14.0,136
2025-04-21,SKU0129,171,290,14.0,136
2025-04-28,SKU0129,159,260,14.0,136
2025-05-05,SKU0129,157,112,14.0,136
2025-05-12,SKU0129,145,165,14.0,136
2025-05-19,SKU0129,151,133,14.0,136
2025-05-26,SKU0129,172,294,14.0,136
2025-06-02,SKU0129,142,0,14.0,136
2025-06-09,SKU0129,165,240,14.0,136
2025-06-16,SKU0129,156,168,14.0,136
2025-06-23,SKU0129,148,134,14.0,136
2025-06-30,SKU0129,193,197,14.0,136
2025-07-07,SKU0129,194,210,14.0,136
2025-07-14,SKU0129,148,0,14.0,136
2025-07-21,SKU0129,176,183,14.0,136
2025-07-28,SKU0129,187,181,14.0,136
2025-08-04,SKU0129,149,0,14.0,136
2025-08-11,SKU0129,209,271,14.0,136
2025-08-18,SKU0129,201,280,14.0,136
2025-08-25,SKU0129,141,131,14.0,136
2025-09-01,SKU0129,128,233,14.0,136
2025-09-08,SKU0129,65,106,14.0,136
2025-09-15,SKU0129,58,194,14.0,136
2025-09-22,SKU0129,105,235,14.0,136
2025-09-29,SKU0129,125,290,14.0,136
2025-10-06,SKU0129,150,293,14.0,136
2025-10-13,SKU0129,145,240,14.0,136
2025-10-20,SKU0129,133,294,14.0,136
2025-10-27,SKU0129,117,263,14.0,136
2025-11-03,SKU0129,91,182,14.0,136
2025-11-10,SKU0129,60,119,14.0,136
2025-11-17,SKU0129,118,245,14.0,136
2025-11-24,SKU0129,91,163,14.0,136
2025-12-01,SKU0129,121,223,14.0,136
2025-12-08,SKU0129,126,259,14.0,136
2025-12-15,SKU0129,187,276,14.0,136
2025-12-22,SKU0129,154,0,14.0,136
2025-12-29,SKU0129,129,138,14.0,136
2024-01-01,SKU0130,78,222,7.0,118
2024-01-08,SKU0130,114,164,7.0,118
2024-01-15,SKU0130,142,213,7.0,118
2024-01-22,SKU0130,156,142,7.0,118
2024-01-29,SKU0130,143,157,7.0,118
2024-02-05,SKU0130,120,0,7.0,118
2024-02-12,SKU0130,160,239,7.0,118
2024-02-19,SKU0130,157,192,7.0,118
2024-02-26,SKU0130,137,0,7.0,118
2024-03-04,SKU0130,106,195,7.0,118
2024-03-11,SKU0130,109,138,7.0,118
2024-03-18,SKU0130,106,162,7.0,118
2024-03-25,SKU0130,130,197,7.0,118
2024-04-01,SKU0130,106,253,7.0,118
2024-04-08,SKU0130,80,139,7.0,118
2024-04-15,SKU0130,111,230,7.0,118
2024-04-22,SKU0130,146,222,7.0,118
2024-04-29,SKU0130,87,103,7.0,118
2024-05-06,SKU0130,81,222,7.0,118
2024-05-13,SKU0130,37,124,7.0,118
2024-05-20,SKU0130,68,145,7.0,118
2024-05-27,SKU0130,78,198,7.0,118
2024-06-03,SKU0130,75,189,7.0,118
2024-06-10,SKU0130,71,170,7.0,118
2024-06-17,SKU0130,81,273,7.0,118
2024-06-24,SKU0130,72,177,7.0,118
2024-07-01,SKU0130,87,292,7.0,118
2024-07-08,SKU0130,121,283,7.0,118
2024-07-15,SKU0130,164,272,7.0,118
2024-07-22,SKU0130,143,228,7.0,118
2024-07-29,SKU0130,191,248,7.0,118
2024-08-05,SKU0130,155,0,7.0,118
2024-08-12,SKU0130,134,230,7.0,118
2024-08-19,SKU0130,139,127,,118
2024-08-26,SKU0130,107,151,7.0,118
2024-09-02,SKU0130,91,253,7.0,118
2024-09-09,SKU0130,148,278,7.0,118
2024-09-16,SKU0130,116,144,7.0,118
2024-09-23,SKU0130,106,155,7.0,118
2024-09-30,SKU0130,145,208,7.0,118
2024-10-07,SKU0130,164,243,7.0,118
2024-10-14,SKU0130,164,254,7.0,118
2024-10-21,SKU0130,152,261,7.0,118
2024-10-28,SKU0130,123,222,7.0,118
2024-11-04,SKU0130,149,158,7.0,118
2024-11-11,SKU0130,142,201,7.0,118
2024-11-18,SKU0130,105,142,7.0,118
2024-11-25,SKU0130,83,162,7.0,118
2024-12-02,SKU0130,78,165,7.0,118
2024-12-09,SKU0130,118,285,7.0,118
2024-12-16,SKU0130,190,298,7.0,118
2024-12-23,SKU0130,186,267,7.0,118
2024-12-30,SKU0130,142,0,7.0,118
2025-01-06,SKU0130,130,0,7.0,118
2025-01-13,SKU0130,98,110,7.0,118
2025-01-20,SKU0130,135,205,7.0,118
2025-01-27,SKU0130,125,176,7.0,118
2025-02-03,SKU0130,122,139,7.0,118
2025-02-10,SKU0130,119,120,7.0,118
2025-02-17,SKU0130,157,218,7.0,118
2025-02-24,SKU0130,177,281,7.0,118
2025-03-03,SKU0130,129,170,7.0,118
2025-03-10,SKU0130,138,159,7.0,118
2025-03-17,SKU0130,146,165,7.0,118
2025-03-24,SKU0130,140,257,7.0,118
2025-03-31,SKU0130,124,0,7.0,118
2025-04-07,SKU0130,133,257,7.0,118
2025-04-14,SKU0130,118,0,7.0,118
2025-04-21,SKU0130,63,121,7.0,118
2025-04-28,SKU0130,98,296,7.0,118
2025-05-05,SKU0130,75,121,7.0,118
2025-05-12,SKU0130,72,240,7.0,118
2025-05-19,SKU0130,63,189,7.0,118
2025-05-26,SKU0130,86,193,7.0,118
2025-06-02,SKU0130,101,116,7.0,118
2025-06-09,SKU0130,121,239,7.0,118
2025-06-16,SKU0130,97,152,7.0,118
2025-06-23,SKU0130,119,142,7.0,118
2025-06-30,SKU0130,135,118,7.0,118
2025-07-07,SKU0130,164,180,7.0,118
2025-07-14,SKU0130,144,192,7.0,118
2025-07-21,SKU0130,164,229,7.0,118
2025-07-28,SKU0130,153,289,7.0,118
2025-08-04,SKU0130,133,123,7.0,118
2025-08-11,SKU0130,67,107,,118
2025-08-18,SKU0130,130,250,7.0,118
2025-08-25,SKU0130,119,0,7.0,118
2025-09-01,SKU0130,62,120,7.0,118
2025-09-08,SKU0130,67,137,7.0,118
2025-09-15,SKU0130,106,184,7.0,118
2025-09-22,SKU0130,156,218,7.0,118
2025-09-29,SKU0130,148,208,7.0,118
2025-10-06,SKU0130,106,126,7.0,118
2025-10-13,SKU0130,98,243,7.0,118
2025-10-20,SKU0130,62,204,7.0,118
2025-10-27,SKU0130,87,293,7.0,118
2025-11-03,SKU0130,115,262,7.0,118
2025-11-10,SKU0130,124,198,7.0,118
2025-11-17,SKU0130,75,157,7.0,118
2025-11-24,SKU0130,40,136,7.0,118
2025-12-01,SKU0130,33,112,7.0,118
2025-12-08,SKU0130,69,230,7.0,118
2025-12-15,SKU0130,100,293,7.0,118
2025-12-22,SKU0130,76,207,7.0,118
2025-12-29,SKU0130,93,237,7.0,118
2024-01-01,SKU0131,321,0,7.0,102
2024-01-08,SKU0131,228,0,7.0,102
2024-01-15,SKU0131,183,0,7.0,102
2024-01-22,SKU0131,158,0,7.0,102
2024-01-29,SKU0131,138,0,7.0,102
2024-02-05,SKU0131,134,217,7.0,102
2024-02-12,SKU0131,108,0,7.0,102
2024-02-19,SKU0131,68,180,7.0,102
2024-02-26,SKU0131,58,101,7.0,102
2024-03-04,SKU0131,77,220,7.0,102
2024-03-11,SKU0131,136,249,7.0,102
2024-03-18,SKU0131,110,139,7.0,102
2024-03-25,SKU0131,68,184,7.0,102
2024-04-01,SKU0131,68,121,7.0,102
2024-04-08,SKU0131,92,215,7.0,102
2024-04-15,SKU0131,134,251,7.0,102
2024-04-22,SKU0131,160,199,7.0,102
2024-04-29,SKU0131,134,0,7.0,102
2024-05-06,SKU0131,176,277,,102
2024-05-13,SKU0131,157,0,7.0,102
2024-05-20,SKU0131,155,190,7.0,102
2024-05-27,SKU0131,149,241,7.0,102
2024-06-03,SKU0131,122,0,7.0,102
2024-06-10,SKU0131,166,231,7.0,102
2024-06-17,SKU0131,119,155,7.0,102
2024-06-24,SKU0131,113,273,7.0,102
2024-07-01,SKU0131,100,113,7.0,102
2024-07-08,SKU0131,139,280,7.0,102
2024-07-15,SKU0131,87,104,7.0,102
2024-07-22,SKU0131,99,213,7.0,102
2024-07-29,SKU0131,129,246,7.0,102
2024-08-05,SKU0131,177,278,7.0,102
2024-08-12,SKU0131,106,0,7.0,102
2024-08-19,SKU0131,99,170,7.0,102
2024-08-26,SKU0131,129,138,7.0,102
2024-09-02,SKU0131,161,246,7.0,102
2024-09-09,SKU0131,135,0,7.0,102
2024-09-16,SKU0131,107,0,7.0,102
2024-09-23,SKU0131,174,289,7.0,102
2024-09-30,SKU0131,123,0,7.0,102
2024-10-07,SKU0131,112,0,7.0,102
2024-10-14,SKU0131,63,135,7.0,102
2024-10-21,SKU0131,63,210,7.0,102
2024-10-28,SKU0131,104,187,7.0,102
2024-11-04,SKU0131,99,239,7.0,102
2024-11-11,SKU0131,68,226,7.0,102
2024-11-18,SKU0131,33,112,7.0,102
2024-11-25,SKU0131,61,206,7.0,102
2024-12-02,SKU0131,113,265,7.0,102
2024-12-09,SKU0131,117,190,7.0,102
2024-12-16,SKU0131,105,255,7.0,102
2024-12-23,SKU0131,89,205,7.0,102
2024-12-30,SKU0131,142,250,7.0,102
2025-01-06,SKU0131,102,0,7.0,102
2025-01-13,SKU0131,132,194,7.0,102
2025-01-20,SKU0131,135,158,7.0,102
2025-01-27,SKU0131,146,176,7.0,102
2025-02-03,SKU0131,129,114,7.0,102
2025-02-10,SKU0131,123,179,7.0,102
2025-02-17,SKU0131,162,214,7.0,102
2025-02-24,SKU0131,157,262,7.0,102
2025-03-03,SKU0131,139,0,7.0,102
2025-03-10,SKU0131,110,0,7.0,102
2025-03-17,SKU0131,151,190,7.0,102
2025-03-24,SKU0131,113,0,7.0,102
2025-03-31,SKU0131,183,287,7.0,102
2025-04-07,SKU0131,130,0,7.0,102
2025-04-14,SKU0131,95,127,7.0,102
2025-04-21,SKU0131,86,140,7.0,102
2025-04-28,SKU0131,140,229,7.0,102
2025-05-05,SKU0131,129,177,7.0,102
2025-05-12,SKU0131,130,108,7.0,102
2025-05-19,SKU0131,70,119,7.0,102
2025-05-26,SKU0131,39,132,7.0,102
2025-06-02,SKU0131,53,178,7.0,102
2025-06-09,SKU0131,40,134,7.0,102
2025-06-16,SKU0131,37,125,7.0,102
2025-06-23,SKU0131,76,254,7.0,102
2025-06-30,SKU0131,46,138,7.0,102
2025-07-07,SKU0131,53,178,7.0,102
2025-07-14,SKU0131,115,272,7.0,102
2025-07-21,SKU0131,131,201,7.0,102
2025-07-28,SKU0131,137,215,7.0,102
2025-08-04,SKU0131,125,0,7.0,102
2025-08-11,SKU0131,165,246,7.0,102
2025-08-18,SKU0131,121,0,7.0,102
2025-08-25,SKU0131,81,125,7.0,102
2025-09-01,SKU0131,104,202,7.0,102
2025-09-08,SKU0131,82,120,7.0,102
2025-09-15,SKU0131,59,198,7.0,102
2025-09-22,SKU0131,35,119,7.0,102
2025-09-29,SKU0131,64,215,7.0,102
2025-10-06,SKU0131,81,271,7.0,102
2025-10-13,SKU0131,103,162,7.0,102
2025-10-20,SKU0131,100,123,7.0,102
2025-10-27,SKU0131,129,150,7.0,102
2025-11-03,SKU0131,107,224,7.0,102
2025-11-10,SKU0131,127,194,7.0,102
2025-11-17,SKU0131,116,260,7.0,102
2025-11-24,SKU0131,81,180,7.0,102
2025-12-01,SKU0131,87,290,7.0,102
2025-12-08,SKU0131,51,170,7.0,102
2025-12-15,SKU0131,48,160,7.0,102
2025-12-22,SKU0131,65,218,7.0,102
2025-12-29,SKU0131,95,273,7.0,102
2024-01-01,SKU0132,268,0,14.0,115
2024-01-08,SKU0132,191,0,14.0,115
2024-01-15,SKU0132,175,0,14.0,115
2024-01-22,SKU0132,123,0,14.0,115
2024-01-29,SKU0132,153,152,14.0,115
2024-02-05,SKU0132,123,0,14.0,115
2024-02-12,SKU0132,93,204,14.0,115
2024-02-19,SKU0132,101,164,14.0,115
2024-02-26,SKU0132,146,250,14.0,115
2024-03-04,SKU0132,162,249,14.0,115
2024-03-11,SKU0132,137,0,14.0,115
2024-03-18,SKU0132,108,169,14.0,115
2024-03-25,SKU0132,56,161,14.0,115
2024-04-01,SKU0132,41,139,14.0,115
2024-04-08,SKU0132,84,282,,115
2024-04-15,SKU0132,79,158,14.0,115
2024-04-22,SKU0132,122,280,14.0,115
2024-04-29,SKU0132,167,237,14.0,115
2024-05-06,SKU0132,156,209,14.0,115
2024-05-13,SKU0132,117,189,14.0,115
2024-05-20,SKU0132,128,203,14.0,115
2024-05-27,SKU0132,151,152,14.0,115
2024-06-03,SKU0132,127,0,14.0,115
2024-06-10,SKU0132,125,256,14.0,115
2024-06-17,SKU0132,150,224,14.0,115
2024-06-24,SKU0132,159,244,14.0,115
2024-07-01,SKU0132,128,0,14.0,115
2024-07-08,SKU0132,117,0,14.0,115
2024-07-15,SKU0132,99,164,14.0,115
2024-07-22,SKU0132,86,228,14.0,115
2024-07-29,SKU0132,154,299,14.0,115
2024-08-05,SKU0132,126,0,14.0,115
2024-08-12,SKU0132,186,276,14.0,115
2024-08-19,SKU0132,147,161,14.0,115
2024-08-26,SKU0132,103,171,14.0,115
2024-09-02,SKU0132,96,258,14.0,115
2024-09-09,SKU0132,100,171,14.0,115
2024-09-16,SKU0132,69,153,14.0,115
2024-09-23,SKU0132,64,195,14.0,115
2024-09-30,SKU0132,108,206,14.0,115
2024-10-07,SKU0132,77,193,14.0,115
2024-10-14,SKU0132,87,246,14.0,115
2024-10-21,SKU0132,82,169,14.0,115
2024-10-28,SKU0132,87,160,14.0,115
2024-11-04,SKU0132,100,203,14.0,115
2024-11-11,SKU0132,135,268,14.0,115
2024-11-18,SKU0132,136,247,14.0,115
2024-11-25,SKU0132,123,189,14.0,115
2024-12-02,SKU0132,126,278,14.0,115
2024-12-09,SKU0132,123,245,14.0,115
2024-12-16,SKU0132,61,114,14.0,115
2024-12-23,SKU0132,39,130,14.0,115
2024-12-30,SKU0132,59,198,14.0,115
2025-01-06,SKU0132,85,285,14.0,115
2025-01-13,SKU0132,103,235,14.0,115
2025-01-20,SKU0132,151,236,14.0,115
2025-01-27,SKU0132,138,226,14.0,115
2025-02-03,SKU0132,122,259,14.0,115
2025-02-10,SKU0132,139,162,14.0,115
2025-02-17,SKU0132,166,223,14.0,115
2025-02-24,SKU0132,148,0,14.0,115
2025-03-03,SKU0132,133,207,14.0,115
2025-03-10,SKU0132,115,0,14.0,115
2025-03-17,SKU0132,75,200,14.0,115
2025-03-24,SKU0132,92,240,14.0,115
2025-03-31,SKU0132,129,260,14.0,115
2025-04-07,SKU0132,117,160,14.0,115
2025-04-14,SKU0132,132,277,14.0,115
2025-04-21,SKU0132,143,125,14.0,115
2025-04-28,SKU0132,126,0,14.0,115
2025-05-05,SKU0132,150,225,14.0,115
2025-05-12,SKU0132,187,281,14.0,115
2025-05-19,SKU0132,145,183,14.0,115
2025-05-26,SKU0132,160,202,14.0,115
2025-06-02,SKU0132,140,180,14.0,115
2025-06-09,SKU0132,163,177,14.0,115
2025-06-16,SKU0132,136,0,14.0,115
2025-06-23,SKU0132,139,281,14.0,115
2025-06-30,SKU0132,139,180,14.0,115
2025-07-07,SKU0132,128,104,14.0,115
2025-07-14,SKU0132,141,228,14.0,115
2025-07-21,SKU0132,136,265,14.0,115
2025-07-28,SKU0132,184,275,14.0,115
2025-08-04,SKU0132,143,0,14.0,115
2025-08-11,SKU0132,90,151,14.0,115
2025-08-18,SKU0132,129,277,14.0,115
2025-08-25,SKU0132,181,268,14.0,115
2025-09-01,SKU0132,154,0,14.0,115
2025-09-08,SKU0132,139,199,14.0,115
2025-09-15,SKU0132,164,237,14.0,115
2025-09-22,SKU0132,168,253,14.0,115
2025-09-29,SKU0132,139,134,14.0,115
2025-10-06,SKU0132,111,185,14.0,115
2025-10-13,SKU0132,149,295,14.0,115
2025-10-20,SKU0132,148,172,14.0,115
2025-10-27,SKU0132,126,0,14.0,115
2025-11-03,SKU0132,153,298,14.0,115
2025-11-10,SKU0132,164,270,14.0,115
2025-11-17,SKU0132,139,0,14.0,115
2025-11-24,SKU0132,153,171,14.0,115
2025-12-01,SKU0132,99,115,14.0,115
2025-12-08,SKU0132,142,180,14.0,115
2025-12-15,SKU0132,146,209,14.0,115
2025-12-22,SKU0132,123,259,14.0,115
2025-12-29,SKU0132,94,229,14.0,115
2024-01-01,SKU0133,312,0,14.0,139
2024-01-08,SKU0133,240,0,14.0,139
2024-01-15,SKU0133,173,0,14.0,139
2024-01-22,SKU0133,198,299,14.0,139
2024-01-29,SKU0133,184,242,14.0,139
2024-02-05,SKU0133,203,289,14.0,139
2024-02-12,SKU0133,179,0,14.0,139
2024-02-19,SKU0133,140,0,14.0,139
2024-02-26,SKU0133,146,271,14.0,139
2024-03-04,SKU0133,156,133,14.0,139
2024-03-11,SKU0133,155,216,14.0,139
2024-03-18,SKU0133,139,0,14.0,139
2024-03-25,SKU0133,171,252,14.0,139
2024-04-01,SKU0133,132,128,14.0,139
2024-04-08,SKU0133,153,217,14.0,139
2024-04-15,SKU0133,142,296,14.0,139
2024-04-22,SKU0133,160,170,14.0,139
2024-04-29,SKU0133,193,275,14.0,139
2024-05-06,SKU0133,185,289,14.0,139
2024-05-13,SKU0133,157,0,14.0,139
2024-05-20,SKU0133,160,291,14.0,139
2024-05-27,SKU0133,150,0,14.0,139
2024-06-03,SKU0133,161,282,14.0,139
2024-06-10,SKU0133,165,288,14.0,139
2024-06-17,SKU0133,142,204,14.0,139
2024-06-24,SKU0133,161,138,14.0,139
2024-07-01,SKU0133,145,0,14.0,139
2024-07-08,SKU0133,148,135,14.0,139
2024-07-15,SKU0133,180,286,14.0,139
2024-07-22,SKU0133,210,272,14.0,139
2024-07-29,SKU0133,171,0,14.0,139
2024-08-05,SKU0133,182,221,14.0,139
2024-08-12,SKU0133,183,263,14.0,139
2024-08-19,SKU0133,141,120,14.0,139
2024-08-26,SKU0133,115,208,14.0,139
2024-09-02,SKU0133,134,157,14.0,139
2024-09-09,SKU0133,159,221,14.0,139
2024-09-16,SKU0133,163,129,14.0,139
2024-09-23,SKU0133,149,178,14.0,139
2024-09-30,SKU0133,133,100,14.0,139
2024-10-07,SKU0133,147,166,14.0,139
2024-10-14,SKU0133,124,209,14.0,139
2024-10-21,SKU0133,187,255,14.0,139
2024-10-28,SKU0133,154,0,14.0,139
2024-11-04,SKU0133,172,262,14.0,139
2024-11-11,SKU0133,191,226,14.0,139
2024-11-18,SKU0133,183,186,14.0,139
2024-11-25,SKU0133,176,296,14.0,139
2024-12-02,SKU0133,146,0,14.0,139
2024-12-09,SKU0133,138,222,14.0,139
2024-12-16,SKU0133,197,234,14.0,139
2024-12-23,SKU0133,196,250,14.0,139
2024-12-30,SKU0133,208,269,14.0,139
2025-01-06,SKU0133,195,0,14.0,139
2025-01-13,SKU0133,185,260,14.0,139
2025-01-20,SKU0133,159,101,14.0,139
2025-01-27,SKU0133,169,153,14.0,139
2025-02-03,SKU0133,168,115,14.0,139
2025-02-10,SKU0133,151,273,14.0,139
2025-02-17,SKU0133,126,212,14.0,139
2025-02-24,SKU0133,157,266,14.0,139
2025-03-03,SKU0133,148,216,14.0,139
2025-03-10,SKU0133,137,154,14.0,139
2025-03-17,SKU0133,112,190,14.0,139
2025-03-24,SKU0133,112,135,14.0,139
2025-03-31,SKU0133,142,242,14.0,139
2025-04-07,SKU0133,143,167,14.0,139
2025-04-14,SKU0133,198,220,14.0,139
2025-04-21,SKU0133,183,0,14.0,139
2025-04-28,SKU0133,133,134,14.0,139
2025-05-05,SKU0133,76,101,14.0,139
2025-05-12,SKU0133,118,187,14.0,139
2025-05-19,SKU0133,146,173,14.0,139
2025-05-26,SKU0133,149,240,14.0,139
2025-06-02,SKU0133,181,299,14.0,139
2025-06-09,SKU0133,145,0,14.0,139
2025-06-16,SKU0133,143,163,14.0,139
2025-06-23,SKU0133,195,297,14.0,139
2025-06-30,SKU0133,192,234,14.0,139
2025-07-07,SKU0133,169,201,14.0,139
2025-07-14,SKU0133,179,185,14.0,139
2025-07-21,SKU0133,154,209,14.0,139
2025-07-28,SKU0133,138,103,14.0,139
2025-08-04,SKU0133,174,295,14.0,139
2025-08-11,SKU0133,178,294,14.0,139
2025-08-18,SKU0133,197,248,14.0,139
2025-08-25,SKU0133,184,0,14.0,139
2025-09-01,SKU0133,158,216,14.0,139
2025-09-08,SKU0133,118,141,14.0,139
2025-09-15,SKU0133,78,128,14.0,139
2025-09-22,SKU0133,137,268,14.0,139
2025-09-29,SKU0133,198,274,14.0,139
2025-10-06,SKU0133,163,0,14.0,139
2025-10-13,SKU0133,197,291,14.0,139
2025-10-20,SKU0133,154,0,14.0,139
2025-10-27,SKU0133,93,106,14.0,139
2025-11-03,SKU0133,47,154,14.0,139
2025-11-10,SKU0133,99,266,14.0,139
2025-11-17,SKU0133,111,285,14.0,139
2025-11-24,SKU0133,114,179,14.0,139
2025-12-01,SKU0133,134,139,14.0,139
2025-12-08,SKU0133,185,285,14.0,139
2025-12-15,SKU0133,162,0,14.0,139
2025-12-22,SKU0133,144,0,14.0,139
2025-12-29,SKU0133,113,198,14.0,139
2024-01-01,SKU0134,147,0,14.0,37
2024-01-08,SKU0134,114,0,14.0,37
2024-01-15,SKU0134,102,0,14.0,37
2024-01-22,SKU0134,113,258,14.0,37
2024-01-29,SKU0134,105,278,14.0,37
2024-02-05,SKU0134,81,0,14.0,37
2024-02-12,SKU0134,99,249,14.0,37
2024-02-19,SKU0134,84,0,14.0,37
2024-02-26,SKU0134,57,0,14.0,37
2024-03-04,SKU0134,47,115,14.0,37
2024-03-11,SKU0134,72,243,14.0,37
2024-03-18,SKU0134,90,240,14.0,37
2024-03-25,SKU0134,77,249,14.0,37
2024-04-01,SKU0134,83,277,14.0,37
2024-04-08,SKU0134,40,0,14.0,37
2024-04-15,SKU0134,95,249,14.0,37
2024-04-22,SKU0134,39,0,14.0,37
2024-04-29,SKU0134,74,185,14.0,37
2024-05-06,SKU0134,72,243,14.0,37
2024-05-13,SKU0134,61,124,14.0,37
2024-05-20,SKU0134,55,184,14.0,37
2024-05-27,SKU0134,86,288,14.0,37
2024-06-03,SKU0134,53,0,14.0,37
2024-06-10,SKU0134,45,152,14.0,37
2024-06-17,SKU0134,85,265,14.0,37
2024-06-24,SKU0134,50,0,14.0,37
2024-07-01,SKU0134,95,223,14.0,37
2024-07-08,SKU0134,104,263,14.0,37
2024-07-15,SKU0134,50,0,14.0,37
2024-07-22,SKU0134,32,107,14.0,37
2024-07-29,SKU0134,35,119,14.0,37
2024-08-05,SKU0134,64,216,14.0,37
2024-08-12,SKU0134,53,175,14.0,37
2024-08-19,SKU0134,81,272,14.0,37
2024-08-26,SKU0134,54,183,14.0,37
2024-09-02,SKU0134,85,285,,37
2024-09-09,SKU0134,88,228,14.0,37
2024-09-16,SKU0134,59,199,14.0,37
2024-09-23,SKU0134,57,147,14.0,37
2024-09-30,SKU0134,82,235,14.0,37
2024-10-07,SKU0134,79,252,14.0,37
2024-10-14,SKU0134,57,183,14.0,37
2024-10-21,SKU0134,40,0,14.0,37
2024-10-28,SKU0134,36,123,14.0,37
2024-11-04,SKU0134,48,161,14.0,37
2024-11-11,SKU0134,75,253,14.0,37
2024-11-18,SKU0134,57,0,14.0,37
2024-11-25,SKU0134,36,121,14.0,37
2024-12-02,SKU0134,56,187,14.0,37
2024-12-09,SKU0134,43,0,14.0,37
2024-12-16,SKU0134,76,254,14.0,37
2024-12-23,SKU0134,56,0,14.0,37
2024-12-30,SKU0134,59,199,14.0,37
2025-01-06,SKU0134,60,116,14.0,37
2025-01-13,SKU0134,43,0,14.0,37
2025-01-20,SKU0134,42,142,14.0,37
2025-01-27,SKU0134,78,262,14.0,37
2025-02-03,SKU0134,56,0,14.0,37
2025-02-10,SKU0134,60,126,14.0,37
2025-02-17,SKU0134,45,0,14.0,37
2025-02-24,SKU0134,73,235,14.0,37
2025-03-03,SKU0134,50,0,14.0,37
2025-03-10,SKU0134,69,209,14.0,37
2025-03-17,SKU0134,47,0,14.0,37
2025-03-24,SKU0134,75,253,14.0,37
2025-03-31,SKU0134,39,0,14.0,37
2025-04-07,SKU0134,99,275,14.0,37
2025-04-14,SKU0134,46,132,14.0,37
2025-04-21,SKU0134,64,215,14.0,37
2025-04-28,SKU0134,71,238,14.0,37
2025-05-05,SKU0134,112,280,14.0,37
2025-05-12,SKU0134,66,130,14.0,37
2025-05-19,SKU0134,79,187,14.0,37
2025-05-26,SKU0134,83,246,14.0,37
2025-06-02,SKU0134,50,110,14.0,37
2025-06-09,SKU0134,88,294,14.0,37
2025-06-16,SKU0134,74,249,14.0,37
2025-06-23,SKU0134,49,163,14.0,37
2025-06-30,SKU0134,40,135,14.0,37
2025-07-07,SKU0134,51,170,14.0,37
2025-07-14,SKU0134,117,289,14.0,37
2025-07-21,SKU0134,51,0,14.0,37
2025-07-28,SKU0134,121,284,14.0,37
2025-08-04,SKU0134,70,0,14.0,37
2025-08-11,SKU0134,72,238,14.0,37
2025-08-18,SKU0134,83,188,14.0,37
2025-08-25,SKU0134,49,142,14.0,37
2025-09-01,SKU0134,60,200,14.0,37
2025-09-08,SKU0134,35,119,14.0,37
2025-09-15,SKU0134,34,116,14.0,37
2025-09-22,SKU0134,69,230,14.0,37
2025-09-29,SKU0134,89,299,14.0,37
2025-10-06,SKU0134,65,151,14.0,37
2025-10-13,SKU0134,93,288,14.0,37
2025-10-20,SKU0134,55,0,14.0,37
2025-10-27,SKU0134,42,0,14.0,37
2025-11-03,SKU0134,47,154,14.0,37
2025-11-10,SKU0134,111,290,14.0,37
2025-11-17,SKU0134,94,0,14.0,37
2025-11-24,SKU0134,101,293,14.0,37
2025-12-01,SKU0134,74,132,14.0,37
2025-12-08,SKU0134,115,298,14.0,37
2025-12-15,SKU0134,53,0,14.0,37
2025-12-22,SKU0134,54,182,14.0,37
2025-12-29,SKU0134,73,245,14.0,37
2024-01-01,SKU0135,240,0,7.0,144
2024-01-08,SKU0135,168,0,7.0,144
2024-01-15,SKU0135,217,278,7.0,144
2024-01-22,SKU0135,176,130,7.0,144
2024-01-29,SKU0135,173,119,7.0,144
2024-02-05,SKU0135,149,119,7.0,144
2024-02-12,SKU0135,181,174,7.0,144
2024-02-19,SKU0135,154,0,7.0,144
2024-02-26,SKU0135,173,117,,144
2024-03-04,SKU0135,153,104,7.0,144
2024-03-11,SKU0135,137,257,7.0,144
2024-03-18,SKU0135,173,291,7.0,144
2024-03-25,SKU0135,107,107,7.0,144
2024-04-01,SKU0135,81,235,7.0,144
2024-04-08,SKU0135,99,296,7.0,144
2024-04-15,SKU0135,83,120,7.0,144
2024-04-22,SKU0135,90,247,7.0,144
2024-04-29,SKU0135,47,113,7.0,144
2024-05-06,SKU0135,37,126,7.0,144
2024-05-13,SKU0135,75,253,7.0,144
2024-05-20,SKU0135,66,157,7.0,144
2024-05-27,SKU0135,71,238,7.0,144
2024-06-03,SKU0135,131,280,7.0,144
2024-06-10,SKU0135,163,209,7.0,144
2024-06-17,SKU0135,146,207,7.0,144
2024-06-24,SKU0135,182,283,7.0,144
2024-07-01,SKU0135,169,0,7.0,144
2024-07-08,SKU0135,150,0,7.0,144
2024-07-15,SKU0135,126,171,7.0,144
2024-07-22,SKU0135,86,134,7.0,144
2024-07-29,SKU0135,127,233,7.0,144
2024-08-05,SKU0135,124,172,7.0,144
2024-08-12,SKU0135,119,297,7.0,144
2024-08-19,SKU0135,133,270,7.0,144
2024-08-26,SKU0135,151,288,7.0,144
2024-09-02,SKU0135,97,137,7.0,144
2024-09-09,SKU0135,126,263,7.0,144
2024-09-16,SKU0135,116,181,7.0,144
2024-09-23,SKU0135,123,289,7.0,144
2024-09-30,SKU0135,84,105,7.0,144
2024-10-07,SKU0135,121,163,7.0,144
2024-10-14,SKU0135,96,195,7.0,144
2024-10-21,SKU0135,92,123,7.0,144
2024-10-28,SKU0135,135,201,7.0,144
2024-11-04,SKU0135,176,189,7.0,144
2024-11-11,SKU0135,170,113,7.0,144
2024-11-18,SKU0135,178,209,7.0,144
2024-11-25,SKU0135,137,143,7.0,144
2024-12-02,SKU0135,135,273,7.0,144
2024-12-09,SKU0135,200,288,7.0,144
2024-12-16,SKU0135,154,140,7.0,144
2024-12-23,SKU0135,160,272,7.0,144
2024-12-30,SKU0135,146,0,7.0,144
2025-01-06,SKU0135,147,173,7.0,144
2025-01-13,SKU0135,154,256,7.0,144
2025-01-20,SKU0135,103,165,7.0,144
2025-01-27,SKU0135,85,173,7.0,144
2025-02-03,SKU0135,109,244,7.0,144
2025-02-10,SKU0135,105,242,7.0,144
2025-02-17,SKU0135,133,222,7.0,144
2025-02-24,SKU0135,132,116,7.0,144
2025-03-03,SKU0135,85,119,7.0,144
2025-03-10,SKU0135,76,232,7.0,144
2025-03-17,SKU0135,80,158,7.0,144
2025-03-24,SKU0135,128,207,7.0,144
2025-03-31,SKU0135,172,196,7.0,144
2025-04-07,SKU0135,124,148,7.0,144
2025-04-14,SKU0135,130,217,7.0,144
2025-04-21,SKU0135,167,295,7.0,144
2025-04-28,SKU0135,190,200,7.0,144
2025-05-05,SKU0135,185,172,7.0,144
2025-05-12,SKU0135,170,0,7.0,144
2025-05-19,SKU0135,144,0,7.0,144
2025-05-26,SKU0135,193,249,7.0,144
2025-06-02,SKU0135,156,0,7.0,144
2025-06-09,SKU0135,126,177,7.0,144
2025-06-16,SKU0135,68,121,7.0,144
2025-06-23,SKU0135,70,220,7.0,144
2025-06-30,SKU0135,64,155,7.0,144
2025-07-07,SKU0135,89,287,7.0,144
2025-07-14,SKU0135,72,155,7.0,144
2025-07-21,SKU0135,106,273,7.0,144
2025-07-28,SKU0135,110,297,7.0,144
2025-08-04,SKU0135,142,173,7.0,144
2025-08-11,SKU0135,127,217,7.0,144
2025-08-18,SKU0135,124,179,7.0,144
2025-08-25,SKU0135,118,286,7.0,144
2025-09-01,SKU0135,82,137,7.0,144
2025-09-08,SKU0135,75,101,7.0,144
2025-09-15,SKU0135,69,177,7.0,144
2025-09-22,SKU0135,125,270,,144
2025-09-29,SKU0135,138,286,7.0,144
2025-10-06,SKU0135,144,281,7.0,144
2025-10-13,SKU0135,149,200,7.0,144
2025-10-20,SKU0135,142,207,7.0,144
2025-10-27,SKU0135,148,233,7.0,144
2025-11-03,SKU0135,183,270,7.0,144
2025-11-10,SKU0135,197,284,7.0,144
2025-11-17,SKU0135,162,156,7.0,144
2025-11-24,SKU0135,130,181,7.0,144
2025-12-01,SKU0135,139,291,7.0,144
2025-12-08,SKU0135,203,297,7.0,144
2025-12-15,SKU0135,167,151,7.0,144
2025-12-22,SKU0135,216,242,7.0,144
2025-12-29,SKU0135,210,254,7.0,144
2024-01-01,SKU0136,74,249,7.0,61
2024-01-08,SKU0136,45,152,7.0,61
2024-01-15,SKU0136,64,214,7.0,61
2024-01-22,SKU0136,78,260,7.0,61
2024-01-29,SKU0136,39,133,7.0,61
2024-02-05,SKU0136,50,167,7.0,61
2024-02-12,SKU0136,54,182,7.0,61
2024-02-19,SKU0136,93,264,7.0,61
2024-02-26,SKU0136,90,227,7.0,61
2024-03-04,SKU0136,94,116,7.0,61
2024-03-11,SKU0136,129,274,7.0,61
2024-03-18,SKU0136,91,0,7.0,61
2024-03-25,SKU0136,37,103,7.0,61
2024-04-01,SKU0136,68,227,7.0,61
2024-04-08,SKU0136,84,283,7.0,61
2024-04-15,SKU0136,73,0,7.0,61
2024-04-22,SKU0136,56,187,,61
2024-04-29,SKU0136,84,281,7.0,61
2024-05-06,SKU0136,81,250,7.0,61
2024-05-13,SKU0136,99,145,7.0,61
2024-05-20,SKU0136,73,194,7.0,61
2024-05-27,SKU0136,89,150,7.0,61
2024-06-03,SKU0136,47,152,7.0,61
2024-06-10,SKU0136,79,264,7.0,61
2024-06-17,SKU0136,99,130,7.0,61
2024-06-24,SKU0136,101,197,7.0,61
2024-07-01,SKU0136,85,0,7.0,61
2024-07-08,SKU0136,102,261,7.0,61
2024-07-15,SKU0136,85,0,7.0,61
2024-07-22,SKU0136,117,240,7.0,61
2024-07-29,SKU0136,90,0,7.0,61
2024-08-05,SKU0136,53,144,7.0,61
2024-08-12,SKU0136,67,183,7.0,61
2024-08-19,SKU0136,81,137,7.0,61
2024-08-26,SKU0136,53,168,7.0,61
2024-09-02,SKU0136,91,299,7.0,61
2024-09-09,SKU0136,59,133,7.0,61
2024-09-16,SKU0136,56,188,7.0,61
2024-09-23,SKU0136,58,196,7.0,61
2024-09-30,SKU0136,96,279,7.0,61
2024-10-07,SKU0136,57,117,7.0,61
2024-10-14,SKU0136,71,237,7.0,61
2024-10-21,SKU0136,106,293,7.0,61
2024-10-28,SKU0136,82,123,7.0,61
2024-11-04,SKU0136,71,239,7.0,61
2024-11-11,SKU0136,62,208,7.0,61
2024-11-18,SKU0136,95,172,7.0,61
2024-11-25,SKU0136,103,237,7.0,61
2024-12-02,SKU0136,72,0,7.0,61
2024-12-09,SKU0136,115,241,7.0,61
2024-12-16,SKU0136,89,0,7.0,61
2024-12-23,SKU0136,47,109,7.0,61
2024-12-30,SKU0136,36,121,7.0,61
2025-01-06,SKU0136,60,150,7.0,61
2025-01-13,SKU0136,71,238,7.0,61
2025-01-20,SKU0136,30,103,7.0,61
2025-01-27,SKU0136,46,126,7.0,61
2025-02-03,SKU0136,86,289,7.0,61
2025-02-10,SKU0136,123,282,7.0,61
2025-02-17,SKU0136,102,0,7.0,61
2025-02-24,SKU0136,87,0,7.0,61
2025-03-03,SKU0136,115,194,7.0,61
2025-03-10,SKU0136,120,288,7.0,61
2025-03-17,SKU0136,124,260,7.0,61
2025-03-24,SKU0136,110,246,7.0,61
2025-03-31,SKU0136,60,133,7.0,61
2025-04-07,SKU0136,75,251,7.0,61
2025-04-14,SKU0136,50,168,7.0,61
2025-04-21,SKU0136,78,260,7.0,61
2025-04-28,SKU0136,93,122,7.0,61
2025-05-05,SKU0136,92,181,7.0,61
2025-05-12,SKU0136,62,0,7.0,61
2025-05-19,SKU0136,50,167,7.0,61
2025-05-26,SKU0136,89,298,7.0,61
2025-06-02,SKU0136,128,235,7.0,61
2025-06-09,SKU0136,107,253,7.0,61
2025-06-16,SKU0136,65,0,7.0,61
2025-06-23,SKU0136,54,180,7.0,61
2025-06-30,SKU0136,46,149,7.0,61
2025-07-07,SKU0136,42,143,7.0,61
2025-07-14,SKU0136,46,155,7.0,61
2025-07-21,SKU0136,33,111,7.0,61
2025-07-28,SKU0136,43,137,7.0,61
2025-08-04,SKU0136,101,279,7.0,61
2025-08-11,SKU0136,52,113,7.0,61
2025-08-18,SKU0136,79,206,7.0,61
2025-08-25,SKU0136,35,117,7.0,61
2025-09-01,SKU0136,32,107,7.0,61
2025-09-08,SKU0136,59,164,7.0,61
2025-09-15,SKU0136,82,265,7.0,61
2025-09-22,SKU0136,103,297,7.0,61
2025-09-29,SKU0136,90,155,7.0,61
2025-10-06,SKU0136,57,170,7.0,61
2025-10-13,SKU0136,62,209,7.0,61
2025-10-20,SKU0136,44,147,7.0,61
2025-10-27,SKU0136,70,181,7.0,61
2025-11-03,SKU0136,78,181,7.0,61
2025-11-10,SKU0136,101,229,7.0,61
2025-11-17,SKU0136,82,0,7.0,61
2025-11-24,SKU0136,65,217,7.0,61
2025-12-01,SKU0136,79,264,7.0,61
2025-12-08,SKU0136,96,126,7.0,61
2025-12-15,SKU0136,81,234,7.0,61
2025-12-22,SKU0136,33,109,7.0,61
2025-12-29,SKU0136,57,192,7.0,61
2024-06-03,SKU0137,149,0,14.0,55
2024-06-10,SKU0137,113,0,14.0,55
2024-06-17,SKU0137,77,0,14.0,55
2024-06-24,SKU0137,59,0,14.0,55
2024-07-01,SKU0137,46,145,14.0,55
2024-07-08,SKU0137,52,175,14.0,55
2024-07-15,SKU0137,82,275,14.0,55
2024-07-22,SKU0137,100,297,14.0,55
2024-07-29,SKU0137,55,102,14.0,55
2024-08-05,SKU0137,64,215,14.0,55
2024-08-12,SKU0137,101,268,14.0,55
2024-08-19,SKU0137,100,221,14.0,55
2024-08-26,SKU0137,55,117,14.0,55
2024-09-02,SKU0137,74,225,14.0,55
2024-09-09,SKU0137,32,109,14.0,55
2024-09-16,SKU0137,96,265,14.0,55
2024-09-23,SKU0137,68,0,14.0,55
2024-09-30,SKU0137,45,100,14.0,55
2024-10-07,SKU0137,46,155,14.0,55
2024-10-14,SKU0137,85,200,14.0,55
2024-10-21,SKU0137,99,280,14.0,55
2024-10-28,SKU0137,88,0,14.0,55
2024-11-04,SKU0137,93,188,14.0,55
2024-11-11,SKU0137,70,0,14.0,55
2024-11-18,SKU0137,69,217,14.0,55
2024-11-25,SKU0137,96,213,14.0,55
2024-12-02,SKU0137,78,0,14.0,55
2024-12-09,SKU0137,86,114,14.0,55
2024-12-16,SKU0137,42,143,14.0,55
2024-12-23,SKU0137,45,151,14.0,55
2024-12-30,SKU0137,70,130,14.0,55
2025-01-06,SKU0137,87,290,14.0,55
2025-01-13,SKU0137,96,240,14.0,55
2025-01-20,SKU0137,87,258,14.0,55
2025-01-27,SKU0137,90,179,14.0,55
2025-02-03,SKU0137,55,0,14.0,55
2025-02-10,SKU0137,52,176,14.0,55
2025-02-17,SKU0137,78,141,14.0,55
2025-02-24,SKU0137,93,227,14.0,55
2025-03-03,SKU0137,87,118,14.0,55
2025-03-10,SKU0137,107,279,14.0,55
2025-03-17,SKU0137,71,0,14.0,55
2025-03-24,SKU0137,128,249,14.0,55
2025-03-31,SKU0137,79,104,14.0,55
2025-04-07,SKU0137,122,228,14.0,55
2025-04-14,SKU0137,97,0,14.0,55
2025-04-21,SKU0137,71,0,14.0,55
2025-04-28,SKU0137,38,129,14.0,55
2025-05-05,SKU0137,57,191,14.0,55
2025-05-12,SKU0137,74,169,14.0,55
2025-05-19,SKU0137,99,154,14.0,55
2025-05-26,SKU0137,118,286,14.0,55
2025-06-02,SKU0137,79,0,14.0,55
2025-06-09,SKU0137,59,155,14.0,55
2025-06-16,SKU0137,58,195,14.0,55
2025-06-23,SKU0137,86,152,14.0,55
2025-06-30,SKU0137,67,0,14.0,55
2025-07-07,SKU0137,91,274,14.0,55
2025-07-14,SKU0137,76,0,14.0,55
2025-07-21,SKU0137,64,0,14.0,55
2025-07-28,SKU0137,113,264,14.0,55
2025-08-04,SKU0137,78,0,14.0,55
2025-08-11,SKU0137,62,145,14.0,55
2025-08-18,SKU0137,93,282,14.0,55
2025-08-25,SKU0137,130,294,14.0,55
2025-09-01,SKU0137,104,0,14.0,55
2025-09-08,SKU0137,100,250,14.0,55
2025-09-15,SKU0137,57,156,14.0,55
2025-09-22,SKU0137,42,142,14.0,55
2025-09-29,SKU0137,36,121,14.0,55
2025-10-06,SKU0137,89,275,14.0,55
2025-10-13,SKU0137,98,264,14.0,55
2025-10-20,SKU0137,80,0,14.0,55
2025-10-27,SKU0137,74,135,14.0,55
2025-11-03,SKU0137,139,284,14.0,55
2025-11-10,SKU0137,56,0,14.0,55
2025-11-17,SKU0137,76,256,14.0,55
2025-11-24,SKU0137,99,261,14.0,55
2025-12-01,SKU0137,71,192,14.0,55
2025-12-08,SKU0137,56,158,14.0,55
2025-12-15,SKU0137,96,252,14.0,55
2025-12-22,SKU0137,61,157,14.0,55
2025-12-29,SKU0137,52,132,14.0,55
2025-03-31,SKU0138,137,0,14.0,36
2025-04-07,SKU0138,54,0,14.0,36
2025-04-14,SKU0138,53,178,14.0,36
2025-04-21,SKU0138,34,116,14.0,36
2025-04-28,SKU0138,88,296,14.0,36
2025-05-05,SKU0138,71,0,14.0,36
2025-05-12,SKU0138,102,290,14.0,36
2025-05-19,SKU0138,91,195,14.0,36
2025-05-26,SKU0138,45,0,14.0,36
2025-06-02,SKU0138,78,155,14.0,36
2025-06-09,SKU0138,89,298,14.0,36
2025-06-16,SKU0138,42,0,14.0,36
2025-06-23,SKU0138,37,100,14.0,36
2025-06-30,SKU0138,81,185,14.0,36
2025-07-07,SKU0138,38,125,14.0,36
2025-07-14,SKU0138,67,224,14.0,36
2025-07-21,SKU0138,59,197,14.0,36
2025-07-28,SKU0138,62,131,14.0,36
2025-08-04,SKU0138,45,0,14.0,36
2025-08-11,SKU0138,82,276,14.0,36
2025-08-18,SKU0138,60,183,14.0,36
2025-08-25,SKU0138,88,295,14.0,36
2025-09-01,SKU0138,36,0,14.0,36
2025-09-08,SKU0138,51,172,14.0,36
2025-09-15,SKU0138,66,153,14.0,36
2025-09-22,SKU0138,57,167,14.0,36
2025-09-29,SKU0138,42,140,14.0,36
2025-10-06,SKU0138,38,129,14.0,36
2025-10-13,SKU0138,52,174,14.0,36
2025-10-20,SKU0138,90,203,14.0,36
2025-10-27,SKU0138,56,0,14.0,36
2025-11-03,SKU0138,60,200,14.0,36
2025-11-10,SKU0138,84,281,14.0,36
2025-11-17,SKU0138,113,269,14.0,36
2025-11-24,SKU0138,85,0,14.0,36
2025-12-01,SKU0138,116,274,14.0,36
2025-12-08,SKU0138,71,0,14.0,36
2025-12-15,SKU0138,30,102,14.0,36
2025-12-22,SKU0138,33,111,14.0,36
2025-12-29,SKU0138,44,148,14.0,36
2024-03-04,SKU0139,48,162,30.0,127
2024-03-11,SKU0139,36,121,30.0,127
2024-03-18,SKU0139,43,130,30.0,127
2024-03-25,SKU0139,71,238,30.0,127
2024-04-01,SKU0139,76,256,30.0,127
2024-04-08,SKU0139,52,176,30.0,127
2024-04-15,SKU0139,91,162,30.0,127
2024-04-22,SKU0139,49,163,30.0,127
2024-04-29,SKU0139,86,287,30.0,127
2024-05-06,SKU0139,102,174,30.0,127
2024-05-13,SKU0139,77,168,30.0,127
2024-05-20,SKU0139,40,116,30.0,127
2024-05-27,SKU0139,114,297,30.0,127
2024-06-03,SKU0139,87,158,30.0,127
2024-06-10,SKU0139,64,134,30.0,127
2024-06-17,SKU0139,34,104,30.0,127
2024-06-24,SKU0139,86,289,30.0,127
2024-07-01,SKU0139,80,108,30.0,127
2024-07-08,SKU0139,62,140,30.0,127
2024-07-15,SKU0139,105,182,30.0,127
2024-07-22,SKU0139,137,265,30.0,127
2024-07-29,SKU0139,141,161,30.0,127
2024-08-05,SKU0139,79,110,30.0,127
2024-08-12,SKU0139,127,201,30.0,127
2024-08-19,SKU0139,62,104,30.0,127
2024-08-26,SKU0139,88,295,30.0,127
2024-09-02,SKU0139,81,258,30.0,127
2024-09-09,SKU0139,103,202,30.0,127
2024-09-16,SKU0139,105,222,30.0,127
2024-09-23,SKU0139,139,188,30.0,127
2024-09-30,SKU0139,99,103,30.0,127
2024-10-07,SKU0139,115,270,30.0,127
2024-10-14,SKU0139,100,111,30.0,127
2024-10-21,SKU0139,87,191,30.0,127
2024-10-28,SKU0139,139,263,30.0,127
2024-11-04,SKU0139,116,182,30.0,127
2024-11-11,SKU0139,118,262,30.0,127
2024-11-18,SKU0139,138,269,30.0,127
2024-11-25,SKU0139,136,209,30.0,127
2024-12-02,SKU0139,199,298,30.0,127
2024-12-09,SKU0139,166,0,30.0,127
2024-12-16,SKU0139,161,181,30.0,127
2024-12-23,SKU0139,182,210,30.0,127
2024-12-30,SKU0139,155,178,30.0,127
2025-01-06,SKU0139,170,210,30.0,127
2025-01-13,SKU0139,149,121,30.0,127
2025-01-20,SKU0139,152,263,30.0,127
2025-01-27,SKU0139,173,273,30.0,127
2025-02-03,SKU0139,183,259,30.0,127
2025-02-10,SKU0139,167,147,30.0,127
2025-02-17,SKU0139,194,232,30.0,127
2025-02-24,SKU0139,169,230,30.0,127
2025-03-03,SKU0139,159,155,,127
2025-03-10,SKU0139,192,286,30.0,127
2025-03-17,SKU0139,146,166,30.0,127
2025-03-24,SKU0139,119,122,30.0,127
2025-03-31,SKU0139,120,204,30.0,127
2025-04-07,SKU0139,129,161,30.0,127
2025-04-14,SKU0139,116,256,30.0,127
2025-04-21,SKU0139,150,150,30.0,127
2025-04-28,SKU0139,130,111,30.0,127
2025-05-05,SKU0139,150,128,30.0,127
2025-05-12,SKU0139,171,197,30.0,127
2025-05-19,SKU0139,144,220,30.0,127
2025-05-26,SKU0139,158,297,30.0,127
2025-06-02,SKU0139,137,0,30.0,127
2025-06-09,SKU0139,96,135,30.0,127
2025-06-16,SKU0139,104,173,30.0,127
2025-06-23,SKU0139,57,107,30.0,127
2025-06-30,SKU0139,61,204,30.0,127
2025-07-07,SKU0139,81,271,30.0,127
2025-07-14,SKU0139,40,131,30.0,127
2025-07-21,SKU0139,87,292,30.0,127
2025-07-28,SKU0139,49,141,30.0,127
2025-08-04,SKU0139,48,163,,127
2025-08-11,SKU0139,38,127,30.0,127
2025-08-18,SKU0139,88,281,30.0,127
2025-08-25,SKU0139,115,160,30.0,127
2025-09-01,SKU0139,104,266,30.0,127
2025-09-08,SKU0139,85,158,30.0,127
2025-09-15,SKU0139,105,288,30.0,127
2025-09-22,SKU0139,103,110,30.0,127
2025-09-29,SKU0139,150,283,30.0,127
2025-10-06,SKU0139,178,175,30.0,127
2025-10-13,SKU0139,158,0,30.0,127
2025-10-20,SKU0139,174,294,30.0,127
2025-10-27,SKU0139,162,118,30.0,127
2025-11-03,SKU0139,153,201,30.0,127
2025-11-10,SKU0139,154,116,30.0,127
2025-11-17,SKU0139,153,297,30.0,127
2025-11-24,SKU0139,138,129,30.0,127
2025-12-01,SKU0139,129,290,30.0,127
2025-12-08,SKU0139,152,286,30.0,127
2025-12-15,SKU0139,169,245,30.0,127
2025-12-22,SKU0139,134,0,30.0,127
2025-12-29,SKU0139,160,161,30.0,127
2024-06-03,SKU0140,95,141,7.0,123
2024-06-10,SKU0140,96,218,7.0,123
2024-06-17,SKU0140,41,138,7.0,123
2024-06-24,SKU0140,74,150,7.0,123
2024-07-01,SKU0140,77,257,7.0,123
2024-07-08,SKU0140,113,249,7.0,123
2024-07-15,SKU0140,92,243,7.0,123
2024-07-22,SKU0140,76,144,7.0,123
2024-07-29,SKU0140,109,215,7.0,123
2024-08-05,SKU0140,111,285,7.0,123
2024-08-12,SKU0140,112,141,7.0,123
2024-08-19,SKU0140,129,215,7.0,123
2024-08-26,SKU0140,87,164,7.0,123
2024-09-02,SKU0140,149,256,7.0,123
2024-09-09,SKU0140,117,102,7.0,123
2024-09-16,SKU0140,123,249,7.0,123
2024-09-23,SKU0140,144,294,7.0,123
2024-09-30,SKU0140,152,134,7.0,123
2024-10-07,SKU0140,98,100,7.0,123
2024-10-14,SKU0140,93,229,7.0,123
2024-10-21,SKU0140,71,132,7.0,123
2024-10-28,SKU0140,118,246,7.0,123
2024-11-04,SKU0140,103,106,7.0,123
2024-11-11,SKU0140,118,135,7.0,123
2024-11-18,SKU0140,105,210,7.0,123
2024-11-25,SKU0140,103,271,7.0,123
2024-12-02,SKU0140,165,239,7.0,123
2024-12-09,SKU0140,127,110,7.0,123
2024-12-16,SKU0140,114,249,7.0,123
2024-12-23,SKU0140,61,152,7.0,123
2024-12-30,SKU0140,81,185,7.0,123
2025-01-06,SKU0140,75,226,7.0,123
2025-01-13,SKU0140,86,214,7.0,123
2025-01-20,SKU0140,133,231,7.0,123
2025-01-27,SKU0140,164,170,7.0,123
2025-02-03,SKU0140,190,240,7.0,123
2025-02-10,SKU0140,198,255,7.0,123
2025-02-17,SKU0140,180,0,7.0,123
2025-02-24,SKU0140,123,0,7.0,123
2025-03-03,SKU0140,139,195,7.0,123
2025-03-10,SKU0140,158,230,7.0,123
2025-03-17,SKU0140,135,245,7.0,123
2025-03-24,SKU0140,146,234,7.0,123
2025-03-31,SKU0140,133,165,7.0,123
2025-04-07,SKU0140,153,268,7.0,123
2025-04-14,SKU0140,135,227,7.0,123
2025-04-21,SKU0140,131,229,7.0,123
2025-04-28,SKU0140,164,202,7.0,123
2025-05-05,SKU0140,127,0,7.0,123
2025-05-12,SKU0140,138,250,7.0,123
2025-05-19,SKU0140,147,260,7.0,123
2025-05-26,SKU0140,157,220,7.0,123
2025-06-02,SKU0140,140,228,7.0,123
2025-06-09,SKU0140,112,189,7.0,123
2025-06-16,SKU0140,100,181,7.0,123
2025-06-23,SKU0140,117,210,7.0,123
2025-06-30,SKU0140,92,113,7.0,123
2025-07-07,SKU0140,30,102,7.0,123
2025-07-14,SKU0140,60,202,7.0,123
2025-07-21,SKU0140,83,278,7.0,123
2025-07-28,SKU0140,131,235,7.0,123
2025-08-04,SKU0140,119,107,7.0,123
2025-08-11,SKU0140,164,233,7.0,123
2025-08-18,SKU0140,140,0,7.0,123
2025-08-25,SKU0140,137,150,7.0,123
2025-09-01,SKU0140,160,141,7.0,123
2025-09-08,SKU0140,146,279,7.0,123
2025-09-15,SKU0140,141,109,7.0,123
2025-09-22,SKU0140,108,162,7.0,123
2025-09-29,SKU0140,117,222,7.0,123
2025-10-06,SKU0140,172,257,7.0,123
2025-10-13,SKU0140,120,161,7.0,123
2025-10-20,SKU0140,160,230,7.0,123
2025-10-27,SKU0140,143,0,7.0,123
2025-11-03,SKU0140,126,117,7.0,123
2025-11-10,SKU0140,85,137,7.0,123
2025-11-17,SKU0140,77,257,7.0,123
2025-11-24,SKU0140,84,282,7.0,123
2025-12-01,SKU0140,103,164,7.0,123
2025-12-08,SKU0140,98,257,7.0,123
2025-12-15,SKU0140,52,138,7.0,123
2025-12-22,SKU0140,69,232,7.0,123
2025-12-29,SKU0140,96,265,7.0,123
2024-01-01,SKU0141,149,261,14.0,112
2024-01-08,SKU0141,109,161,14.0,112
2024-01-15,SKU0141,57,117,14.0,112
2024-01-22,SKU0141,81,273,14.0,112
2024-01-29,SKU0141,82,215,14.0,112
2024-02-05,SKU0141,105,264,14.0,112
2024-02-12,SKU0141,68,134,14.0,112
2024-02-19,SKU0141,125,289,14.0,112
2024-02-26,SKU0141,99,159,14.0,112
2024-03-04,SKU0141,71,177,14.0,112
2024-03-11,SKU0141,85,286,14.0,112
2024-03-18,SKU0141,87,291,14.0,112
2024-03-25,SKU0141,77,174,14.0,112
2024-04-01,SKU0141,144,284,14.0,112
2024-04-08,SKU0141,120,0,14.0,112
2024-04-15,SKU0141,132,291,14.0,112
2024-04-22,SKU0141,143,255,14.0,112
2024-04-29,SKU0141,133,202,14.0,112
2024-05-06,SKU0141,114,0,14.0,112
2024-05-13,SKU0141,133,178,14.0,112
2024-05-20,SKU0141,142,157,14.0,112
2024-05-27,SKU0141,151,211,14.0,112
2024-06-03,SKU0141,134,118,14.0,112
2024-06-10,SKU0141,77,138,14.0,112
2024-06-17,SKU0141,89,297,14.0,112
2024-06-24,SKU0141,128,169,14.0,112
2024-07-01,SKU0141,113,0,14.0,112
2024-07-08,SKU0141,90,195,14.0,112
2024-07-15,SKU0141,154,288,14.0,112
2024-07-22,SKU0141,144,185,14.0,112
2024-07-29,SKU0141,121,0,14.0,112
2024-08-05,SKU0141,84,116,14.0,112
2024-08-12,SKU0141,107,188,14.0,112
2024-08-19,SKU0141,173,297,14.0,112
2024-08-26,SKU0141,138,0,14.0,112
2024-09-02,SKU0141,116,228,14.0,112
2024-09-09,SKU0141,110,151,14.0,112
2024-09-16,SKU0141,96,261,14.0,112
2024-09-23,SKU0141,98,284,14.0,112
2024-09-30,SKU0141,66,186,14.0,112
2024-10-07,SKU0141,127,238,14.0,112
2024-10-14,SKU0141,173,271,14.0,112
2024-10-21,SKU0141,146,154,14.0,112
2024-10-28,SKU0141,128,102,14.0,112
2024-11-04,SKU0141,117,141,14.0,112
2024-11-11,SKU0141,161,202,14.0,112
2024-11-18,SKU0141,119,134,14.0,112
2024-11-25,SKU0141,189,281,14.0,112
2024-12-02,SKU0141,172,0,14.0,112
2024-12-09,SKU0141,123,0,,112
2024-12-16,SKU0141,134,132,14.0,112
2024-12-23,SKU0141,125,254,14.0,112
2024-12-30,SKU0141,107,163,14.0,112
2025-01-06,SKU0141,54,105,14.0,112
2025-01-13,SKU0141,32,108,14.0,112
2025-01-20,SKU0141,46,146,14.0,112
2025-01-27,SKU0141,36,120,14.0,112
2025-02-03,SKU0141,43,146,14.0,112
2025-02-10,SKU0141,62,127,14.0,112
2025-02-17,SKU0141,120,234,14.0,112
2025-02-24,SKU0141,122,187,14.0,112
2025-03-03,SKU0141,179,254,14.0,112
2025-03-10,SKU0141,131,0,14.0,112
2025-03-17,SKU0141,161,188,14.0,112
2025-03-24,SKU0141,139,257,14.0,112
2025-03-31,SKU0141,103,152,14.0,112
2025-04-07,SKU0141,79,139,14.0,112
2025-04-14,SKU0141,134,292,14.0,112
2025-04-21,SKU0141,122,0,14.0,112
2025-04-28,SKU0141,86,151,14.0,112
2025-05-05,SKU0141,69,101,14.0,112
2025-05-12,SKU0141,58,138,14.0,112
2025-05-19,SKU0141,96,269,14.0,112
2025-05-26,SKU0141,147,253,14.0,112
2025-06-02,SKU0141,161,227,14.0,112
2025-06-09,SKU0141,159,293,14.0,112
2025-06-16,SKU0141,141,165,14.0,112
2025-06-23,SKU0141,141,175,14.0,112
2025-06-30,SKU0141,113,0,14.0,112
2025-07-07,SKU0141,118,242,14.0,112
2025-07-14,SKU0141,122,160,14.0,112
2025-07-21,SKU0141,165,236,14.0,112
2025-07-28,SKU0141,114,120,14.0,112
2025-08-04,SKU0141,62,108,14.0,112
2025-08-11,SKU0141,63,157,14.0,112
2025-08-18,SKU0141,52,174,14.0,112
2025-08-25,SKU0141,90,275,14.0,112
2025-09-01,SKU0141,51,154,14.0,112
2025-09-08,SKU0141,68,159,14.0,112
2025-09-15,SKU0141,35,119,14.0,112
2025-09-22,SKU0141,89,298,14.0,112
2025-09-29,SKU0141,49,125,14.0,112
2025-10-06,SKU0141,84,214,14.0,112
2025-10-13,SKU0141,95,200,14.0,112
2025-10-20,SKU0141,58,158,14.0,112
2025-10-27,SKU0141,84,281,14.0,112
2025-11-03,SKU0141,88,252,14.0,112
2025-11-10,SKU0141,44,110,14.0,112
2025-11-17,SKU0141,107,298,14.0,112
2025-11-24,SKU0141,78,170,14.0,112
2025-12-01,SKU0141,70,127,14.0,112
2025-12-08,SKU0141,71,144,14.0,112
2025-12-15,SKU0141,131,275,14.0,112
2025-12-22,SKU0141,118,0,14.0,112
2025-12-29,SKU0141,116,145,14.0,112
2024-01-01,SKU0142,107,0,30.0,71
2024-01-08,SKU0142,104,218,30.0,71
2024-01-15,SKU0142,114,172,30.0,71
2024-01-22,SKU0142,91,0,30.0,71
2024-01-29,SKU0142,46,113,30.0,71
2024-02-05,SKU0142,50,168,30.0,71
2024-02-12,SKU0142,38,127,30.0,71
2024-02-19,SKU0142,59,199,30.0,71
2024-02-26,SKU0142,46,154,30.0,71
2024-03-04,SKU0142,107,270,30.0,71
2024-03-11,SKU0142,50,103,30.0,71
2024-03-18,SKU0142,62,207,30.0,71
2024-03-25,SKU0142,103,185,30.0,71
2024-04-01,SKU0142,91,0,30.0,71
2024-04-08,SKU0142,48,146,30.0,71
2024-04-15,SKU0142,69,231,30.0,71
2024-04-22,SKU0142,76,112,30.0,71
2024-04-29,SKU0142,39,121,30.0,71
2024-05-06,SKU0142,61,204,30.0,71
2024-05-13,SKU0142,69,146,30.0,71
2024-05-20,SKU0142,88,196,30.0,71
2024-05-27,SKU0142,127,219,30.0,71
2024-06-03,SKU0142,75,0,30.0,71
2024-06-10,SKU0142,71,224,30.0,71
2024-06-17,SKU0142,80,241,30.0,71
2024-06-24,SKU0142,106,165,30.0,71
2024-07-01,SKU0142,146,255,30.0,71
2024-07-08,SKU0142,131,211,30.0,71
2024-07-15,SKU0142,106,0,30.0,71
2024-07-22,SKU0142,112,222,30.0,71
2024-07-29,SKU0142,87,0,30.0,71
2024-08-05,SKU0142,127,272,30.0,71
2024-08-12,SKU0142,129,238,30.0,71
2024-08-19,SKU0142,114,268,30.0,71
2024-08-26,SKU0142,118,172,30.0,71
2024-09-02,SKU0142,110,242,30.0,71
2024-09-09,SKU0142,109,184,30.0,71
2024-09-16,SKU0142,89,0,30.0,71
2024-09-23,SKU0142,44,138,30.0,71
2024-09-30,SKU0142,83,278,30.0,71
2024-10-07,SKU0142,91,150,30.0,71
2024-10-14,SKU0142,64,174,30.0,71
2024-10-21,SKU0142,51,170,30.0,71
2024-10-28,SKU0142,41,137,30.0,71
2024-11-04,SKU0142,85,285,30.0,71
2024-11-11,SKU0142,104,241,30.0,71
2024-11-18,SKU0142,141,270,30.0,71
2024-11-25,SKU0142,71,0,30.0,71
2024-12-02,SKU0142,82,276,30.0,71
2024-12-09,SKU0142,102,203,30.0,71
2024-12-16,SKU0142,89,0,30.0,71
2024-12-23,SKU0142,113,223,30.0,71
2024-12-30,SKU0142,99,273,30.0,71
2025-01-06,SKU0142,72,216,30.0,71
2025-01-13,SKU0142,128,229,30.0,71
2025-01-20,SKU0142,86,0,30.0,71
2025-01-27,SKU0142,67,121,30.0,71
2025-02-03,SKU0142,102,264,30.0,71
2025-02-10,SKU0142,96,276,30.0,71
2025-02-17,SKU0142,113,193,30.0,71
2025-02-24,SKU0142,96,103,30.0,71
2025-03-03,SKU0142,123,190,30.0,71
2025-03-10,SKU0142,110,0,30.0,71
2025-03-17,SKU0142,136,242,30.0,71
2025-03-24,SKU0142,123,203,30.0,71
2025-03-31,SKU0142,90,134,30.0,71
2025-04-07,SKU0142,53,130,30.0,71
2025-04-14,SKU0142,69,130,30.0,71
2025-04-21,SKU0142,95,147,30.0,71
2025-04-28,SKU0142,88,104,30.0,71
2025-05-05,SKU0142,113,228,30.0,71
2025-05-12,SKU0142,74,196,30.0,71
2025-05-19,SKU0142,34,116,30.0,71
2025-05-26,SKU0142,48,162,30.0,71
2025-06-02,SKU0142,45,152,30.0,71
2025-06-09,SKU0142,84,282,30.0,71
2025-06-16,SKU0142,109,237,30.0,71
2025-06-23,SKU0142,64,165,30.0,71
2025-06-30,SKU0142,100,215,30.0,71
2025-07-07,SKU0142,109,170,30.0,71
2025-07-14,SKU0142,89,0,30.0,71
2025-07-21,SKU0142,133,263,30.0,71
2025-07-28,SKU0142,120,0,30.0,71
2025-08-04,SKU0142,149,263,30.0,71
2025-08-11,SKU0142,89,0,30.0,71
2025-08-18,SKU0142,87,275,30.0,71
2025-08-25,SKU0142,92,193,30.0,71
2025-09-01,SKU0142,137,263,30.0,71
2025-09-08,SKU0142,87,0,30.0,71
2025-09-15,SKU0142,63,156,30.0,71
2025-09-22,SKU0142,80,268,30.0,71
2025-09-29,SKU0142,83,147,30.0,71
2025-10-06,SKU0142,92,283,30.0,71
2025-10-13,SKU0142,109,222,30.0,71
2025-10-20,SKU0142,86,0,30.0,71
2025-10-27,SKU0142,53,128,30.0,71
2025-11-03,SKU0142,90,282,30.0,71
2025-11-10,SKU0142,144,266,30.0,71
2025-11-17,SKU0142,89,0,30.0,71
2025-11-24,SKU0142,99,193,30.0,71
2025-12-01,SKU0142,67,186,30.0,71
2025-12-08,SKU0142,70,148,30.0,71
2025-12-15,SKU0142,42,108,30.0,71
2025-12-22,SKU0142,80,264,30.0,71
2025-12-29,SKU0142,92,281,30.0,71
2024-10-28,SKU0143,141,0,14.0,39
2024-11-04,SKU0143,90,0,14.0,39
2024-11-11,SKU0143,81,218,14.0,39
2024-11-18,SKU0143,106,291,14.0,39
2024-11-25,SKU0143,86,0,14.0,39
2024-12-02,SKU0143,60,174,14.0,39
2024-12-09,SKU0143,59,198,14.0,39
2024-12-16,SKU0143,39,0,14.0,39
2024-12-23,SKU0143,63,210,14.0,39
2024-12-30,SKU0143,30,101,14.0,39
2025-01-06,SKU0143,67,225,14.0,39
2025-01-13,SKU0143,49,0,14.0,39
2025-01-20,SKU0143,30,100,14.0,39
2025-01-27,SKU0143,66,220,14.0,39
2025-02-03,SKU0143,78,261,14.0,39
2025-02-10,SKU0143,67,0,14.0,39
2025-02-17,SKU0143,62,172,14.0,39
2025-02-24,SKU0143,70,222,14.0,39
2025-03-03,SKU0143,127,299,14.0,39
2025-03-10,SKU0143,88,0,14.0,39
2025-03-17,SKU0143,76,0,14.0,39
2025-03-24,SKU0143,57,0,,39
2025-03-31,SKU0143,115,270,14.0,39
2025-04-07,SKU0143,92,0,14.0,39
2025-04-14,SKU0143,43,0,14.0,39
2025-04-21,SKU0143,34,115,14.0,39
2025-04-28,SKU0143,60,203,14.0,39
2025-05-05,SKU0143,87,291,14.0,39
2025-05-12,SKU0143,72,225,14.0,39
2025-05-19,SKU0143,89,297,14.0,39
2025-05-26,SKU0143,34,113,14.0,39
2025-06-02,SKU0143,87,292,14.0,39
2025-06-09,SKU0143,93,229,14.0,39
2025-06-16,SKU0143,53,105,14.0,39
2025-06-23,SKU0143,43,108,14.0,39
2025-06-30,SKU0143,76,251,14.0,39
2025-07-07,SKU0143,39,106,14.0,39
2025-07-14,SKU0143,52,175,14.0,39
2025-07-21,SKU0143,80,269,14.0,39
2025-07-28,SKU0143,59,158,14.0,39
2025-08-04,SKU0143,85,175,14.0,39
2025-08-11,SKU0143,98,207,14.0,39
2025-08-18,SKU0143,57,0,14.0,39
2025-08-25,SKU0143,78,203,14.0,39
2025-09-01,SKU0143,61,169,14.0,39
2025-09-08,SKU0143,48,0,14.0,39
2025-09-15,SKU0143,53,178,14.0,39
2025-09-22,SKU0143,40,0,14.0,39
2025-09-29,SKU0143,84,281,14.0,39
2025-10-06,SKU0143,93,242,14.0,39
2025-10-13,SKU0143,75,0,14.0,39
2025-10-20,SKU0143,93,210,14.0,39
2025-10-27,SKU0143,43,0,14.0,39
2025-11-03,SKU0143,44,147,14.0,39
2025-11-10,SKU0143,33,110,14.0,39
2025-11-17,SKU0143,84,282,14.0,39
2025-11-24,SKU0143,81,271,14.0,39
2025-12-01,SKU0143,68,0,14.0,39
2025-12-08,SKU0143,57,193,14.0,39
2025-12-15,SKU0143,67,224,14.0,39
2025-12-22,SKU0143,54,0,14.0,39
2025-12-29,SKU0143,100,273,14.0,39
2024-01-01,SKU0144,322,0,14.0,26
2024-01-08,SKU0144,308,0,14.0,26
2024-01-15,SKU0144,282,0,14.0,26
2024-01-22,SKU0144,252,0,14.0,26
2024-01-29,SKU0144,237,0,14.0,26
2024-02-05,SKU0144,154,0,14.0,26
2024-02-12,SKU0144,71,0,14.0,26
2024-02-19,SKU0144,46,0,14.0,26
2024-02-26,SKU0144,32,0,14.0,26
2024-03-04,SKU0144,52,174,14.0,26
2024-03-11,SKU0144,37,124,14.0,26
2024-03-18,SKU0144,66,211,14.0,26
2024-03-25,SKU0144,42,0,14.0,26
2024-04-01,SKU0144,88,296,14.0,26
2024-04-08,SKU0144,77,0,14.0,26
2024-04-15,SKU0144,33,0,14.0,26
2024-04-22,SKU0144,64,188,14.0,26
2024-04-29,SKU0144,64,214,14.0,26
2024-05-06,SKU0144,51,172,14.0,26
2024-05-13,SKU0144,82,274,14.0,26
2024-05-20,SKU0144,28,0,14.0,26
2024-05-27,SKU0144,98,287,14.0,26
2024-06-03,SKU0144,82,0,14.0,26
2024-06-10,SKU0144,58,0,14.0,26
2024-06-17,SKU0144,47,0,14.0,26
2024-06-24,SKU0144,27,0,14.0,26
2024-07-01,SKU0144,82,230,14.0,26
2024-07-08,SKU0144,61,0,14.0,26
2024-07-15,SKU0144,50,167,14.0,26
2024-07-22,SKU0144,82,275,14.0,26
2024-07-29,SKU0144,39,133,14.0,26
2024-08-05,SKU0144,66,222,14.0,26
2024-08-12,SKU0144,80,268,14.0,26
2024-08-19,SKU0144,45,151,14.0,26
2024-08-26,SKU0144,88,296,14.0,26
2024-09-02,SKU0144,103,298,14.0,26
2024-09-09,SKU0144,27,0,14.0,26
2024-09-16,SKU0144,38,129,14.0,26
2024-09-23,SKU0144,31,106,14.0,26
2024-09-30,SKU0144,72,243,14.0,26
2024-10-07,SKU0144,36,121,14.0,26
2024-10-14,SKU0144,86,287,14.0,26
2024-10-21,SKU0144,52,126,14.0,26
2024-10-28,SKU0144,54,143,14.0,26
2024-11-04,SKU0144,40,0,14.0,26
2024-11-11,SKU0144,29,0,14.0,26
2024-11-18,SKU0144,46,154,14.0,26
2024-11-25,SKU0144,27,0,14.0,26
2024-12-02,SKU0144,55,142,14.0,26
2024-12-09,SKU0144,34,0,14.0,26
2024-12-16,SKU0144,51,171,14.0,26
2024-12-23,SKU0144,35,118,14.0,26
2024-12-30,SKU0144,88,296,14.0,26
2025-01-06,SKU0144,35,119,14.0,26
2025-01-13,SKU0144,85,285,14.0,26
2025-01-20,SKU0144,32,0,14.0,26
2025-01-27,SKU0144,64,216,14.0,26
2025-02-03,SKU0144,50,0,14.0,26
2025-02-10,SKU0144,49,124,14.0,26
2025-02-17,SKU0144,27,0,14.0,26
2025-02-24,SKU0144,82,276,14.0,26
2025-03-03,SKU0144,71,238,14.0,26
2025-03-10,SKU0144,84,255,14.0,26
2025-03-17,SKU0144,73,242,14.0,26
2025-03-24,SKU0144,86,255,14.0,26
2025-03-31,SKU0144,83,253,14.0,26
2025-04-07,SKU0144,65,134,14.0,26
2025-04-14,SKU0144,44,0,14.0,26
2025-04-21,SKU0144,81,273,14.0,26
2025-04-28,SKU0144,65,206,14.0,26
2025-05-05,SKU0144,53,0,14.0,26
2025-05-12,SKU0144,37,0,14.0,26
2025-05-19,SKU0144,40,134,14.0,26
2025-05-26,SKU0144,36,120,14.0,26
2025-06-02,SKU0144,60,203,14.0,26
2025-06-09,SKU0144,41,100,14.0,26
2025-06-16,SKU0144,72,200,14.0,26
2025-06-23,SKU0144,54,181,14.0,26
2025-06-30,SKU0144,39,0,14.0,26
2025-07-07,SKU0144,95,296,14.0,26
2025-07-14,SKU0144,102,273,14.0,26
2025-07-21,SKU0144,57,0,14.0,26
2025-07-28,SKU0144,31,0,14.0,26
2025-08-04,SKU0144,49,164,14.0,26
2025-08-11,SKU0144,87,290,14.0,26
2025-08-18,SKU0144,36,0,14.0,26
2025-08-25,SKU0144,53,179,,26
2025-09-01,SKU0144,45,150,14.0,26
2025-09-08,SKU0144,73,246,14.0,26
2025-09-15,SKU0144,35,0,14.0,26
2025-09-22,SKU0144,30,102,14.0,26
2025-09-29,SKU0144,56,187,14.0,26
2025-10-06,SKU0144,30,0,14.0,26
2025-10-13,SKU0144,81,273,14.0,26
2025-10-20,SKU0144,40,0,14.0,26
2025-10-27,SKU0144,28,0,14.0,26
2025-11-03,SKU0144,38,129,14.0,26
2025-11-10,SKU0144,74,187,14.0,26
2025-11-17,SKU0144,31,0,14.0,26
2025-11-24,SKU0144,60,200,14.0,26
2025-12-01,SKU0144,39,133,14.0,26
2025-12-08,SKU0144,62,148,14.0,26
2025-12-15,SKU0144,85,286,14.0,26
2025-12-22,SKU0144,64,0,14.0,26
2025-12-29,SKU0144,57,193,14.0,26
2024-01-01,SKU0145,228,0,21.0,45
2024-01-08,SKU0145,186,0,21.0,45
2024-01-15,SKU0145,116,0,21.0,45
2024-01-22,SKU0145,120,298,21.0,45
2024-01-29,SKU0145,46,0,21.0,45
2024-02-05,SKU0145,81,218,,45
2024-02-12,SKU0145,62,203,21.0,45
2024-02-19,SKU0145,67,226,21.0,45
2024-02-26,SKU0145,64,215,21.0,45
2024-03-04,SKU0145,57,190,21.0,45
2024-03-11,SKU0145,82,274,21.0,45
2024-03-18,SKU0145,54,181,21.0,45
2024-03-25,SKU0145,96,201,21.0,45
2024-04-01,SKU0145,110,262,21.0,45
2024-04-08,SKU0145,85,0,21.0,45
2024-04-15,SKU0145,71,0,21.0,45
2024-04-22,SKU0145,45,151,21.0,45
2024-04-29,SKU0145,45,133,21.0,45
2024-05-06,SKU0145,77,222,21.0,45
2024-05-13,SKU0145,50,0,21.0,45
2024-05-20,SKU0145,55,122,21.0,45
2024-05-27,SKU0145,91,160,21.0,45
2024-06-03,SKU0145,56,0,21.0,45
2024-06-10,SKU0145,72,242,21.0,45
2024-06-17,SKU0145,47,0,21.0,45
2024-06-24,SKU0145,60,200,21.0,45
2024-07-01,SKU0145,32,108,21.0,45
2024-07-08,SKU0145,77,257,21.0,45
2024-07-15,SKU0145,61,0,21.0,45
2024-07-22,SKU0145,77,258,21.0,45
2024-07-29,SKU0145,70,148,21.0,45
2024-08-05,SKU0145,96,292,21.0,45
2024-08-12,SKU0145,67,0,,45
2024-08-19,SKU0145,47,158,21.0,45
2024-08-26,SKU0145,77,135,21.0,45
2024-09-02,SKU0145,67,187,21.0,45
2024-09-09,SKU0145,73,103,21.0,45
2024-09-16,SKU0145,40,111,21.0,45
2024-09-23,SKU0145,81,271,21.0,45
2024-09-30,SKU0145,64,0,21.0,45
2024-10-07,SKU0145,52,175,21.0,45
2024-10-14,SKU0145,90,167,21.0,45
2024-10-21,SKU0145,38,100,21.0,45
2024-10-28,SKU0145,98,258,21.0,45
2024-11-04,SKU0145,72,200,21.0,45
2024-11-11,SKU0145,42,143,21.0,45
2024-11-18,SKU0145,67,224,21.0,45
2024-11-25,SKU0145,66,222,21.0,45
2024-12-02,SKU0145,51,172,21.0,45
2024-12-09,SKU0145,43,146,21.0,45
2024-12-16,SKU0145,54,181,21.0,45
2024-12-23,SKU0145,85,194,21.0,45
2024-12-30,SKU0145,92,292,21.0,45
2025-01-06,SKU0145,80,0,21.0,45
2025-01-13,SKU0145,83,241,21.0,45
2025-01-20,SKU0145,60,200,21.0,45
2025-01-27,SKU0145,68,116,21.0,45
2025-02-03,SKU0145,54,0,21.0,45
2025-02-10,SKU0145,72,202,21.0,45
2025-02-17,SKU0145,38,129,21.0,45
2025-02-24,SKU0145,64,201,21.0,45
2025-03-03,SKU0145,61,148,21.0,45
2025-03-10,SKU0145,71,106,21.0,45
2025-03-17,SKU0145,51,0,21.0,45
2025-03-24,SKU0145,125,291,21.0,45
2025-03-31,SKU0145,95,0,21.0,45
2025-04-07,SKU0145,120,289,21.0,45
2025-04-14,SKU0145,49,0,21.0,45
2025-04-21,SKU0145,51,170,21.0,45
2025-04-28,SKU0145,88,296,21.0,45
2025-05-05,SKU0145,60,0,21.0,45
2025-05-12,SKU0145,77,258,21.0,45
2025-05-19,SKU0145,82,276,21.0,45
2025-05-26,SKU0145,65,0,21.0,45
2025-06-02,SKU0145,53,179,21.0,45
2025-06-09,SKU0145,88,277,21.0,45
2025-06-16,SKU0145,112,227,21.0,45
2025-06-23,SKU0145,61,0,21.0,45
2025-06-30,SKU0145,60,200,21.0,45
2025-07-07,SKU0145,95,197,21.0,45
2025-07-14,SKU0145,89,165,21.0,45
2025-07-21,SKU0145,51,0,21.0,45
2025-07-28,SKU0145,61,205,21.0,45
2025-08-04,SKU0145,58,160,21.0,45
2025-08-11,SKU0145,38,129,21.0,45
2025-08-18,SKU0145,74,248,21.0,45
2025-08-25,SKU0145,48,0,21.0,45
2025-09-01,SKU0145,83,277,21.0,45
2025-09-08,SKU0145,100,243,21.0,45
2025-09-15,SKU0145,53,0,21.0,45
2025-09-22,SKU0145,70,191,21.0,45
2025-09-29,SKU0145,72,121,21.0,45
2025-10-06,SKU0145,95,175,21.0,45
2025-10-13,SKU0145,52,0,21.0,45
2025-10-20,SKU0145,39,117,21.0,45
2025-10-27,SKU0145,87,292,21.0,45
2025-11-03,SKU0145,53,0,21.0,45
2025-11-10,SKU0145,127,298,21.0,45
2025-11-17,SKU0145,69,0,21.0,45
2025-11-24,SKU0145,117,268,21.0,45
2025-12-01,SKU0145,72,0,21.0,45
2025-12-08,SKU0145,56,160,21.0,45
2025-12-15,SKU0145,76,255,21.0,45
2025-12-22,SKU0145,103,202,21.0,45
2025-12-29,SKU0145,89,0,21.0,45
2024-01-01,SKU0146,297,0,14.0,142
2024-01-08,SKU0146,244,0,14.0,142
2024-01-15,SKU0146,201,0,14.0,142
2024-01-22,SKU0146,166,205,14.0,142
2024-01-29,SKU0146,193,220,14.0,142
2024-02-05,SKU0146,160,0,14.0,142
2024-02-12,SKU0146,114,170,14.0,142
2024-02-19,SKU0146,143,181,14.0,142
2024-02-26,SKU0146,96,164,14.0,142
2024-03-04,SKU0146,141,272,14.0,142
2024-03-11,SKU0146,183,174,14.0,142
2024-03-18,SKU0146,158,0,14.0,142
2024-03-25,SKU0146,198,297,14.0,142
2024-04-01,SKU0146,178,0,14.0,142
2024-04-08,SKU0146,155,242,14.0,142
2024-04-15,SKU0146,155,107,14.0,142
2024-04-22,SKU0146,197,286,14.0,142
2024-04-29,SKU0146,167,221,14.0,142
2024-05-06,SKU0146,151,132,14.0,142
2024-05-13,SKU0146,154,119,14.0,142
2024-05-20,SKU0146,162,178,14.0,142
2024-05-27,SKU0146,206,251,14.0,142
2024-06-03,SKU0146,191,0,14.0,142
2024-06-10,SKU0146,174,0,14.0,142
2024-06-17,SKU0146,144,0,14.0,142
2024-06-24,SKU0146,92,157,14.0,142
2024-07-01,SKU0146,144,244,14.0,142
2024-07-08,SKU0146,91,114,14.0,142
2024-07-15,SKU0146,113,104,14.0,142
2024-07-22,SKU0146,83,222,14.0,142
2024-07-29,SKU0146,31,105,14.0,142
2024-08-05,SKU0146,93,270,14.0,142
2024-08-12,SKU0146,82,159,14.0,142
2024-08-19,SKU0146,102,123,14.0,142
2024-08-26,SKU0146,129,261,14.0,142
2024-09-02,SKU0146,138,205,14.0,142
2024-09-09,SKU0146,186,245,14.0,142
2024-09-16,SKU0146,154,222,14.0,142
2024-09-23,SKU0146,127,122,14.0,142
2024-09-30,SKU0146,112,153,14.0,142
2024-10-07,SKU0146,117,221,14.0,142
2024-10-14,SKU0146,133,189,14.0,142
2024-10-21,SKU0146,130,200,14.0,142
2024-10-28,SKU0146,137,123,14.0,142
2024-11-04,SKU0146,118,137,14.0,142
2024-11-11,SKU0146,186,274,14.0,142
2024-11-18,SKU0146,190,273,14.0,142
2024-11-25,SKU0146,165,0,14.0,142
2024-12-02,SKU0146,194,230,14.0,142
2024-12-09,SKU0146,178,0,14.0,142
2024-12-16,SKU0146,176,196,14.0,142
2024-12-23,SKU0146,192,230,14.0,142
2024-12-30,SKU0146,149,0,14.0,142
2025-01-06,SKU0146,90,102,14.0,142
2025-01-13,SKU0146,57,139,14.0,142
2025-01-20,SKU0146,84,283,14.0,142
2025-01-27,SKU0146,92,192,14.0,142
2025-02-03,SKU0146,92,158,14.0,142
2025-02-10,SKU0146,142,288,14.0,142
2025-02-17,SKU0146,121,188,14.0,142
2025-02-24,SKU0146,158,194,14.0,142
2025-03-03,SKU0146,169,255,14.0,142
2025-03-10,SKU0146,143,166,14.0,142
2025-03-17,SKU0146,138,178,14.0,142
2025-03-24,SKU0146,111,134,14.0,142
2025-03-31,SKU0146,124,148,14.0,142
2025-04-07,SKU0146,143,264,14.0,142
2025-04-14,SKU0146,191,271,14.0,142
2025-04-21,SKU0146,184,152,14.0,142
2025-04-28,SKU0146,159,0,14.0,142
2025-05-05,SKU0146,148,111,14.0,142
2025-05-12,SKU0146,129,257,14.0,142
2025-05-19,SKU0146,141,267,14.0,142
2025-05-26,SKU0146,209,274,14.0,142
2025-06-02,SKU0146,148,0,14.0,142
2025-06-09,SKU0146,210,279,14.0,142
2025-06-16,SKU0146,188,0,14.0,142
2025-06-23,SKU0146,189,263,14.0,142
2025-06-30,SKU0146,184,288,14.0,142
2025-07-07,SKU0146,152,173,14.0,142
2025-07-14,SKU0146,140,218,14.0,142
2025-07-21,SKU0146,180,275,14.0,142
2025-07-28,SKU0146,168,0,14.0,142
2025-08-04,SKU0146,135,179,14.0,142
2025-08-11,SKU0146,109,168,14.0,142
2025-08-18,SKU0146,97,242,14.0,142
2025-08-25,SKU0146,62,142,14.0,142
2025-09-01,SKU0146,82,264,14.0,142
2025-09-08,SKU0146,107,225,14.0,142
2025-09-15,SKU0146,155,267,14.0,142
2025-09-22,SKU0146,194,239,14.0,142
2025-09-29,SKU0146,195,188,14.0,142
2025-10-06,SKU0146,178,0,14.0,142
2025-10-13,SKU0146,219,278,14.0,142
2025-10-20,SKU0146,154,0,14.0,142
2025-10-27,SKU0146,113,132,14.0,142
2025-11-03,SKU0146,71,177,14.0,142
2025-11-10,SKU0146,113,182,14.0,142
2025-11-17,SKU0146,90,120,14.0,142
2025-11-24,SKU0146,100,225,14.0,142
2025-12-01,SKU0146,88,121,14.0,142
2025-12-08,SKU0146,106,242,14.0,142
2025-12-15,SKU0146,102,113,14.0,142
2025-12-22,SKU0146,132,150,14.0,142
2025-12-29,SKU0146,133,129,14.0,142
2024-01-01,SKU0147,360,0,21.0,100
2024-01-08,SKU0147,334,0,21.0,100
2024-01-15,SKU0147,267,0,21.0,100
2024-01-22,SKU0147,200,0,21.0,100
2024-01-29,SKU0147,121,0,21.0,100
2024-02-05,SKU0147,150,210,21.0,100
2024-02-12,SKU0147,171,283,21.0,100
2024-02-19,SKU0147,150,0,21.0,100
2024-02-26,SKU0147,92,122,21.0,100
2024-03-04,SKU0147,82,143,21.0,100
2024-03-11,SKU0147,108,206,21.0,100
2024-03-18,SKU0147,153,219,21.0,100
2024-03-25,SKU0147,102,0,21.0,100
2024-04-01,SKU0147,145,296,21.0,100
2024-04-08,SKU0147,140,248,21.0,100
2024-04-15,SKU0147,102,110,21.0,100
2024-04-22,SKU0147,100,123,21.0,100
2024-04-29,SKU0147,69,120,,100
2024-05-06,SKU0147,76,107,21.0,100
2024-05-13,SKU0147,91,160,21.0,100
2024-05-20,SKU0147,78,157,,100
2024-05-27,SKU0147,113,195,21.0,100
2024-06-03,SKU0147,90,154,21.0,100
2024-06-10,SKU0147,83,113,21.0,100
2024-06-17,SKU0147,51,172,21.0,100
2024-06-24,SKU0147,38,128,21.0,100
2024-07-01,SKU0147,71,237,21.0,100
2024-07-08,SKU0147,43,144,21.0,100
2024-07-15,SKU0147,89,238,21.0,100
2024-07-22,SKU0147,51,173,21.0,100
2024-07-29,SKU0147,80,174,21.0,100
2024-08-05,SKU0147,107,199,21.0,100
2024-08-12,SKU0147,180,294,21.0,100
2024-08-19,SKU0147,125,0,21.0,100
2024-08-26,SKU0147,140,183,21.0,100
2024-09-02,SKU0147,144,260,21.0,100
2024-09-09,SKU0147,120,0,21.0,100
2024-09-16,SKU0147,65,135,21.0,100
2024-09-23,SKU0147,80,245,21.0,100
2024-09-30,SKU0147,102,222,21.0,100
2024-10-07,SKU0147,142,211,21.0,100
2024-10-14,SKU0147,105,0,21.0,100
2024-10-21,SKU0147,123,285,21.0,100
2024-10-28,SKU0147,148,171,21.0,100
2024-11-04,SKU0147,108,188,21.0,100
2024-11-11,SKU0147,57,126,21.0,100
2024-11-18,SKU0147,87,291,21.0,100
2024-11-25,SKU0147,113,203,21.0,100
2024-12-02,SKU0147,104,137,21.0,100
2024-12-09,SKU0147,100,234,21.0,100
2024-12-16,SKU0147,71,155,21.0,100
2024-12-23,SKU0147,100,233,,100
2024-12-30,SKU0147,128,161,21.0,100
2025-01-06,SKU0147,67,106,21.0,100
2025-01-13,SKU0147,39,130,21.0,100
2025-01-20,SKU0147,45,150,21.0,100
2025-01-27,SKU0147,51,124,21.0,100
2025-02-03,SKU0147,77,257,21.0,100
2025-02-10,SKU0147,78,221,21.0,100
2025-02-17,SKU0147,96,254,21.0,100
2025-02-24,SKU0147,100,150,21.0,100
2025-03-03,SKU0147,135,218,21.0,100
2025-03-10,SKU0147,142,272,21.0,100
2025-03-17,SKU0147,186,291,21.0,100
2025-03-24,SKU0147,141,0,21.0,100
2025-03-31,SKU0147,130,0,21.0,100
2025-04-07,SKU0147,142,181,21.0,100
2025-04-14,SKU0147,121,139,21.0,100
2025-04-21,SKU0147,164,285,21.0,100
2025-04-28,SKU0147,153,210,21.0,100
2025-05-05,SKU0147,128,155,21.0,100
2025-05-12,SKU0147,115,141,21.0,100
2025-05-19,SKU0147,76,139,21.0,100
2025-05-26,SKU0147,41,139,21.0,100
2025-06-02,SKU0147,39,132,21.0,100
2025-06-09,SKU0147,52,176,21.0,100
2025-06-16,SKU0147,58,102,21.0,100
2025-06-23,SKU0147,110,286,21.0,100
2025-06-30,SKU0147,118,100,21.0,100
2025-07-07,SKU0147,165,265,21.0,100
2025-07-14,SKU0147,107,0,21.0,100
2025-07-21,SKU0147,92,204,21.0,100
2025-07-28,SKU0147,59,149,21.0,100
2025-08-04,SKU0147,52,175,21.0,100
2025-08-11,SKU0147,45,153,21.0,100
2025-08-18,SKU0147,83,279,21.0,100
2025-08-25,SKU0147,70,123,21.0,100
2025-09-01,SKU0147,123,229,21.0,100
2025-09-08,SKU0147,105,115,21.0,100
2025-09-15,SKU0147,102,270,21.0,100
2025-09-22,SKU0147,147,270,21.0,100
2025-09-29,SKU0147,119,0,21.0,100
2025-10-06,SKU0147,62,111,21.0,100
2025-10-13,SKU0147,70,236,21.0,100
2025-10-20,SKU0147,106,298,21.0,100
2025-10-27,SKU0147,143,249,21.0,100
2025-11-03,SKU0147,110,0,21.0,100
2025-11-10,SKU0147,90,208,21.0,100
2025-11-17,SKU0147,109,263,21.0,100
2025-11-24,SKU0147,100,161,21.0,100
2025-12-01,SKU0147,92,281,21.0,100
2025-12-08,SKU0147,101,298,21.0,100
2025-12-15,SKU0147,98,193,21.0,100
2025-12-22,SKU0147,102,160,21.0,100
2025-12-29,SKU0147,87,260,21.0,100
2024-10-28,SKU0148,94,114,14.0,78
2024-11-04,SKU0148,87,151,14.0,78
2024-11-11,SKU0148,120,216,14.0,78
2024-11-18,SKU0148,130,199,14.0,78
2024-11-25,SKU0148,104,193,14.0,78
2024-12-02,SKU0148,90,0,14.0,78
2024-12-09,SKU0148,148,280,14.0,78
2024-12-16,SKU0148,107,0,14.0,78
2024-12-23,SKU0148,128,246,14.0,78
2024-12-30,SKU0148,107,0,14.0,78
2025-01-06,SKU0148,152,267,14.0,78
2025-01-13,SKU0148,92,0,14.0,78
2025-01-20,SKU0148,138,249,14.0,78
2025-01-27,SKU0148,94,0,14.0,78
2025-02-03,SKU0148,103,272,14.0,78
2025-02-10,SKU0148,90,0,14.0,78
2025-02-17,SKU0148,129,224,14.0,78
2025-02-24,SKU0148,78,0,14.0,78
2025-03-03,SKU0148,91,112,14.0,78
2025-03-10,SKU0148,108,189,14.0,78
2025-03-17,SKU0148,106,210,14.0,78
2025-03-24,SKU0148,97,183,14.0,78
2025-03-31,SKU0148,116,193,14.0,78
2025-04-07,SKU0148,100,121,14.0,78
2025-04-14,SKU0148,107,141,14.0,78
2025-04-21,SKU0148,137,249,14.0,78
2025-04-28,SKU0148,103,0,14.0,78
2025-05-05,SKU0148,90,0,14.0,78
2025-05-12,SKU0148,119,250,14.0,78
2025-05-19,SKU0148,128,175,14.0,78
2025-05-26,SKU0148,87,125,14.0,78
2025-06-02,SKU0148,100,124,14.0,78
2025-06-09,SKU0148,36,110,14.0,78
2025-06-16,SKU0148,33,113,14.0,78
2025-06-23,SKU0148,67,224,14.0,78
2025-06-30,SKU0148,65,217,14.0,78
2025-07-07,SKU0148,87,164,14.0,78
2025-07-14,SKU0148,115,202,14.0,78
2025-07-21,SKU0148,83,0,14.0,78
2025-07-28,SKU0148,88,288,14.0,78
2025-08-04,SKU0148,103,279,14.0,78
2025-08-11,SKU0148,101,245,14.0,78
2025-08-18,SKU0148,69,180,14.0,78
2025-08-25,SKU0148,57,193,14.0,78
2025-09-01,SKU0148,63,212,14.0,78
2025-09-08,SKU0148,51,171,14.0,78
2025-09-15,SKU0148,54,181,14.0,78
2025-09-22,SKU0148,79,266,14.0,78
2025-09-29,SKU0148,96,111,14.0,78
2025-10-06,SKU0148,124,253,14.0,78
2025-10-13,SKU0148,159,299,14.0,78
2025-10-20,SKU0148,122,0,14.0,78
2025-10-27,SKU0148,149,269,14.0,78
2025-11-03,SKU0148,113,0,14.0,78
2025-11-10,SKU0148,73,100,14.0,78
2025-11-17,SKU0148,101,283,14.0,78
2025-11-24,SKU0148,119,203,14.0,78
2025-12-01,SKU0148,92,0,14.0,78
2025-12-08,SKU0148,101,136,14.0,78
2025-12-15,SKU0148,95,268,14.0,78
2025-12-22,SKU0148,83,222,14.0,78
2025-12-29,SKU0148,97,118,14.0,78
2024-01-01,SKU0149,262,0,14.0,127
2024-01-08,SKU0149,230,0,14.0,127
2024-01-15,SKU0149,130,0,14.0,127
2024-01-22,SKU0149,125,202,14.0,127
2024-01-29,SKU0149,110,225,14.0,127
2024-02-05,SKU0149,113,145,14.0,127
2024-02-12,SKU0149,101,207,14.0,127
2024-02-19,SKU0149,112,198,14.0,127
2024-02-26,SKU0149,127,113,14.0,127
2024-03-04,SKU0149,97,140,14.0,127
2024-03-11,SKU0149,102,266,14.0,127
2024-03-18,SKU0149,104,124,14.0,127
2024-03-25,SKU0149,92,267,14.0,127
2024-04-01,SKU0149,106,167,14.0,127
2024-04-08,SKU0149,106,183,14.0,127
2024-04-15,SKU0149,150,292,14.0,127
2024-04-22,SKU0149,140,231,14.0,127
2024-04-29,SKU0149,126,155,14.0,127
2024-05-06,SKU0149,158,168,14.0,127
2024-05-13,SKU0149,185,290,14.0,127
2024-05-20,SKU0149,168,143,14.0,127
2024-05-27,SKU0149,140,0,14.0,127
2024-06-03,SKU0149,93,112,14.0,127
2024-06-10,SKU0149,92,241,14.0,127
2024-06-17,SKU0149,96,110,14.0,127
2024-06-24,SKU0149,93,196,14.0,127
2024-07-01,SKU0149,65,190,14.0,127
2024-07-08,SKU0149,30,103,14.0,127
2024-07-15,SKU0149,82,234,14.0,127
2024-07-22,SKU0149,144,263,14.0,127
2024-07-29,SKU0149,150,122,14.0,127
2024-08-05,SKU0149,135,156,14.0,127
2024-08-12,SKU0149,133,273,14.0,127
2024-08-19,SKU0149,137,174,14.0,127
2024-08-26,SKU0149,158,245,14.0,127
2024-09-02,SKU0149,148,0,14.0,127
2024-09-09,SKU0149,154,277,14.0,127
2024-09-16,SKU0149,143,0,14.0,127
2024-09-23,SKU0149,143,143,14.0,127
2024-09-30,SKU0149,124,156,14.0,127
2024-10-07,SKU0149,154,290,14.0,127
2024-10-14,SKU0149,150,297,14.0,127
2024-10-21,SKU0149,134,0,14.0,127
2024-10-28,SKU0149,101,162,14.0,127
2024-11-04,SKU0149,60,135,14.0,127
2024-11-11,SKU0149,92,223,14.0,127
2024-11-18,SKU0149,106,217,14.0,127
2024-11-25,SKU0149,66,110,14.0,127
2024-12-02,SKU0149,52,134,14.0,127
2024-12-09,SKU0149,68,146,14.0,127
2024-12-16,SKU0149,65,217,14.0,127
2024-12-23,SKU0149,97,198,,127
2024-12-30,SKU0149,120,230,14.0,127
2025-01-06,SKU0149,125,170,14.0,127
2025-01-13,SKU0149,136,184,14.0,127
2025-01-20,SKU0149,184,202,14.0,127
2025-01-27,SKU0149,163,0,14.0,127
2025-02-03,SKU0149,111,145,14.0,127
2025-02-10,SKU0149,112,245,14.0,127
2025-02-17,SKU0149,108,117,14.0,127
2025-02-24,SKU0149,125,289,14.0,127
2025-03-03,SKU0149,109,218,14.0,127
2025-03-10,SKU0149,119,182,14.0,127
2025-03-17,SKU0149,141,175,14.0,127
2025-03-24,SKU0149,110,161,14.0,127
2025-03-31,SKU0149,124,233,14.0,127
2025-04-07,SKU0149,146,242,14.0,127
2025-04-14,SKU0149,134,171,14.0,127
2025-04-21,SKU0149,127,127,14.0,127
2025-04-28,SKU0149,121,215,14.0,127
2025-05-05,SKU0149,127,173,14.0,127
2025-05-12,SKU0149,150,112,14.0,127
2025-05-19,SKU0149,110,127,14.0,127
2025-05-26,SKU0149,149,227,14.0,127
2025-06-02,SKU0149,109,165,14.0,127
2025-06-09,SKU0149,162,260,14.0,127
2025-06-16,SKU0149,159,112,14.0,127
2025-06-23,SKU0149,171,150,14.0,127
2025-06-30,SKU0149,165,139,14.0,127
2025-07-07,SKU0149,188,234,14.0,127
2025-07-14,SKU0149,171,188,14.0,127
2025-07-21,SKU0149,134,0,14.0,127
2025-07-28,SKU0149,173,201,14.0,127
2025-08-04,SKU0149,163,0,14.0,127
2025-08-11,SKU0149,135,151,14.0,127
2025-08-18,SKU0149,196,291,14.0,127
2025-08-25,SKU0149,143,139,14.0,127
2025-09-01,SKU0149,147,254,14.0,127
2025-09-08,SKU0149,167,272,14.0,127
2025-09-15,SKU0149,175,255,14.0,127
2025-09-22,SKU0149,162,0,14.0,127
2025-09-29,SKU0149,112,159,14.0,127
2025-10-06,SKU0149,163,266,14.0,127
2025-10-13,SKU0149,147,162,14.0,127
2025-10-20,SKU0149,127,201,14.0,127
2025-10-27,SKU0149,159,179,14.0,127
2025-11-03,SKU0149,147,159,14.0,127
2025-11-10,SKU0149,99,171,14.0,127
2025-11-17,SKU0149,105,241,14.0,127
2025-11-24,SKU0149,78,202,14.0,127
2025-12-01,SKU0149,68,201,14.0,127
2025-12-08,SKU0149,70,236,14.0,127
2025-12-15,SKU0149,82,209,14.0,127
2025-12-22,SKU0149,72,240,14.0,127
2025-12-29,SKU0149,120,199,14.0,127
2024-10-28,SKU0150,147,0,7.0,37
2024-11-04,SKU0150,88,0,7.0,37
2024-11-11,SKU0150,76,0,7.0,37
2024-11-18,SKU0150,63,118,7.0,37
2024-11-25,SKU0150,48,0,7.0,37
2024-12-02,SKU0150,30,101,7.0,37
2024-12-09,SKU0150,51,170,7.0,37
2024-12-16,SKU0150,120,280,7.0,37
2024-12-23,SKU0150,73,0,7.0,37
2024-12-30,SKU0150,65,140,7.0,37
2025-01-06,SKU0150,80,157,7.0,37
2025-01-13,SKU0150,39,117,7.0,37
2025-01-20,SKU0150,57,190,7.0,37
2025-01-27,SKU0150,51,171,7.0,37
2025-02-03,SKU0150,87,291,7.0,37
2025-02-10,SKU0150,39,0,,37
2025-02-17,SKU0150,76,255,7.0,37
2025-02-24,SKU0150,50,0,7.0,37
2025-03-03,SKU0150,41,137,7.0,37
2025-03-10,SKU0150,84,245,7.0,37
2025-03-17,SKU0150,73,142,7.0,37
2025-03-24,SKU0150,35,115,7.0,37
2025-03-31,SKU0150,55,163,7.0,37
2025-04-07,SKU0150,70,235,,37
2025-04-14,SKU0150,94,230,7.0,37
2025-04-21,SKU0150,63,142,7.0,37
2025-04-28,SKU0150,82,274,7.0,37
2025-05-05,SKU0150,70,129,7.0,37
2025-05-12,SKU0150,71,185,7.0,37
2025-05-19,SKU0150,73,231,7.0,37
2025-05-26,SKU0150,42,0,7.0,37
2025-06-02,SKU0150,31,106,7.0,37
2025-06-09,SKU0150,35,119,7.0,37
2025-06-16,SKU0150,71,238,7.0,37
2025-06-23,SKU0150,44,0,7.0,37
2025-06-30,SKU0150,54,182,7.0,37
2025-07-07,SKU0150,60,203,7.0,37
2025-07-14,SKU0150,55,186,7.0,37
2025-07-21,SKU0150,83,278,7.0,37
2025-07-28,SKU0150,53,177,7.0,37
2025-08-04,SKU0150,53,169,7.0,37
2025-08-11,SKU0150,74,248,7.0,37
2025-08-18,SKU0150,36,120,7.0,37
2025-08-25,SKU0150,58,194,7.0,37
2025-09-01,SKU0150,38,0,7.0,37
2025-09-08,SKU0150,54,182,7.0,37
2025-09-15,SKU0150,57,192,7.0,37
2025-09-22,SKU0150,98,271,7.0,37
2025-09-29,SKU0150,63,0,7.0,37
2025-10-06,SKU0150,106,242,7.0,37
2025-10-13,SKU0150,48,100,7.0,37
2025-10-20,SKU0150,78,260,7.0,37
2025-10-27,SKU0150,64,0,7.0,37
2025-11-03,SKU0150,80,250,7.0,37
2025-11-10,SKU0150,51,171,7.0,37
2025-11-17,SKU0150,54,180,7.0,37
2025-11-24,SKU0150,47,157,7.0,37
2025-12-01,SKU0150,51,173,7.0,37
2025-12-08,SKU0150,69,233,7.0,37
2025-12-15,SKU0150,55,0,7.0,37
2025-12-22,SKU0150,41,138,7.0,37
2025-12-29,SKU0150,81,271,7.0,37
2024-01-01,SKU0151,202,0,14.0,50
2024-01-08,SKU0151,136,0,14.0,50
2024-01-15,SKU0151,110,0,14.0,50
2024-01-22,SKU0151,86,208,14.0,50
2024-01-29,SKU0151,83,196,14.0,50
2024-02-05,SKU0151,71,237,14.0,50
2024-02-12,SKU0151,106,277,14.0,50
2024-02-19,SKU0151,101,187,14.0,50
2024-02-26,SKU0151,90,0,14.0,50
2024-03-04,SKU0151,77,175,14.0,50
2024-03-11,SKU0151,57,119,14.0,50
2024-03-18,SKU0151,46,117,14.0,50
2024-03-25,SKU0151,57,193,14.0,50
2024-04-01,SKU0151,59,198,14.0,50
2024-04-08,SKU0151,64,216,14.0,50
2024-04-15,SKU0151,77,149,14.0,50
2024-04-22,SKU0151,94,231,14.0,50
2024-04-29,SKU0151,51,0,14.0,50
2024-05-06,SKU0151,38,103,14.0,50
2024-05-13,SKU0151,56,108,14.0,50
2024-05-20,SKU0151,63,211,14.0,50
2024-05-27,SKU0151,68,178,14.0,50
2024-06-03,SKU0151,72,242,14.0,50
2024-06-10,SKU0151,87,290,14.0,50
2024-06-17,SKU0151,55,114,14.0,50
2024-06-24,SKU0151,46,155,14.0,50
2024-07-01,SKU0151,87,212,14.0,50
2024-07-08,SKU0151,68,127,14.0,50
2024-07-15,SKU0151,39,132,14.0,50
2024-07-22,SKU0151,67,226,14.0,50
2024-07-29,SKU0151,54,0,14.0,50
2024-08-05,SKU0151,87,252,14.0,50
2024-08-12,SKU0151,59,0,14.0,50
2024-08-19,SKU0151,30,101,14.0,50
2024-08-26,SKU0151,87,293,14.0,50
2024-09-02,SKU0151,59,0,14.0,50
2024-09-09,SKU0151,115,280,14.0,50
2024-09-16,SKU0151,74,0,14.0,50
2024-09-23,SKU0151,78,139,14.0,50
2024-09-30,SKU0151,63,161,14.0,50
2024-10-07,SKU0151,122,297,14.0,50
2024-10-14,SKU0151,88,0,14.0,50
2024-10-21,SKU0151,97,167,14.0,50
2024-10-28,SKU0151,77,259,14.0,50
2024-11-04,SKU0151,66,0,14.0,50
2024-11-11,SKU0151,48,162,14.0,50
2024-11-18,SKU0151,35,111,14.0,50
2024-11-25,SKU0151,71,238,14.0,50
2024-12-02,SKU0151,74,247,14.0,50
2024-12-09,SKU0151,69,180,14.0,50
2024-12-16,SKU0151,44,148,14.0,50
2024-12-23,SKU0151,55,132,14.0,50
2024-12-30,SKU0151,92,227,14.0,50
2025-01-06,SKU0151,84,135,14.0,50
2025-01-13,SKU0151,68,191,14.0,50
2025-01-20,SKU0151,117,262,14.0,50
2025-01-27,SKU0151,56,0,14.0,50
2025-02-03,SKU0151,111,261,14.0,50
2025-02-10,SKU0151,65,0,14.0,50
2025-02-17,SKU0151,74,139,14.0,50
2025-02-24,SKU0151,86,287,14.0,50
2025-03-03,SKU0151,67,0,14.0,50
2025-03-10,SKU0151,70,236,14.0,50
2025-03-17,SKU0151,46,108,14.0,50
2025-03-24,SKU0151,31,104,14.0,50
2025-03-31,SKU0151,79,263,14.0,50
2025-04-07,SKU0151,62,0,14.0,50
2025-04-14,SKU0151,55,184,14.0,50
2025-04-21,SKU0151,41,138,14.0,50
2025-04-28,SKU0151,46,154,14.0,50
2025-05-05,SKU0151,32,108,14.0,50
2025-05-12,SKU0151,35,118,14.0,50
2025-05-19,SKU0151,39,131,14.0,50
2025-05-26,SKU0151,51,171,14.0,50
2025-06-02,SKU0151,30,101,14.0,50
2025-06-09,SKU0151,49,130,14.0,50
2025-06-16,SKU0151,69,206,14.0,50
2025-06-23,SKU0151,74,174,14.0,50
2025-06-30,SKU0151,77,257,14.0,50
2025-07-07,SKU0151,108,218,14.0,50
2025-07-14,SKU0151,97,0,14.0,50
2025-07-21,SKU0151,83,124,14.0,50
2025-07-28,SKU0151,102,266,14.0,50
2025-08-04,SKU0151,105,197,14.0,50
2025-08-11,SKU0151,75,163,14.0,50
2025-08-18,SKU0151,59,0,14.0,50
2025-08-25,SKU0151,37,126,14.0,50
2025-09-01,SKU0151,59,125,14.0,50
2025-09-08,SKU0151,50,167,14.0,50
2025-09-15,SKU0151,82,274,14.0,50
2025-09-22,SKU0151,37,125,14.0,50
2025-09-29,SKU0151,49,166,14.0,50
2025-10-06,SKU0151,39,131,14.0,50
2025-10-13,SKU0151,92,269,14.0,50
2025-10-20,SKU0151,69,111,14.0,50
2025-10-27,SKU0151,54,181,14.0,50
2025-11-03,SKU0151,48,161,14.0,50
2025-11-10,SKU0151,91,253,14.0,50
2025-11-17,SKU0151,86,192,14.0,50
2025-11-24,SKU0151,67,0,14.0,50
2025-12-01,SKU0151,60,200,14.0,50
2025-12-08,SKU0151,35,118,14.0,50
2025-12-15,SKU0151,62,207,14.0,50
2025-12-22,SKU0151,130,275,14.0,50
2025-12-29,SKU0151,98,211,14.0,50
2024-01-01,SKU0152,377,0,7.0,115
2024-01-08,SKU0152,344,0,7.0,115
2024-01-15,SKU0152,281,0,7.0,115
2024-01-22,SKU0152,230,0,7.0,115
2024-01-29,SKU0152,190,0,7.0,115
2024-02-05,SKU0152,161,0,7.0,115
2024-02-12,SKU0152,175,233,7.0,115
2024-02-19,SKU0152,139,138,7.0,115
2024-02-26,SKU0152,120,0,7.0,115
2024-03-04,SKU0152,75,144,7.0,115
2024-03-11,SKU0152,98,274,7.0,115
2024-03-18,SKU0152,114,293,7.0,115
2024-03-25,SKU0152,73,186,7.0,115
2024-04-01,SKU0152,85,114,7.0,115
2024-04-08,SKU0152,78,212,7.0,115
2024-04-15,SKU0152,71,237,7.0,115
2024-04-22,SKU0152,84,140,7.0,115
2024-04-29,SKU0152,116,224,7.0,115
2024-05-06,SKU0152,168,208,7.0,115
2024-05-13,SKU0152,118,0,7.0,115
2024-05-20,SKU0152,125,156,7.0,115
2024-05-27,SKU0152,169,225,7.0,115
2024-06-03,SKU0152,106,101,7.0,115
2024-06-10,SKU0152,124,282,7.0,115
2024-06-17,SKU0152,126,244,7.0,115
2024-06-24,SKU0152,169,232,7.0,115
2024-07-01,SKU0152,134,202,7.0,115
2024-07-08,SKU0152,164,295,7.0,115
2024-07-15,SKU0152,158,292,7.0,115
2024-07-22,SKU0152,131,0,7.0,115
2024-07-29,SKU0152,139,229,7.0,115
2024-08-05,SKU0152,121,0,7.0,115
2024-08-12,SKU0152,112,142,7.0,115
2024-08-19,SKU0152,103,277,7.0,115
2024-08-26,SKU0152,88,187,7.0,115
2024-09-02,SKU0152,93,154,7.0,115
2024-09-09,SKU0152,112,162,7.0,115
2024-09-16,SKU0152,150,269,7.0,115
2024-09-23,SKU0152,111,184,7.0,115
2024-09-30,SKU0152,119,269,7.0,115
2024-10-07,SKU0152,104,107,7.0,115
2024-10-14,SKU0152,77,214,7.0,115
2024-10-21,SKU0152,112,195,7.0,115
2024-10-28,SKU0152,133,152,7.0,115
2024-11-04,SKU0152,125,179,7.0,115
2024-11-11,SKU0152,112,181,7.0,115
2024-11-18,SKU0152,97,203,7.0,115
2024-11-25,SKU0152,91,251,7.0,115
2024-12-02,SKU0152,68,144,7.0,115
2024-12-09,SKU0152,81,231,7.0,115
2024-12-16,SKU0152,101,246,7.0,115
2024-12-23,SKU0152,124,245,7.0,115
2024-12-30,SKU0152,95,171,7.0,115
2025-01-06,SKU0152,129,163,7.0,115
2025-01-13,SKU0152,145,242,7.0,115
2025-01-20,SKU0152,156,248,7.0,115
2025-01-27,SKU0152,181,288,7.0,115
2025-02-03,SKU0152,127,0,7.0,115
2025-02-10,SKU0152,167,229,,115
2025-02-17,SKU0152,126,0,7.0,115
2025-02-24,SKU0152,96,126,7.0,115
2025-03-03,SKU0152,140,272,7.0,115
2025-03-10,SKU0152,98,158,7.0,115
2025-03-17,SKU0152,115,258,7.0,115
2025-03-24,SKU0152,153,230,7.0,115
2025-03-31,SKU0152,148,142,7.0,115
2025-04-07,SKU0152,188,284,7.0,115
2025-04-14,SKU0152,163,0,7.0,115
2025-04-21,SKU0152,148,0,7.0,115
2025-04-28,SKU0152,169,273,7.0,115
2025-05-05,SKU0152,146,128,7.0,115
2025-05-12,SKU0152,126,205,7.0,115
2025-05-19,SKU0152,177,258,7.0,115
2025-05-26,SKU0152,160,189,7.0,115
2025-06-02,SKU0152,129,199,7.0,115
2025-06-09,SKU0152,189,284,7.0,115
2025-06-16,SKU0152,161,0,7.0,115
2025-06-23,SKU0152,124,0,7.0,115
2025-06-30,SKU0152,96,138,7.0,115
2025-07-07,SKU0152,107,279,7.0,115
2025-07-14,SKU0152,113,217,7.0,115
2025-07-21,SKU0152,172,246,7.0,115
2025-07-28,SKU0152,162,0,7.0,115
2025-08-04,SKU0152,133,0,7.0,115
2025-08-11,SKU0152,117,0,7.0,115
2025-08-18,SKU0152,127,160,7.0,115
2025-08-25,SKU0152,129,199,7.0,115
2025-09-01,SKU0152,119,0,7.0,115
2025-09-08,SKU0152,120,223,7.0,115
2025-09-15,SKU0152,118,114,7.0,115
2025-09-22,SKU0152,137,235,7.0,115
2025-09-29,SKU0152,102,177,7.0,115
2025-10-06,SKU0152,100,215,7.0,115
2025-10-13,SKU0152,109,222,7.0,115
2025-10-20,SKU0152,138,153,7.0,115
2025-10-27,SKU0152,112,172,7.0,115
2025-11-03,SKU0152,77,197,7.0,115
2025-11-10,SKU0152,71,238,7.0,115
2025-11-17,SKU0152,79,116,7.0,115
2025-11-24,SKU0152,63,182,7.0,115
2025-12-01,SKU0152,69,230,7.0,115
2025-12-08,SKU0152,85,284,7.0,115
2025-12-15,SKU0152,107,129,7.0,115
2025-12-22,SKU0152,78,158,7.0,115
2025-12-29,SKU0152,77,145,7.0,115
2024-01-01,SKU0153,269,0,14.0,84
2024-01-08,SKU0153,247,0,14.0,84
2024-01-15,SKU0153,228,0,14.0,84
2024-01-22,SKU0153,218,0,14.0,84
2024-01-29,SKU0153,147,0,14.0,84
2024-02-05,SKU0153,116,129,14.0,84
2024-02-12,SKU0153,146,254,14.0,84
2024-02-19,SKU0153,127,0,14.0,84
2024-02-26,SKU0153,126,270,14.0,84
2024-03-04,SKU0153,107,243,14.0,84
2024-03-11,SKU0153,167,288,14.0,84
2024-03-18,SKU0153,89,0,14.0,84
2024-03-25,SKU0153,104,254,14.0,84
2024-04-01,SKU0153,144,273,14.0,84
2024-04-08,SKU0153,124,0,14.0,84
2024-04-15,SKU0153,105,0,14.0,84
2024-04-22,SKU0153,49,112,14.0,84
2024-04-29,SKU0153,52,174,14.0,84
2024-05-06,SKU0153,36,121,14.0,84
2024-05-13,SKU0153,44,147,14.0,84
2024-05-20,SKU0153,70,236,14.0,84
2024-05-27,SKU0153,65,198,14.0,84
2024-06-03,SKU0153,75,151,14.0,84
2024-06-10,SKU0153,77,259,14.0,84
2024-06-17,SKU0153,122,207,14.0,84
2024-06-24,SKU0153,112,170,14.0,84
2024-07-01,SKU0153,86,0,14.0,84
2024-07-08,SKU0153,94,159,14.0,84
2024-07-15,SKU0153,69,227,14.0,84
2024-07-22,SKU0153,89,187,14.0,84
2024-07-29,SKU0153,109,240,14.0,84
2024-08-05,SKU0153,84,0,14.0,84
2024-08-12,SKU0153,87,203,14.0,84
2024-08-19,SKU0153,77,259,14.0,84
2024-08-26,SKU0153,59,197,14.0,84
2024-09-02,SKU0153,49,166,14.0,84
2024-09-09,SKU0153,88,294,14.0,84
2024-09-16,SKU0153,137,278,14.0,84
2024-09-23,SKU0153,110,0,14.0,84
2024-09-30,SKU0153,115,159,14.0,84
2024-10-07,SKU0153,64,126,14.0,84
2024-10-14,SKU0153,80,268,14.0,84
2024-10-21,SKU0153,55,124,14.0,84
2024-10-28,SKU0153,94,222,14.0,84
2024-11-04,SKU0153,63,185,14.0,84
2024-11-11,SKU0153,44,114,14.0,84
2024-11-18,SKU0153,46,108,14.0,84
2024-11-25,SKU0153,52,150,14.0,84
2024-12-02,SKU0153,58,184,14.0,84
2024-12-09,SKU0153,34,114,14.0,84
2024-12-16,SKU0153,69,207,14.0,84
2024-12-23,SKU0153,54,181,14.0,84
2024-12-30,SKU0153,74,249,14.0,84
2025-01-06,SKU0153,45,151,14.0,84
2025-01-13,SKU0153,79,226,14.0,84
2025-01-20,SKU0153,87,291,14.0,84
2025-01-27,SKU0153,70,117,14.0,84
2025-02-03,SKU0153,60,203,14.0,84
2025-02-10,SKU0153,51,173,14.0,84
2025-02-17,SKU0153,73,244,14.0,84
2025-02-24,SKU0153,125,248,14.0,84
2025-03-03,SKU0153,101,0,14.0,84
2025-03-10,SKU0153,108,258,14.0,84
2025-03-17,SKU0153,63,136,14.0,84
2025-03-24,SKU0153,71,193,14.0,84
2025-03-31,SKU0153,65,219,14.0,84
2025-04-07,SKU0153,79,155,14.0,84
2025-04-14,SKU0153,42,143,14.0,84
2025-04-21,SKU0153,41,137,14.0,84
2025-04-28,SKU0153,62,191,14.0,84
2025-05-05,SKU0153,75,203,14.0,84
2025-05-12,SKU0153,71,108,14.0,84
2025-05-19,SKU0153,42,141,14.0,84
2025-05-26,SKU0153,78,261,14.0,84
2025-06-02,SKU0153,113,170,14.0,84
2025-06-09,SKU0153,113,270,14.0,84
2025-06-16,SKU0153,119,251,,84
2025-06-23,SKU0153,148,286,14.0,84
2025-06-30,SKU0153,134,0,14.0,84
2025-07-07,SKU0153,112,161,14.0,84
2025-07-14,SKU0153,124,139,14.0,84
2025-07-21,SKU0153,91,0,14.0,84
2025-07-28,SKU0153,77,114,14.0,84
2025-08-04,SKU0153,115,268,14.0,84
2025-08-11,SKU0153,121,276,,84
2025-08-18,SKU0153,113,116,14.0,84
2025-08-25,SKU0153,109,192,14.0,84
2025-09-01,SKU0153,90,179,14.0,84
2025-09-08,SKU0153,36,123,14.0,84
2025-09-15,SKU0153,30,103,14.0,84
2025-09-22,SKU0153,39,133,14.0,84
2025-09-29,SKU0153,42,142,14.0,84
2025-10-06,SKU0153,81,230,14.0,84
2025-10-13,SKU0153,98,148,14.0,84
2025-10-20,SKU0153,97,136,14.0,84
2025-10-27,SKU0153,84,0,14.0,84
2025-11-03,SKU0153,74,112,14.0,84
2025-11-10,SKU0153,55,139,14.0,84
2025-11-17,SKU0153,43,144,14.0,84
2025-11-24,SKU0153,43,123,14.0,84
2025-12-01,SKU0153,72,243,14.0,84
2025-12-08,SKU0153,49,166,14.0,84
2025-12-15,SKU0153,88,196,14.0,84
2025-12-22,SKU0153,105,271,14.0,84
2025-12-29,SKU0153,134,169,14.0,84
2024-03-04,SKU0154,206,0,14.0,40
2024-03-11,SKU0154,161,0,14.0,40
2024-03-18,SKU0154,147,0,14.0,40
2024-03-25,SKU0154,128,0,14.0,40
2024-04-01,SKU0154,70,122,14.0,40
2024-04-08,SKU0154,91,297,14.0,40
2024-04-15,SKU0154,65,0,14.0,40
2024-04-22,SKU0154,44,0,14.0,40
2024-04-29,SKU0154,53,178,14.0,40
2024-05-06,SKU0154,84,280,14.0,40
2024-05-13,SKU0154,86,287,14.0,40
2024-05-20,SKU0154,69,0,14.0,40
2024-05-27,SKU0154,75,250,14.0,40
2024-06-03,SKU0154,68,134,14.0,40
2024-06-10,SKU0154,87,290,14.0,40
2024-06-17,SKU0154,61,0,14.0,40
2024-06-24,SKU0154,50,169,14.0,40
2024-07-01,SKU0154,69,231,14.0,40
2024-07-08,SKU0154,65,219,14.0,40
2024-07-15,SKU0154,75,150,14.0,40
2024-07-22,SKU0154,82,275,14.0,40
2024-07-29,SKU0154,46,0,14.0,40
2024-08-05,SKU0154,79,264,14.0,40
2024-08-12,SKU0154,76,221,14.0,40
2024-08-19,SKU0154,60,202,14.0,40
2024-08-26,SKU0154,41,139,14.0,40
2024-09-02,SKU0154,61,205,14.0,40
2024-09-09,SKU0154,50,0,14.0,40
2024-09-16,SKU0154,66,220,14.0,40
2024-09-23,SKU0154,48,115,14.0,40
2024-09-30,SKU0154,38,128,14.0,40
2024-10-07,SKU0154,37,118,14.0,40
2024-10-14,SKU0154,69,232,14.0,40
2024-10-21,SKU0154,74,184,14.0,40
2024-10-28,SKU0154,83,278,14.0,40
2024-11-04,SKU0154,65,0,14.0,40
2024-11-11,SKU0154,45,0,14.0,40
2024-11-18,SKU0154,53,179,14.0,40
2024-11-25,SKU0154,49,166,14.0,40
2024-12-02,SKU0154,62,208,14.0,40
2024-12-09,SKU0154,47,0,14.0,40
2024-12-16,SKU0154,54,181,14.0,40
2024-12-23,SKU0154,61,204,14.0,40
2024-12-30,SKU0154,40,135,14.0,40
2025-01-06,SKU0154,81,270,14.0,40
2025-01-13,SKU0154,78,180,14.0,40
2025-01-20,SKU0154,72,237,14.0,40
2025-01-27,SKU0154,86,289,14.0,40
2025-02-03,SKU0154,45,0,14.0,40
2025-02-10,SKU0154,69,230,14.0,40
2025-02-17,SKU0154,101,243,14.0,40
2025-02-24,SKU0154,53,0,14.0,40
2025-03-03,SKU0154,71,154,14.0,40
2025-03-10,SKU0154,86,289,14.0,40
2025-03-17,SKU0154,104,283,14.0,40
2025-03-24,SKU0154,44,0,14.0,40
2025-03-31,SKU0154,79,255,14.0,40
2025-04-07,SKU0154,92,239,14.0,40
2025-04-14,SKU0154,78,0,14.0,40
2025-04-21,SKU0154,100,253,14.0,40
2025-04-28,SKU0154,63,0,14.0,40
2025-05-05,SKU0154,105,258,14.0,40
2025-05-12,SKU0154,49,0,14.0,40
2025-05-19,SKU0154,72,142,14.0,40
2025-05-26,SKU0154,48,161,14.0,40
2025-06-02,SKU0154,35,119,14.0,40
2025-06-09,SKU0154,30,101,14.0,40
2025-06-16,SKU0154,50,169,14.0,40
2025-06-23,SKU0154,54,183,14.0,40
2025-06-30,SKU0154,53,177,14.0,40
2025-07-07,SKU0154,58,195,14.0,40
2025-07-14,SKU0154,36,123,14.0,40
2025-07-21,SKU0154,67,226,14.0,40
2025-07-28,SKU0154,76,237,14.0,40
2025-08-04,SKU0154,40,0,14.0,40
2025-08-11,SKU0154,73,188,14.0,40
2025-08-18,SKU0154,66,223,14.0,40
2025-08-25,SKU0154,80,183,14.0,40
2025-09-01,SKU0154,72,218,14.0,40
2025-09-08,SKU0154,101,218,14.0,40
2025-09-15,SKU0154,83,0,14.0,40
2025-09-22,SKU0154,89,298,14.0,40
2025-09-29,SKU0154,80,154,14.0,40
2025-10-06,SKU0154,47,0,14.0,40
2025-10-13,SKU0154,106,266,14.0,40
2025-10-20,SKU0154,72,0,14.0,40
2025-10-27,SKU0154,81,272,14.0,40
2025-11-03,SKU0154,67,225,14.0,40
2025-11-10,SKU0154,49,102,14.0,40
2025-11-17,SKU0154,70,235,14.0,40
2025-11-24,SKU0154,45,152,14.0,40
2025-12-01,SKU0154,64,214,14.0,40
2025-12-08,SKU0154,79,237,14.0,40
2025-12-15,SKU0154,101,292,14.0,40
2025-12-22,SKU0154,41,0,14.0,40
2025-12-29,SKU0154,79,233,14.0,40
2024-01-01,SKU0155,100,146,14.0,134
2024-01-08,SKU0155,81,205,14.0,134
2024-01-15,SKU0155,56,179,14.0,134
2024-01-22,SKU0155,72,126,14.0,134
2024-01-29,SKU0155,77,218,14.0,134
2024-02-05,SKU0155,93,159,14.0,134
2024-02-12,SKU0155,80,251,14.0,134
2024-02-19,SKU0155,60,111,14.0,134
2024-02-26,SKU0155,56,189,14.0,134
2024-03-04,SKU0155,36,121,14.0,134
2024-03-11,SKU0155,78,261,14.0,134
2024-03-18,SKU0155,67,144,14.0,134
2024-03-25,SKU0155,122,240,14.0,134
2024-04-01,SKU0155,133,274,14.0,134
2024-04-08,SKU0155,156,257,14.0,134
2024-04-15,SKU0155,195,279,14.0,134
2024-04-22,SKU0155,195,251,14.0,134
2024-04-29,SKU0155,175,0,14.0,134
2024-05-06,SKU0155,178,173,14.0,134
2024-05-13,SKU0155,141,111,14.0,134
2024-05-20,SKU0155,121,260,14.0,134
2024-05-27,SKU0155,124,224,14.0,134
2024-06-03,SKU0155,108,203,14.0,134
2024-06-10,SKU0155,129,226,14.0,134
2024-06-17,SKU0155,178,213,14.0,134
2024-06-24,SKU0155,140,0,14.0,134
2024-07-01,SKU0155,157,274,14.0,134
2024-07-08,SKU0155,101,118,14.0,134
2024-07-15,SKU0155,69,145,14.0,134
2024-07-22,SKU0155,58,184,14.0,134
2024-07-29,SKU0155,52,175,14.0,134
2024-08-05,SKU0155,56,187,14.0,134
2024-08-12,SKU0155,76,254,14.0,134
2024-08-19,SKU0155,77,168,14.0,134
2024-08-26,SKU0155,52,176,14.0,134
2024-09-02,SKU0155,92,204,14.0,134
2024-09-09,SKU0155,94,149,14.0,134
2024-09-16,SKU0155,62,173,14.0,134
2024-09-23,SKU0155,72,198,,134
2024-09-30,SKU0155,80,204,14.0,134
2024-10-07,SKU0155,92,233,14.0,134
2024-10-14,SKU0155,99,219,14.0,134
2024-10-21,SKU0155,94,180,14.0,134
2024-10-28,SKU0155,142,287,14.0,134
2024-11-04,SKU0155,148,148,14.0,134
2024-11-11,SKU0155,137,279,14.0,134
2024-11-18,SKU0155,137,223,14.0,134
2024-11-25,SKU0155,130,117,14.0,134
2024-12-02,SKU0155,98,111,14.0,134
2024-12-09,SKU0155,165,264,14.0,134
2024-12-16,SKU0155,139,0,14.0,134
2024-12-23,SKU0155,136,211,14.0,134
2024-12-30,SKU0155,104,163,14.0,134
2025-01-06,SKU0155,111,138,14.0,134
2025-01-13,SKU0155,136,202,14.0,134
2025-01-20,SKU0155,105,173,14.0,134
2025-01-27,SKU0155,98,149,14.0,134
2025-02-03,SKU0155,132,232,14.0,134
2025-02-10,SKU0155,64,101,14.0,134
2025-02-17,SKU0155,42,116,14.0,134
2025-02-24,SKU0155,41,138,14.0,134
2025-03-03,SKU0155,33,111,14.0,134
2025-03-10,SKU0155,66,223,14.0,134
2025-03-17,SKU0155,58,195,14.0,134
2025-03-24,SKU0155,54,180,14.0,134
2025-03-31,SKU0155,61,204,14.0,134
2025-04-07,SKU0155,69,233,14.0,134
2025-04-14,SKU0155,118,290,14.0,134
2025-04-21,SKU0155,150,163,14.0,134
2025-04-28,SKU0155,166,169,14.0,134
2025-05-05,SKU0155,134,175,14.0,134
2025-05-12,SKU0155,171,225,14.0,134
2025-05-19,SKU0155,121,164,14.0,134
2025-05-26,SKU0155,59,102,14.0,134
2025-06-02,SKU0155,73,174,14.0,134
2025-06-09,SKU0155,74,132,14.0,134
2025-06-16,SKU0155,40,136,14.0,134
2025-06-23,SKU0155,60,202,14.0,134
2025-06-30,SKU0155,51,171,14.0,134
2025-07-07,SKU0155,104,211,14.0,134
2025-07-14,SKU0155,87,103,14.0,134
2025-07-21,SKU0155,52,151,14.0,134
2025-07-28,SKU0155,52,174,14.0,134
2025-08-04,SKU0155,62,201,14.0,134
2025-08-11,SKU0155,100,262,14.0,134
2025-08-18,SKU0155,65,116,14.0,134
2025-08-25,SKU0155,112,207,14.0,134
2025-09-01,SKU0155,101,179,14.0,134
2025-09-08,SKU0155,88,160,14.0,134
2025-09-15,SKU0155,116,229,14.0,134
2025-09-22,SKU0155,142,284,14.0,134
2025-09-29,SKU0155,179,181,14.0,134
2025-10-06,SKU0155,151,127,14.0,134
2025-10-13,SKU0155,135,206,14.0,134
2025-10-20,SKU0155,103,127,14.0,134
2025-10-27,SKU0155,64,114,14.0,134
2025-11-03,SKU0155,131,294,14.0,134
2025-11-10,SKU0155,110,226,14.0,134
2025-11-17,SKU0155,133,158,14.0,134
2025-11-24,SKU0155,134,243,14.0,134
2025-12-01,SKU0155,77,107,14.0,134
2025-12-08,SKU0155,107,268,14.0,134
2025-12-15,SKU0155,138,197,14.0,134
2025-12-22,SKU0155,168,272,14.0,134
2025-12-29,SKU0155,148,259,14.0,134
2024-01-01,SKU0156,331,0,14.0,109
2024-01-08,SKU0156,251,0,14.0,109
2024-01-15,SKU0156,225,0,14.0,109
2024-01-22,SKU0156,169,0,14.0,109
2024-01-29,SKU0156,148,142,14.0,109
2024-02-05,SKU0156,109,0,14.0,109
2024-02-12,SKU0156,111,219,14.0,109
2024-02-19,SKU0156,130,221,14.0,109
2024-02-26,SKU0156,155,265,14.0,109
2024-03-04,SKU0156,111,0,14.0,109
2024-03-11,SKU0156,87,207,14.0,109
2024-03-18,SKU0156,145,244,14.0,109
2024-03-25,SKU0156,114,0,14.0,109
2024-04-01,SKU0156,129,204,14.0,109
2024-04-08,SKU0156,122,242,14.0,109
2024-04-15,SKU0156,100,142,14.0,109
2024-04-22,SKU0156,137,235,14.0,109
2024-04-29,SKU0156,151,236,14.0,109
2024-05-06,SKU0156,136,168,14.0,109
2024-05-13,SKU0156,122,182,14.0,109
2024-05-20,SKU0156,142,269,14.0,109
2024-05-27,SKU0156,129,0,14.0,109
2024-06-03,SKU0156,150,283,14.0,109
2024-06-10,SKU0156,145,204,14.0,109
2024-06-17,SKU0156,121,0,14.0,109
2024-06-24,SKU0156,58,106,14.0,109
2024-07-01,SKU0156,89,297,14.0,109
2024-07-08,SKU0156,158,299,14.0,109
2024-07-15,SKU0156,186,287,14.0,109
2024-07-22,SKU0156,166,0,14.0,109
2024-07-29,SKU0156,152,0,14.0,109
2024-08-05,SKU0156,125,0,14.0,109
2024-08-12,SKU0156,91,109,14.0,109
2024-08-19,SKU0156,105,101,14.0,109
2024-08-26,SKU0156,146,292,14.0,109
2024-09-02,SKU0156,118,0,14.0,109
2024-09-09,SKU0156,143,268,14.0,109
2024-09-16,SKU0156,125,0,14.0,109
2024-09-23,SKU0156,111,0,14.0,109
2024-09-30,SKU0156,128,112,14.0,109
2024-10-07,SKU0156,116,0,14.0,109
2024-10-14,SKU0156,169,236,14.0,109
2024-10-21,SKU0156,141,0,14.0,109
2024-10-28,SKU0156,120,234,14.0,109
2024-11-04,SKU0156,106,280,14.0,109
2024-11-11,SKU0156,97,275,14.0,109
2024-11-18,SKU0156,126,278,14.0,109
2024-11-25,SKU0156,115,246,14.0,109
2024-12-02,SKU0156,130,116,14.0,109
2024-12-09,SKU0156,89,164,14.0,109
2024-12-16,SKU0156,102,180,14.0,109
2024-12-23,SKU0156,89,145,14.0,109
2024-12-30,SKU0156,42,141,14.0,109
2025-01-06,SKU0156,49,147,14.0,109
2025-01-13,SKU0156,108,262,14.0,109
2025-01-20,SKU0156,64,126,14.0,109
2025-01-27,SKU0156,40,135,14.0,109
2025-02-03,SKU0156,76,232,14.0,109
2025-02-10,SKU0156,72,103,14.0,109
2025-02-17,SKU0156,88,163,14.0,109
2025-02-24,SKU0156,107,267,14.0,109
2025-03-03,SKU0156,150,238,14.0,109
2025-03-10,SKU0156,116,0,14.0,109
2025-03-17,SKU0156,79,202,14.0,109
2025-03-24,SKU0156,80,120,14.0,109
2025-03-31,SKU0156,51,152,14.0,109
2025-04-07,SKU0156,33,112,14.0,109
2025-04-14,SKU0156,46,154,14.0,109
2025-04-21,SKU0156,97,286,14.0,109
2025-04-28,SKU0156,120,286,14.0,109
2025-05-05,SKU0156,145,187,14.0,109
2025-05-12,SKU0156,102,116,14.0,109
2025-05-19,SKU0156,87,190,14.0,109
2025-05-26,SKU0156,118,252,14.0,109
2025-06-02,SKU0156,130,115,14.0,109
2025-06-09,SKU0156,128,284,14.0,109
2025-06-16,SKU0156,152,260,14.0,109
2025-06-23,SKU0156,113,0,14.0,109
2025-06-30,SKU0156,133,181,14.0,109
2025-07-07,SKU0156,126,161,14.0,109
2025-07-14,SKU0156,150,261,14.0,109
2025-07-21,SKU0156,182,259,14.0,109
2025-07-28,SKU0156,120,115,14.0,109
2025-08-04,SKU0156,149,146,14.0,109
2025-08-11,SKU0156,92,142,14.0,109
2025-08-18,SKU0156,127,176,14.0,109
2025-08-25,SKU0156,81,152,14.0,109
2025-09-01,SKU0156,129,225,14.0,109
2025-09-08,SKU0156,132,294,14.0,109
2025-09-15,SKU0156,110,178,14.0,109
2025-09-22,SKU0156,177,262,14.0,109
2025-09-29,SKU0156,147,0,,109
2025-10-06,SKU0156,145,248,14.0,109
2025-10-13,SKU0156,109,0,14.0,109
2025-10-20,SKU0156,118,106,14.0,109
2025-10-27,SKU0156,167,222,14.0,109
2025-11-03,SKU0156,101,107,14.0,109
2025-11-10,SKU0156,79,144,14.0,109
2025-11-17,SKU0156,72,216,14.0,109
2025-11-24,SKU0156,130,266,14.0,109
2025-12-01,SKU0156,110,0,14.0,109
2025-12-08,SKU0156,156,197,14.0,109
2025-12-15,SKU0156,119,136,14.0,109
2025-12-22,SKU0156,161,268,14.0,109
2025-12-29,SKU0156,128,149,14.0,109
2024-01-01,SKU0157,194,0,21.0,43
2024-01-08,SKU0157,170,0,21.0,43
2024-01-15,SKU0157,142,0,21.0,43
2024-01-22,SKU0157,75,0,21.0,43
2024-01-29,SKU0157,46,0,,43
2024-02-05,SKU0157,51,173,21.0,43
2024-02-12,SKU0157,62,207,21.0,43
2024-02-19,SKU0157,63,213,21.0,43
2024-02-26,SKU0157,44,0,21.0,43
2024-03-04,SKU0157,59,198,21.0,43
2024-03-11,SKU0157,56,187,21.0,43
2024-03-18,SKU0157,71,237,21.0,43
2024-03-25,SKU0157,92,205,21.0,43
2024-04-01,SKU0157,79,261,21.0,43
2024-04-08,SKU0157,101,276,21.0,43
2024-04-15,SKU0157,61,0,21.0,43
2024-04-22,SKU0157,89,189,21.0,43
2024-04-29,SKU0157,54,180,21.0,43
2024-05-06,SKU0157,53,179,21.0,43
2024-05-13,SKU0157,47,108,21.0,43
2024-05-20,SKU0157,88,294,21.0,43
2024-05-27,SKU0157,38,106,21.0,43
2024-06-03,SKU0157,60,179,21.0,43
2024-06-10,SKU0157,50,121,21.0,43
2024-06-17,SKU0157,58,195,21.0,43
2024-06-24,SKU0157,65,218,21.0,43
2024-07-01,SKU0157,84,283,21.0,43
2024-07-08,SKU0157,84,282,21.0,43
2024-07-15,SKU0157,95,259,21.0,43
2024-07-22,SKU0157,74,0,21.0,43
2024-07-29,SKU0157,47,138,21.0,43
2024-08-05,SKU0157,71,239,21.0,43
2024-08-12,SKU0157,89,299,21.0,43
2024-08-19,SKU0157,44,148,21.0,43
2024-08-26,SKU0157,60,202,21.0,43
2024-09-02,SKU0157,43,146,21.0,43
2024-09-09,SKU0157,99,283,21.0,43
2024-09-16,SKU0157,65,0,21.0,43
2024-09-23,SKU0157,50,118,21.0,43
2024-09-30,SKU0157,71,238,21.0,43
2024-10-07,SKU0157,57,192,21.0,43
2024-10-14,SKU0157,73,245,21.0,43
2024-10-21,SKU0157,60,0,21.0,43
2024-10-28,SKU0157,77,257,21.0,43
2024-11-04,SKU0157,71,237,21.0,43
2024-11-11,SKU0157,45,0,21.0,43
2024-11-18,SKU0157,37,124,21.0,43
2024-11-25,SKU0157,79,264,21.0,43
2024-12-02,SKU0157,94,243,21.0,43
2024-12-09,SKU0157,55,0,21.0,43
2024-12-16,SKU0157,98,258,21.0,43
2024-12-23,SKU0157,78,0,21.0,43
2024-12-30,SKU0157,59,0,21.0,43
2025-01-06,SKU0157,45,0,21.0,43
2025-01-13,SKU0157,30,103,21.0,43
2025-01-20,SKU0157,73,183,21.0,43
2025-01-27,SKU0157,45,0,21.0,43
2025-02-03,SKU0157,39,133,21.0,43
2025-02-10,SKU0157,73,211,21.0,43
2025-02-17,SKU0157,44,0,21.0,43
2025-02-24,SKU0157,89,219,21.0,43
2025-03-03,SKU0157,79,0,21.0,43
2025-03-10,SKU0157,64,0,21.0,43
2025-03-17,SKU0157,80,184,21.0,43
2025-03-24,SKU0157,91,280,21.0,43
2025-03-31,SKU0157,93,265,21.0,43
2025-04-07,SKU0157,82,236,21.0,43
2025-04-14,SKU0157,95,266,21.0,43
2025-04-21,SKU0157,109,249,21.0,43
2025-04-28,SKU0157,67,0,21.0,43
2025-05-05,SKU0157,71,238,21.0,43
2025-05-12,SKU0157,100,215,21.0,43
2025-05-19,SKU0157,77,0,21.0,43
2025-05-26,SKU0157,41,139,21.0,43
2025-06-02,SKU0157,54,183,21.0,43
2025-06-09,SKU0157,60,201,21.0,43
2025-06-16,SKU0157,68,227,21.0,43
2025-06-23,SKU0157,41,105,21.0,43
2025-06-30,SKU0157,66,221,21.0,43
2025-07-07,SKU0157,46,0,21.0,43
2025-07-14,SKU0157,54,182,21.0,43
2025-07-21,SKU0157,80,269,21.0,43
2025-07-28,SKU0157,54,0,21.0,43
2025-08-04,SKU0157,56,187,21.0,43
2025-08-11,SKU0157,97,266,21.0,43
2025-08-18,SKU0157,74,0,21.0,43
2025-08-25,SKU0157,36,123,21.0,43
2025-09-01,SKU0157,32,108,21.0,43
2025-09-08,SKU0157,78,262,21.0,43
2025-09-15,SKU0157,71,146,21.0,43
2025-09-22,SKU0157,48,163,21.0,43
2025-09-29,SKU0157,39,130,21.0,43
2025-10-06,SKU0157,58,157,21.0,43
2025-10-13,SKU0157,39,132,21.0,43
2025-10-20,SKU0157,34,116,21.0,43
2025-10-27,SKU0157,56,187,21.0,43
2025-11-03,SKU0157,65,217,21.0,43
2025-11-10,SKU0157,54,0,21.0,43
2025-11-17,SKU0157,67,134,21.0,43
2025-11-24,SKU0157,53,0,21.0,43
2025-12-01,SKU0157,127,286,21.0,43
2025-12-08,SKU0157,90,0,21.0,43
2025-12-15,SKU0157,78,263,21.0,43
2025-12-22,SKU0157,43,108,21.0,43
2025-12-29,SKU0157,71,234,21.0,43
2024-01-01,SKU0158,188,0,14.0,121
2024-01-08,SKU0158,170,0,14.0,121
2024-01-15,SKU0158,149,115,14.0,121
2024-01-22,SKU0158,181,237,14.0,121
2024-01-29,SKU0158,169,0,14.0,121
2024-02-05,SKU0158,146,0,14.0,121
2024-02-12,SKU0158,125,0,14.0,121
2024-02-19,SKU0158,112,248,14.0,121
2024-02-26,SKU0158,90,160,14.0,121
2024-03-04,SKU0158,79,265,14.0,121
2024-03-11,SKU0158,84,123,14.0,121
2024-03-18,SKU0158,137,244,14.0,121
2024-03-25,SKU0158,183,266,14.0,121
2024-04-01,SKU0158,198,296,14.0,121
2024-04-08,SKU0158,161,0,14.0,121
2024-04-15,SKU0158,127,0,14.0,121
2024-04-22,SKU0158,171,294,14.0,121
2024-04-29,SKU0158,149,191,14.0,121
2024-05-06,SKU0158,139,209,14.0,121
2024-05-13,SKU0158,121,252,14.0,121
2024-05-20,SKU0158,135,225,14.0,121
2024-05-27,SKU0158,130,235,14.0,121
2024-06-03,SKU0158,150,170,14.0,121
2024-06-10,SKU0158,131,0,14.0,121
2024-06-17,SKU0158,182,262,14.0,121
2024-06-24,SKU0158,166,0,14.0,121
2024-07-01,SKU0158,150,224,14.0,121
2024-07-08,SKU0158,137,0,14.0,121
2024-07-15,SKU0158,110,162,14.0,121
2024-07-22,SKU0158,57,122,14.0,121
2024-07-29,SKU0158,54,109,14.0,121
2024-08-05,SKU0158,85,284,14.0,121
2024-08-12,SKU0158,75,210,14.0,121
2024-08-19,SKU0158,142,276,14.0,121
2024-08-26,SKU0158,166,281,14.0,121
2024-09-02,SKU0158,126,106,14.0,121
2024-09-09,SKU0158,203,294,14.0,121
2024-09-16,SKU0158,148,0,14.0,121
2024-09-23,SKU0158,127,0,14.0,121
2024-09-30,SKU0158,193,281,14.0,121
2024-10-07,SKU0158,143,0,14.0,121
2024-10-14,SKU0158,159,158,14.0,121
2024-10-21,SKU0158,133,243,14.0,121
2024-10-28,SKU0158,123,0,14.0,121
2024-11-04,SKU0158,156,285,14.0,121
2024-11-11,SKU0158,138,217,14.0,121
2024-11-18,SKU0158,185,253,14.0,121
2024-11-25,SKU0158,158,0,14.0,121
2024-12-02,SKU0158,134,0,14.0,121
2024-12-09,SKU0158,156,148,14.0,121
2024-12-16,SKU0158,150,284,14.0,121
2024-12-23,SKU0158,178,286,14.0,121
2024-12-30,SKU0158,132,0,14.0,121
2025-01-06,SKU0158,148,262,14.0,121
2025-01-13,SKU0158,159,241,14.0,121
2025-01-20,SKU0158,142,0,14.0,121
2025-01-27,SKU0158,130,231,14.0,121
2025-02-03,SKU0158,97,214,14.0,121
2025-02-10,SKU0158,122,210,14.0,121
2025-02-17,SKU0158,108,281,14.0,121
2025-02-24,SKU0158,119,178,14.0,121
2025-03-03,SKU0158,156,163,14.0,121
2025-03-10,SKU0158,131,202,,121
2025-03-17,SKU0158,154,164,14.0,121
2025-03-24,SKU0158,169,203,14.0,121
2025-03-31,SKU0158,119,124,14.0,121
2025-04-07,SKU0158,169,259,14.0,121
2025-04-14,SKU0158,163,246,14.0,121
2025-04-21,SKU0158,134,0,14.0,121
2025-04-28,SKU0158,130,296,14.0,121
2025-05-05,SKU0158,109,118,14.0,121
2025-05-12,SKU0158,113,265,14.0,121
2025-05-19,SKU0158,104,153,14.0,121
2025-05-26,SKU0158,152,222,14.0,121
2025-06-02,SKU0158,149,216,14.0,121
2025-06-09,SKU0158,145,146,14.0,121
2025-06-16,SKU0158,176,259,14.0,121
2025-06-23,SKU0158,164,292,14.0,121
2025-06-30,SKU0158,191,279,14.0,121
2025-07-07,SKU0158,165,0,14.0,121
2025-07-14,SKU0158,164,215,14.0,121
2025-07-21,SKU0158,138,155,14.0,121
2025-07-28,SKU0158,190,295,14.0,121
2025-08-04,SKU0158,147,0,14.0,121
2025-08-11,SKU0158,90,139,14.0,121
2025-08-18,SKU0158,86,282,14.0,121
2025-08-25,SKU0158,109,195,14.0,121
2025-09-01,SKU0158,97,263,14.0,121
2025-09-08,SKU0158,77,180,14.0,121
2025-09-15,SKU0158,107,299,14.0,121
2025-09-22,SKU0158,85,251,14.0,121
2025-09-29,SKU0158,42,137,14.0,121
2025-10-06,SKU0158,98,276,14.0,121
2025-10-13,SKU0158,122,289,14.0,121
2025-10-20,SKU0158,128,256,14.0,121
2025-10-27,SKU0158,177,239,14.0,121
2025-11-03,SKU0158,156,0,14.0,121
2025-11-10,SKU0158,153,256,14.0,121
2025-11-17,SKU0158,117,129,14.0,121
2025-11-24,SKU0158,144,143,14.0,121
2025-12-01,SKU0158,199,297,14.0,121
2025-12-08,SKU0158,130,0,14.0,121
2025-12-15,SKU0158,199,267,14.0,121
2025-12-22,SKU0158,182,0,14.0,121
2025-12-29,SKU0158,123,0,14.0,121
2024-01-01,SKU0159,275,0,14.0,39
2024-01-08,SKU0159,186,0,14.0,39
2024-01-15,SKU0159,127,0,14.0,39
2024-01-22,SKU0159,104,0,14.0,39
2024-01-29,SKU0159,50,0,14.0,39
2024-02-05,SKU0159,54,180,14.0,39
2024-02-12,SKU0159,43,0,14.0,39
2024-02-19,SKU0159,81,272,14.0,39
2024-02-26,SKU0159,67,0,14.0,39
2024-03-04,SKU0159,92,276,14.0,39
2024-03-11,SKU0159,68,0,14.0,39
2024-03-18,SKU0159,58,0,14.0,39
2024-03-25,SKU0159,77,259,14.0,39
2024-04-01,SKU0159,77,204,14.0,39
2024-04-08,SKU0159,56,0,14.0,39
2024-04-15,SKU0159,68,229,14.0,39
2024-04-22,SKU0159,64,214,14.0,39
2024-04-29,SKU0159,60,203,14.0,39
2024-05-06,SKU0159,51,172,14.0,39
2024-05-13,SKU0159,35,118,14.0,39
2024-05-20,SKU0159,31,104,14.0,39
2024-05-27,SKU0159,50,169,14.0,39
2024-06-03,SKU0159,81,211,14.0,39
2024-06-10,SKU0159,115,267,14.0,39
2024-06-17,SKU0159,75,0,14.0,39
2024-06-24,SKU0159,90,228,14.0,39
2024-07-01,SKU0159,69,178,14.0,39
2024-07-08,SKU0159,57,191,14.0,39
2024-07-15,SKU0159,85,179,14.0,39
2024-07-22,SKU0159,86,287,14.0,39
2024-07-29,SKU0159,46,0,14.0,39
2024-08-05,SKU0159,79,255,14.0,39
2024-08-12,SKU0159,47,142,14.0,39
2024-08-19,SKU0159,121,292,14.0,39
2024-08-26,SKU0159,43,0,14.0,39
2024-09-02,SKU0159,41,137,14.0,39
2024-09-09,SKU0159,95,259,14.0,39
2024-09-16,SKU0159,99,217,14.0,39
2024-09-23,SKU0159,71,0,14.0,39
2024-09-30,SKU0159,40,134,14.0,39
2024-10-07,SKU0159,32,108,14.0,39
2024-10-14,SKU0159,72,240,14.0,39
2024-10-21,SKU0159,39,131,14.0,39
2024-10-28,SKU0159,50,169,14.0,39
2024-11-04,SKU0159,73,246,14.0,39
2024-11-11,SKU0159,68,193,14.0,39
2024-11-18,SKU0159,41,0,14.0,39
2024-11-25,SKU0159,69,231,14.0,39
2024-12-02,SKU0159,38,129,14.0,39
2024-12-09,SKU0159,54,183,14.0,39
2024-12-16,SKU0159,107,283,14.0,39
2024-12-23,SKU0159,75,0,14.0,39
2024-12-30,SKU0159,48,0,14.0,39
2025-01-06,SKU0159,39,101,14.0,39
2025-01-13,SKU0159,59,197,14.0,39
2025-01-20,SKU0159,56,189,14.0,39
2025-01-27,SKU0159,71,239,14.0,39
2025-02-03,SKU0159,59,0,14.0,39
2025-02-10,SKU0159,80,267,14.0,39
2025-02-17,SKU0159,45,152,14.0,39
2025-02-24,SKU0159,56,188,14.0,39
2025-03-03,SKU0159,102,261,14.0,39
2025-03-10,SKU0159,76,0,14.0,39
2025-03-17,SKU0159,60,148,14.0,39
2025-03-24,SKU0159,64,215,14.0,39
2025-03-31,SKU0159,40,135,14.0,39
2025-04-07,SKU0159,59,199,14.0,39
2025-04-14,SKU0159,93,220,14.0,39
2025-04-21,SKU0159,74,0,14.0,39
2025-04-28,SKU0159,75,250,14.0,39
2025-05-05,SKU0159,50,133,14.0,39
2025-05-12,SKU0159,74,166,14.0,39
2025-05-19,SKU0159,65,101,14.0,39
2025-05-26,SKU0159,82,276,,39
2025-06-02,SKU0159,55,184,14.0,39
2025-06-09,SKU0159,81,272,14.0,39
2025-06-16,SKU0159,57,177,14.0,39
2025-06-23,SKU0159,109,269,14.0,39
2025-06-30,SKU0159,81,0,14.0,39
2025-07-07,SKU0159,92,225,14.0,39
2025-07-14,SKU0159,55,136,14.0,39
2025-07-21,SKU0159,48,163,14.0,39
2025-07-28,SKU0159,57,191,14.0,39
2025-08-04,SKU0159,84,159,,39
2025-08-11,SKU0159,75,132,14.0,39
2025-08-18,SKU0159,58,166,14.0,39
2025-08-25,SKU0159,71,204,14.0,39
2025-09-01,SKU0159,47,159,14.0,39
2025-09-08,SKU0159,65,218,14.0,39
2025-09-15,SKU0159,58,195,14.0,39
2025-09-22,SKU0159,69,230,14.0,39
2025-09-29,SKU0159,83,278,14.0,39
2025-10-06,SKU0159,52,176,14.0,39
2025-10-13,SKU0159,74,248,14.0,39
2025-10-20,SKU0159,46,0,14.0,39
2025-10-27,SKU0159,54,182,14.0,39
2025-11-03,SKU0159,69,231,14.0,39
2025-11-10,SKU0159,39,133,14.0,39
2025-11-17,SKU0159,87,291,14.0,39
2025-11-24,SKU0159,91,271,14.0,39
2025-12-01,SKU0159,115,275,14.0,39
2025-12-08,SKU0159,42,0,14.0,39
2025-12-15,SKU0159,47,157,14.0,39
2025-12-22,SKU0159,37,125,14.0,39
2025-12-29,SKU0159,71,156,14.0,39
2025-03-31,SKU0160,115,125,21.0,100
2025-04-07,SKU0160,150,298,21.0,100
2025-04-14,SKU0160,123,0,21.0,100
2025-04-21,SKU0160,62,117,21.0,100
2025-04-28,SKU0160,112,210,21.0,100
2025-05-05,SKU0160,166,263,21.0,100
2025-05-12,SKU0160,143,0,21.0,100
2025-05-19,SKU0160,134,218,21.0,100
2025-05-26,SKU0160,115,0,21.0,100
2025-06-02,SKU0160,84,164,21.0,100
2025-06-09,SKU0160,70,168,21.0,100
2025-06-16,SKU0160,35,119,21.0,100
2025-06-23,SKU0160,88,288,21.0,100
2025-06-30,SKU0160,101,214,21.0,100
2025-07-07,SKU0160,102,159,21.0,100
2025-07-14,SKU0160,114,105,21.0,100
2025-07-21,SKU0160,102,277,21.0,100
2025-07-28,SKU0160,136,252,21.0,100
2025-08-04,SKU0160,109,0,21.0,100
2025-08-11,SKU0160,83,245,,100
2025-08-18,SKU0160,68,228,21.0,100
2025-08-25,SKU0160,60,203,21.0,100
2025-09-01,SKU0160,38,128,21.0,100
2025-09-08,SKU0160,39,133,21.0,100
2025-09-15,SKU0160,100,294,21.0,100
2025-09-22,SKU0160,153,230,21.0,100
2025-09-29,SKU0160,110,116,21.0,100
2025-10-06,SKU0160,164,226,21.0,100
2025-10-13,SKU0160,124,0,21.0,100
2025-10-20,SKU0160,83,146,21.0,100
2025-10-27,SKU0160,142,291,21.0,100
2025-11-03,SKU0160,124,115,21.0,100
2025-11-10,SKU0160,154,295,21.0,100
2025-11-17,SKU0160,141,0,21.0,100
2025-11-24,SKU0160,122,217,21.0,100
2025-12-01,SKU0160,83,120,21.0,100
2025-12-08,SKU0160,131,270,21.0,100
2025-12-15,SKU0160,127,280,21.0,100
2025-12-22,SKU0160,88,124,21.0,100
2025-12-29,SKU0160,50,124,21.0,100
2024-06-03,SKU0161,202,0,14.0,138
2024-06-10,SKU0161,192,0,14.0,138
2024-06-17,SKU0161,219,289,14.0,138
2024-06-24,SKU0161,186,0,14.0,138
2024-07-01,SKU0161,158,128,14.0,138
2024-07-08,SKU0161,114,120,14.0,138
2024-07-15,SKU0161,128,254,14.0,138
2024-07-22,SKU0161,170,249,14.0,138
2024-07-29,SKU0161,163,144,14.0,138
2024-08-05,SKU0161,153,106,14.0,138
2024-08-12,SKU0161,107,122,14.0,138
2024-08-19,SKU0161,146,276,14.0,138
2024-08-26,SKU0161,92,136,14.0,138
2024-09-02,SKU0161,110,200,14.0,138
2024-09-09,SKU0161,85,197,14.0,138
2024-09-16,SKU0161,88,211,14.0,138
2024-09-23,SKU0161,80,196,14.0,138
2024-09-30,SKU0161,138,290,14.0,138
2024-10-07,SKU0161,148,125,14.0,138
2024-10-14,SKU0161,152,228,14.0,138
2024-10-21,SKU0161,120,187,14.0,138
2024-10-28,SKU0161,90,180,14.0,138
2024-11-04,SKU0161,120,245,14.0,138
2024-11-11,SKU0161,90,150,14.0,138
2024-11-18,SKU0161,147,286,14.0,138
2024-11-25,SKU0161,113,135,14.0,138
2024-12-02,SKU0161,146,221,14.0,138
2024-12-09,SKU0161,175,170,14.0,138
2024-12-16,SKU0161,131,183,14.0,138
2024-12-23,SKU0161,138,195,14.0,138
2024-12-30,SKU0161,104,126,14.0,138
2025-01-06,SKU0161,92,251,14.0,138
2025-01-13,SKU0161,119,150,14.0,138
2025-01-20,SKU0161,63,147,14.0,138
2025-01-27,SKU0161,62,142,14.0,138
2025-02-03,SKU0161,87,291,14.0,138
2025-02-10,SKU0161,57,192,14.0,138
2025-02-17,SKU0161,80,268,14.0,138
2025-02-24,SKU0161,46,131,14.0,138
2025-03-03,SKU0161,88,294,14.0,138
2025-03-10,SKU0161,48,104,14.0,138
2025-03-17,SKU0161,48,161,14.0,138
2025-03-24,SKU0161,76,192,14.0,138
2025-03-31,SKU0161,50,121,14.0,138
2025-04-07,SKU0161,50,167,14.0,138
2025-04-14,SKU0161,88,295,14.0,138
2025-04-21,SKU0161,136,284,14.0,138
2025-04-28,SKU0161,155,278,14.0,138
2025-05-05,SKU0161,201,273,14.0,138
2025-05-12,SKU0161,182,0,14.0,138
2025-05-19,SKU0161,142,113,14.0,138
2025-05-26,SKU0161,180,173,14.0,138
2025-06-02,SKU0161,167,234,14.0,138
2025-06-09,SKU0161,164,185,14.0,138
2025-06-16,SKU0161,146,0,14.0,138
2025-06-23,SKU0161,151,106,14.0,138
2025-06-30,SKU0161,166,172,14.0,138
2025-07-07,SKU0161,163,105,14.0,138
2025-07-14,SKU0161,147,121,14.0,138
2025-07-21,SKU0161,184,156,14.0,138
2025-07-28,SKU0161,171,245,14.0,138
2025-08-04,SKU0161,184,200,14.0,138
2025-08-11,SKU0161,153,0,14.0,138
2025-08-18,SKU0161,138,0,14.0,138
2025-08-25,SKU0161,124,196,14.0,138
2025-09-01,SKU0161,152,157,14.0,138
2025-09-08,SKU0161,123,222,14.0,138
2025-09-15,SKU0161,94,218,14.0,138
2025-09-22,SKU0161,98,258,14.0,138
2025-09-29,SKU0161,96,226,14.0,138
2025-10-06,SKU0161,86,272,14.0,138
2025-10-13,SKU0161,70,183,14.0,138
2025-10-20,SKU0161,49,165,14.0,138
2025-10-27,SKU0161,76,255,14.0,138
2025-11-03,SKU0161,73,246,14.0,138
2025-11-10,SKU0161,145,276,14.0,138
2025-11-17,SKU0161,180,208,14.0,138
2025-11-24,SKU0161,152,175,14.0,138
2025-12-01,SKU0161,104,107,14.0,138
2025-12-08,SKU0161,74,132,14.0,138
2025-12-15,SKU0161,60,203,14.0,138
2025-12-22,SKU0161,103,219,14.0,138
2025-12-29,SKU0161,95,283,14.0,138
2024-01-01,SKU0162,105,0,30.0,58
2024-01-08,SKU0162,87,194,30.0,58
2024-01-15,SKU0162,105,184,30.0,58
2024-01-22,SKU0162,73,0,30.0,58
2024-01-29,SKU0162,88,268,30.0,58
2024-02-05,SKU0162,128,277,30.0,58
2024-02-12,SKU0162,105,174,30.0,58
2024-02-19,SKU0162,93,138,30.0,58
2024-02-26,SKU0162,67,0,30.0,58
2024-03-04,SKU0162,39,130,30.0,58
2024-03-11,SKU0162,78,260,30.0,58
2024-03-18,SKU0162,79,103,30.0,58
2024-03-25,SKU0162,92,124,30.0,58
2024-04-01,SKU0162,106,204,30.0,58
2024-04-08,SKU0162,58,0,30.0,58
2024-04-15,SKU0162,85,126,30.0,58
2024-04-22,SKU0162,46,155,30.0,58
2024-04-29,SKU0162,55,155,30.0,58
2024-05-06,SKU0162,51,173,30.0,58
2024-05-13,SKU0162,32,109,30.0,58
2024-05-20,SKU0162,77,187,30.0,58
2024-05-27,SKU0162,79,197,30.0,58
2024-06-03,SKU0162,111,212,30.0,58
2024-06-10,SKU0162,128,286,30.0,58
2024-06-17,SKU0162,98,0,30.0,58
2024-06-24,SKU0162,79,0,30.0,58
2024-07-01,SKU0162,81,210,30.0,58
2024-07-08,SKU0162,128,283,30.0,58
2024-07-15,SKU0162,109,207,30.0,58
2024-07-22,SKU0162,49,120,30.0,58
2024-07-29,SKU0162,31,104,30.0,58
2024-08-05,SKU0162,37,124,30.0,58
2024-08-12,SKU0162,32,107,30.0,58
2024-08-19,SKU0162,49,165,30.0,58
2024-08-26,SKU0162,97,297,30.0,58
2024-09-02,SKU0162,58,0,30.0,58
2024-09-09,SKU0162,72,230,30.0,58
2024-09-16,SKU0162,55,152,30.0,58
2024-09-23,SKU0162,84,240,30.0,58
2024-09-30,SKU0162,36,120,30.0,58
2024-10-07,SKU0162,89,299,30.0,58
2024-10-14,SKU0162,124,241,30.0,58
2024-10-21,SKU0162,85,0,30.0,58
2024-10-28,SKU0162,68,229,30.0,58
2024-11-04,SKU0162,76,184,30.0,58
2024-11-11,SKU0162,93,137,30.0,58
2024-11-18,SKU0162,90,116,30.0,58
2024-11-25,SKU0162,80,148,30.0,58
2024-12-02,SKU0162,114,201,30.0,58
2024-12-09,SKU0162,102,0,30.0,58
2024-12-16,SKU0162,78,0,30.0,58
2024-12-23,SKU0162,66,0,30.0,58
2024-12-30,SKU0162,33,111,30.0,58
2025-01-06,SKU0162,70,234,30.0,58
2025-01-13,SKU0162,73,184,30.0,58
2025-01-20,SKU0162,41,103,30.0,58
2025-01-27,SKU0162,40,136,30.0,58
2025-02-03,SKU0162,75,250,30.0,58
2025-02-10,SKU0162,44,147,30.0,58
2025-02-17,SKU0162,88,245,30.0,58
2025-02-24,SKU0162,100,286,30.0,58
2025-03-03,SKU0162,87,282,30.0,58
2025-03-10,SKU0162,98,185,30.0,58
2025-03-17,SKU0162,58,0,30.0,58
2025-03-24,SKU0162,80,269,30.0,58
2025-03-31,SKU0162,43,145,30.0,58
2025-04-07,SKU0162,90,206,30.0,58
2025-04-14,SKU0162,70,187,30.0,58
2025-04-21,SKU0162,43,145,30.0,58
2025-04-28,SKU0162,41,138,30.0,58
2025-05-05,SKU0162,47,159,30.0,58
2025-05-12,SKU0162,41,132,30.0,58
2025-05-19,SKU0162,54,182,30.0,58
2025-05-26,SKU0162,79,208,30.0,58
2025-06-02,SKU0162,89,107,30.0,58
2025-06-09,SKU0162,116,212,30.0,58
2025-06-16,SKU0162,77,201,30.0,58
2025-06-23,SKU0162,41,138,30.0,58
2025-06-30,SKU0162,67,224,30.0,58
2025-07-07,SKU0162,99,195,30.0,58
2025-07-14,SKU0162,77,233,30.0,58
2025-07-21,SKU0162,127,261,30.0,58
2025-07-28,SKU0162,104,0,30.0,58
2025-08-04,SKU0162,61,188,30.0,58
2025-08-11,SKU0162,68,210,30.0,58
2025-08-18,SKU0162,85,284,30.0,58
2025-08-25,SKU0162,62,0,30.0,58
2025-09-01,SKU0162,67,215,30.0,58
2025-09-08,SKU0162,52,175,30.0,58
2025-09-15,SKU0162,98,197,,58
2025-09-22,SKU0162,75,111,30.0,58
2025-09-29,SKU0162,100,250,30.0,58
2025-10-06,SKU0162,87,195,30.0,58
2025-10-13,SKU0162,104,242,30.0,58
2025-10-20,SKU0162,88,195,30.0,58
2025-10-27,SKU0162,77,158,30.0,58
2025-11-03,SKU0162,36,121,30.0,58
2025-11-10,SKU0162,109,288,30.0,58
2025-11-17,SKU0162,110,246,30.0,58
2025-11-24,SKU0162,85,219,30.0,58
2025-12-01,SKU0162,99,203,30.0,58
2025-12-08,SKU0162,81,108,30.0,58
2025-12-15,SKU0162,70,0,30.0,58
2025-12-22,SKU0162,49,102,30.0,58
2025-12-29,SKU0162,74,207,30.0,58
2024-01-01,SKU0163,122,0,14.0,23
2024-01-08,SKU0163,70,0,14.0,23
2024-01-15,SKU0163,82,275,14.0,23
2024-01-22,SKU0163,24,0,14.0,23
2024-01-29,SKU0163,52,171,14.0,23
2024-02-05,SKU0163,57,142,14.0,23
2024-02-12,SKU0163,31,0,14.0,23
2024-02-19,SKU0163,69,201,14.0,23
2024-02-26,SKU0163,47,0,14.0,23
2024-03-04,SKU0163,43,144,14.0,23
2024-03-11,SKU0163,75,251,14.0,23
2024-03-18,SKU0163,58,0,14.0,23
2024-03-25,SKU0163,35,117,14.0,23
2024-04-01,SKU0163,99,296,14.0,23
2024-04-08,SKU0163,36,0,14.0,23
2024-04-15,SKU0163,64,177,14.0,23
2024-04-22,SKU0163,44,149,14.0,23
2024-04-29,SKU0163,81,272,14.0,23
2024-05-06,SKU0163,56,0,14.0,23
2024-05-13,SKU0163,45,153,14.0,23
2024-05-20,SKU0163,34,0,14.0,23
2024-05-27,SKU0163,54,109,14.0,23
2024-06-03,SKU0163,33,112,14.0,23
2024-06-10,SKU0163,74,247,14.0,23
2024-06-17,SKU0163,49,0,14.0,23
2024-06-24,SKU0163,30,0,14.0,23
2024-07-01,SKU0163,62,207,14.0,23
2024-07-08,SKU0163,52,141,14.0,23
2024-07-15,SKU0163,40,0,14.0,23
2024-07-22,SKU0163,77,259,14.0,23
2024-07-29,SKU0163,29,0,14.0,23
2024-08-05,SKU0163,86,288,14.0,23
2024-08-12,SKU0163,83,237,14.0,23
2024-08-19,SKU0163,58,0,14.0,23
2024-08-26,SKU0163,29,0,14.0,23
2024-09-02,SKU0163,73,238,14.0,23
2024-09-09,SKU0163,58,194,14.0,23
2024-09-16,SKU0163,35,0,14.0,23
2024-09-23,SKU0163,50,108,14.0,23
2024-09-30,SKU0163,82,276,14.0,23
2024-10-07,SKU0163,30,0,14.0,23
2024-10-14,SKU0163,86,263,14.0,23
2024-10-21,SKU0163,54,0,14.0,23
2024-10-28,SKU0163,24,0,14.0,23
2024-11-04,SKU0163,37,102,14.0,23
2024-11-11,SKU0163,83,279,14.0,23
2024-11-18,SKU0163,39,0,14.0,23
2024-11-25,SKU0163,51,144,14.0,23
2024-12-02,SKU0163,87,292,14.0,23
2024-12-09,SKU0163,75,0,14.0,23
2024-12-16,SKU0163,49,0,14.0,23
2024-12-23,SKU0163,52,175,14.0,23
2024-12-30,SKU0163,35,106,14.0,23
2025-01-06,SKU0163,64,216,14.0,23
2025-01-13,SKU0163,23,0,14.0,23
2025-01-20,SKU0163,87,290,14.0,23
2025-01-27,SKU0163,88,250,14.0,23
2025-02-03,SKU0163,60,0,14.0,23
2025-02-10,SKU0163,29,0,14.0,23
2025-02-17,SKU0163,42,120,14.0,23
2025-02-24,SKU0163,91,283,14.0,23
2025-03-03,SKU0163,72,0,14.0,23
2025-03-10,SKU0163,43,0,14.0,23
2025-03-17,SKU0163,54,182,14.0,23
2025-03-24,SKU0163,29,0,14.0,23
2025-03-31,SKU0163,77,257,14.0,23
2025-04-07,SKU0163,64,215,14.0,23
2025-04-14,SKU0163,66,170,14.0,23
2025-04-21,SKU0163,94,285,14.0,23
2025-04-28,SKU0163,35,0,14.0,23
2025-05-05,SKU0163,33,111,14.0,23
2025-05-12,SKU0163,72,212,14.0,23
2025-05-19,SKU0163,86,289,14.0,23
2025-05-26,SKU0163,50,163,14.0,23
2025-06-02,SKU0163,84,283,14.0,23
2025-06-09,SKU0163,52,0,14.0,23
2025-06-16,SKU0163,54,181,14.0,23
2025-06-23,SKU0163,88,296,14.0,23
2025-06-30,SKU0163,76,216,14.0,23
2025-07-07,SKU0163,37,0,14.0,23
2025-07-14,SKU0163,64,161,14.0,23
2025-07-21,SKU0163,48,0,14.0,23
2025-07-28,SKU0163,79,252,14.0,23
2025-08-04,SKU0163,37,0,14.0,23
2025-08-11,SKU0163,75,250,14.0,23
2025-08-18,SKU0163,89,299,14.0,23
2025-08-25,SKU0163,51,173,14.0,23
2025-09-01,SKU0163,24,0,14.0,23
2025-09-08,SKU0163,59,198,14.0,23
2025-09-15,SKU0163,99,272,14.0,23
2025-09-22,SKU0163,75,198,14.0,23
2025-09-29,SKU0163,49,165,14.0,23
2025-10-06,SKU0163,79,199,14.0,23
2025-10-13,SKU0163,75,253,14.0,23
2025-10-20,SKU0163,43,0,14.0,23
2025-10-27,SKU0163,49,165,14.0,23
2025-11-03,SKU0163,29,0,14.0,23
2025-11-10,SKU0163,88,237,14.0,23
2025-11-17,SKU0163,36,0,14.0,23
2025-11-24,SKU0163,89,297,14.0,23
2025-12-01,SKU0163,56,0,14.0,23
2025-12-08,SKU0163,48,160,14.0,23
2025-12-15,SKU0163,60,201,14.0,23
2025-12-22,SKU0163,43,0,14.0,23
2025-12-29,SKU0163,74,226,14.0,23
2024-01-01,SKU0164,106,0,21.0,73
2024-01-08,SKU0164,115,197,21.0,73
2024-01-15,SKU0164,97,228,21.0,73
2024-01-22,SKU0164,108,165,21.0,73
2024-01-29,SKU0164,64,132,21.0,73
2024-02-05,SKU0164,36,105,21.0,73
2024-02-12,SKU0164,67,154,21.0,73
2024-02-19,SKU0164,127,282,21.0,73
2024-02-26,SKU0164,120,262,21.0,73
2024-03-04,SKU0164,96,126,21.0,73
2024-03-11,SKU0164,45,112,21.0,73
2024-03-18,SKU0164,69,195,21.0,73
2024-03-25,SKU0164,95,176,21.0,73
2024-04-01,SKU0164,73,200,21.0,73
2024-04-08,SKU0164,51,171,21.0,73
2024-04-15,SKU0164,41,101,21.0,73
2024-04-22,SKU0164,82,171,21.0,73
2024-04-29,SKU0164,105,283,21.0,73
2024-05-06,SKU0164,92,127,21.0,73
2024-05-13,SKU0164,111,196,21.0,73
2024-05-20,SKU0164,103,243,21.0,73
2024-05-27,SKU0164,87,0,21.0,73
2024-06-03,SKU0164,68,227,21.0,73
2024-06-10,SKU0164,120,269,21.0,73
2024-06-17,SKU0164,123,267,21.0,73
2024-06-24,SKU0164,129,270,21.0,73
2024-07-01,SKU0164,103,127,21.0,73
2024-07-08,SKU0164,85,0,21.0,73
2024-07-15,SKU0164,67,215,21.0,73
2024-07-22,SKU0164,88,144,21.0,73
2024-07-29,SKU0164,63,213,21.0,73
2024-08-05,SKU0164,84,282,21.0,73
2024-08-12,SKU0164,80,176,21.0,73
2024-08-19,SKU0164,69,149,21.0,73
2024-08-26,SKU0164,41,138,21.0,73
2024-09-02,SKU0164,65,218,21.0,73
2024-09-09,SKU0164,68,229,21.0,73
2024-09-16,SKU0164,52,175,21.0,73
2024-09-23,SKU0164,33,111,21.0,73
2024-09-30,SKU0164,45,152,21.0,73
2024-10-07,SKU0164,52,175,21.0,73
2024-10-14,SKU0164,60,202,21.0,73
2024-10-21,SKU0164,37,125,21.0,73
2024-10-28,SKU0164,73,244,21.0,73
2024-11-04,SKU0164,79,160,21.0,73
2024-11-11,SKU0164,68,100,21.0,73
2024-11-18,SKU0164,62,207,21.0,73
2024-11-25,SKU0164,88,191,21.0,73
2024-12-02,SKU0164,92,188,21.0,73
2024-12-09,SKU0164,97,265,21.0,73
2024-12-16,SKU0164,85,0,21.0,73
2024-12-23,SKU0164,85,157,21.0,73
2024-12-30,SKU0164,67,219,21.0,73
2025-01-06,SKU0164,87,290,21.0,73
2025-01-13,SKU0164,64,144,21.0,73
2025-01-20,SKU0164,88,258,21.0,73
2025-01-27,SKU0164,87,163,21.0,73
2025-02-03,SKU0164,65,123,21.0,73
2025-02-10,SKU0164,77,210,21.0,73
2025-02-17,SKU0164,141,259,21.0,73
2025-02-24,SKU0164,79,0,21.0,73
2025-03-03,SKU0164,128,280,21.0,73
2025-03-10,SKU0164,131,198,21.0,73
2025-03-17,SKU0164,118,178,21.0,73
2025-03-24,SKU0164,112,281,21.0,73
2025-03-31,SKU0164,111,167,21.0,73
2025-04-07,SKU0164,84,185,21.0,73
2025-04-14,SKU0164,107,155,21.0,73
2025-04-21,SKU0164,66,107,21.0,73
2025-04-28,SKU0164,103,246,21.0,73
2025-05-05,SKU0164,127,211,21.0,73
2025-05-12,SKU0164,80,0,21.0,73
2025-05-19,SKU0164,113,227,21.0,73
2025-05-26,SKU0164,80,0,21.0,73
2025-06-02,SKU0164,76,246,21.0,73
2025-06-09,SKU0164,113,269,21.0,73
2025-06-16,SKU0164,74,118,21.0,73
2025-06-23,SKU0164,51,106,21.0,73
2025-06-30,SKU0164,88,275,21.0,73
2025-07-07,SKU0164,112,285,21.0,73
2025-07-14,SKU0164,90,0,21.0,73
2025-07-21,SKU0164,48,163,21.0,73
2025-07-28,SKU0164,55,184,21.0,73
2025-08-04,SKU0164,92,211,21.0,73
2025-08-11,SKU0164,125,217,21.0,73
2025-08-18,SKU0164,112,0,21.0,73
2025-08-25,SKU0164,116,163,21.0,73
2025-09-01,SKU0164,85,0,21.0,73
2025-09-08,SKU0164,150,285,21.0,73
2025-09-15,SKU0164,126,0,21.0,73
2025-09-22,SKU0164,123,232,21.0,73
2025-09-29,SKU0164,137,280,21.0,73
2025-10-06,SKU0164,75,0,21.0,73
2025-10-13,SKU0164,51,114,21.0,73
2025-10-20,SKU0164,56,132,21.0,73
2025-10-27,SKU0164,81,270,21.0,73
2025-11-03,SKU0164,143,283,21.0,73
2025-11-10,SKU0164,88,0,21.0,73
2025-11-17,SKU0164,144,271,21.0,73
2025-11-24,SKU0164,77,0,21.0,73
2025-12-01,SKU0164,90,153,21.0,73
2025-12-08,SKU0164,97,230,21.0,73
2025-12-15,SKU0164,71,156,21.0,73
2025-12-22,SKU0164,52,142,21.0,73
2025-12-29,SKU0164,96,227,21.0,73
2024-10-28,SKU0165,49,152,21.0,124
2024-11-04,SKU0165,82,275,21.0,124
2024-11-11,SKU0165,74,169,21.0,124
2024-11-18,SKU0165,87,278,21.0,124
2024-11-25,SKU0165,86,239,21.0,124
2024-12-02,SKU0165,106,175,21.0,124
2024-12-09,SKU0165,70,208,21.0,124
2024-12-16,SKU0165,88,261,21.0,124
2024-12-23,SKU0165,136,254,21.0,124
2024-12-30,SKU0165,171,160,21.0,124
2025-01-06,SKU0165,138,0,21.0,124
2025-01-13,SKU0165,156,161,21.0,124
2025-01-20,SKU0165,133,0,21.0,124
2025-01-27,SKU0165,179,289,21.0,124
2025-02-03,SKU0165,168,0,21.0,124
2025-02-10,SKU0165,151,272,21.0,124
2025-02-17,SKU0165,137,0,21.0,124
2025-02-24,SKU0165,140,257,21.0,124
2025-03-03,SKU0165,132,119,21.0,124
2025-03-10,SKU0165,145,174,,124
2025-03-17,SKU0165,147,152,,124
2025-03-24,SKU0165,117,176,21.0,124
2025-03-31,SKU0165,93,131,21.0,124
2025-04-07,SKU0165,108,180,21.0,124
2025-04-14,SKU0165,114,260,21.0,124
2025-04-21,SKU0165,123,236,21.0,124
2025-04-28,SKU0165,67,145,21.0,124
2025-05-05,SKU0165,143,291,21.0,124
2025-05-12,SKU0165,98,142,21.0,124
2025-05-19,SKU0165,112,130,21.0,124
2025-05-26,SKU0165,165,236,21.0,124
2025-06-02,SKU0165,136,219,21.0,124
2025-06-09,SKU0165,141,182,21.0,124
2025-06-16,SKU0165,114,125,21.0,124
2025-06-23,SKU0165,144,295,21.0,124
2025-06-30,SKU0165,159,255,21.0,124
2025-07-07,SKU0165,156,219,21.0,124
2025-07-14,SKU0165,138,141,21.0,124
2025-07-21,SKU0165,106,167,21.0,124
2025-07-28,SKU0165,180,284,21.0,124
2025-08-04,SKU0165,125,0,21.0,124
2025-08-11,SKU0165,127,180,21.0,124
2025-08-18,SKU0165,86,179,21.0,124
2025-08-25,SKU0165,87,188,21.0,124
2025-09-01,SKU0165,120,179,21.0,124
2025-09-08,SKU0165,83,133,21.0,124
2025-09-15,SKU0165,106,143,21.0,124
2025-09-22,SKU0165,160,213,21.0,124
2025-09-29,SKU0165,103,102,21.0,124
2025-10-06,SKU0165,101,249,21.0,124
2025-10-13,SKU0165,122,263,21.0,124
2025-10-20,SKU0165,158,285,21.0,124
2025-10-27,SKU0165,148,214,21.0,124
2025-11-03,SKU0165,109,116,21.0,124
2025-11-10,SKU0165,127,288,21.0,124
2025-11-17,SKU0165,132,127,21.0,124
2025-11-24,SKU0165,139,210,21.0,124
2025-12-01,SKU0165,145,122,21.0,124
2025-12-08,SKU0165,138,150,21.0,124
2025-12-15,SKU0165,164,149,21.0,124
2025-12-22,SKU0165,125,0,21.0,124
2025-12-29,SKU0165,155,237,21.0,124
2024-01-01,SKU0166,297,0,14.0,58
2024-01-08,SKU0166,219,0,14.0,58
2024-01-15,SKU0166,186,0,14.0,58
2024-01-22,SKU0166,108,0,14.0,58
2024-01-29,SKU0166,68,0,14.0,58
2024-02-05,SKU0166,82,230,14.0,58
2024-02-12,SKU0166,93,150,14.0,58
2024-02-19,SKU0166,58,196,14.0,58
2024-02-26,SKU0166,90,164,14.0,58
2024-03-04,SKU0166,78,129,14.0,58
2024-03-11,SKU0166,80,255,14.0,58
2024-03-18,SKU0166,81,108,14.0,58
2024-03-25,SKU0166,31,105,14.0,58
2024-04-01,SKU0166,69,231,14.0,58
2024-04-08,SKU0166,109,294,14.0,58
2024-04-15,SKU0166,70,170,14.0,58
2024-04-22,SKU0166,58,0,14.0,58
2024-04-29,SKU0166,80,267,14.0,58
2024-05-06,SKU0166,113,255,14.0,58
2024-05-13,SKU0166,62,0,14.0,58
2024-05-20,SKU0166,88,296,14.0,58
2024-05-27,SKU0166,107,184,14.0,58
2024-06-03,SKU0166,80,0,14.0,58
2024-06-10,SKU0166,110,177,14.0,58
2024-06-17,SKU0166,89,255,14.0,58
2024-06-24,SKU0166,88,294,14.0,58
2024-07-01,SKU0166,73,0,14.0,58
2024-07-08,SKU0166,91,204,14.0,58
2024-07-15,SKU0166,75,0,14.0,58
2024-07-22,SKU0166,134,264,14.0,58
2024-07-29,SKU0166,78,0,14.0,58
2024-08-05,SKU0166,89,298,14.0,58
2024-08-12,SKU0166,78,0,14.0,58
2024-08-19,SKU0166,44,119,14.0,58
2024-08-26,SKU0166,52,174,14.0,58
2024-09-02,SKU0166,130,296,14.0,58
2024-09-09,SKU0166,103,0,14.0,58
2024-09-16,SKU0166,53,115,14.0,58
2024-09-23,SKU0166,57,191,14.0,58
2024-09-30,SKU0166,100,229,14.0,58
2024-10-07,SKU0166,106,247,14.0,58
2024-10-14,SKU0166,106,269,14.0,58
2024-10-21,SKU0166,80,0,14.0,58
2024-10-28,SKU0166,87,122,14.0,58
2024-11-04,SKU0166,127,238,14.0,58
2024-11-11,SKU0166,94,0,14.0,58
2024-11-18,SKU0166,97,188,14.0,58
2024-11-25,SKU0166,96,246,14.0,58
2024-12-02,SKU0166,80,213,14.0,58
2024-12-09,SKU0166,97,143,14.0,58
2024-12-16,SKU0166,52,161,14.0,58
2024-12-23,SKU0166,112,254,14.0,58
2024-12-30,SKU0166,85,209,14.0,58
2025-01-06,SKU0166,80,269,14.0,58
2025-01-13,SKU0166,66,0,14.0,58
2025-01-20,SKU0166,78,102,14.0,58
2025-01-27,SKU0166,77,121,14.0,58
2025-02-03,SKU0166,101,215,14.0,58
2025-02-10,SKU0166,120,242,14.0,58
2025-02-17,SKU0166,76,0,14.0,58
2025-02-24,SKU0166,62,105,14.0,58
2025-03-03,SKU0166,57,173,14.0,58
2025-03-10,SKU0166,58,195,14.0,58
2025-03-17,SKU0166,82,189,14.0,58
2025-03-24,SKU0166,83,149,14.0,58
2025-03-31,SKU0166,42,143,14.0,58
2025-04-07,SKU0166,35,117,14.0,58
2025-04-14,SKU0166,66,222,14.0,58
2025-04-21,SKU0166,86,212,14.0,58
2025-04-28,SKU0166,71,125,14.0,58
2025-05-05,SKU0166,91,279,14.0,58
2025-05-12,SKU0166,100,264,14.0,58
2025-05-19,SKU0166,82,0,14.0,58
2025-05-26,SKU0166,44,149,14.0,58
2025-06-02,SKU0166,75,250,14.0,58
2025-06-09,SKU0166,82,276,14.0,58
2025-06-16,SKU0166,116,278,14.0,58
2025-06-23,SKU0166,100,276,,58
2025-06-30,SKU0166,40,106,14.0,58
2025-07-07,SKU0166,38,128,14.0,58
2025-07-14,SKU0166,45,152,14.0,58
2025-07-21,SKU0166,34,115,14.0,58
2025-07-28,SKU0166,79,266,14.0,58
2025-08-04,SKU0166,85,285,14.0,58
2025-08-11,SKU0166,98,279,14.0,58
2025-08-18,SKU0166,71,138,14.0,58
2025-08-25,SKU0166,81,101,14.0,58
2025-09-01,SKU0166,64,164,14.0,58
2025-09-08,SKU0166,102,266,14.0,58
2025-09-15,SKU0166,109,224,14.0,58
2025-09-22,SKU0166,91,0,14.0,58
2025-09-29,SKU0166,59,0,14.0,58
2025-10-06,SKU0166,108,222,14.0,58
2025-10-13,SKU0166,113,237,14.0,58
2025-10-20,SKU0166,81,209,14.0,58
2025-10-27,SKU0166,65,0,14.0,58
2025-11-03,SKU0166,95,148,14.0,58
2025-11-10,SKU0166,65,0,14.0,58
2025-11-17,SKU0166,104,278,14.0,58
2025-11-24,SKU0166,65,155,14.0,58
2025-12-01,SKU0166,52,108,14.0,58
2025-12-08,SKU0166,32,107,14.0,58
2025-12-15,SKU0166,83,278,14.0,58
2025-12-22,SKU0166,109,296,14.0,58
2025-12-29,SKU0166,86,177,14.0,58
2024-01-01,SKU0167,100,107,14.0,128
2024-01-08,SKU0167,141,201,14.0,128
2024-01-15,SKU0167,188,241,14.0,128
2024-01-22,SKU0167,128,0,14.0,128
2024-01-29,SKU0167,84,109,14.0,128
2024-02-05,SKU0167,86,247,14.0,128
2024-02-12,SKU0167,76,163,14.0,128
2024-02-19,SKU0167,60,113,14.0,128
2024-02-26,SKU0167,49,166,14.0,128
2024-03-04,SKU0167,64,216,14.0,128
2024-03-11,SKU0167,30,103,14.0,128
2024-03-18,SKU0167,79,227,14.0,128
2024-03-25,SKU0167,91,140,14.0,128
2024-04-01,SKU0167,88,237,14.0,128
2024-04-08,SKU0167,121,207,14.0,128
2024-04-15,SKU0167,164,216,14.0,128
2024-04-22,SKU0167,148,0,14.0,128
2024-04-29,SKU0167,145,207,14.0,128
2024-05-06,SKU0167,116,209,14.0,128
2024-05-13,SKU0167,160,222,14.0,128
2024-05-20,SKU0167,147,247,14.0,128
2024-05-27,SKU0167,125,135,14.0,128
2024-06-03,SKU0167,149,296,14.0,128
2024-06-10,SKU0167,201,269,14.0,128
2024-06-17,SKU0167,194,235,14.0,128
2024-06-24,SKU0167,166,0,14.0,128
2024-07-01,SKU0167,138,0,14.0,128
2024-07-08,SKU0167,107,149,14.0,128
2024-07-15,SKU0167,80,117,14.0,128
2024-07-22,SKU0167,75,251,14.0,128
2024-07-29,SKU0167,92,233,14.0,128
2024-08-05,SKU0167,170,299,14.0,128
2024-08-12,SKU0167,160,170,14.0,128
2024-08-19,SKU0167,117,143,14.0,128
2024-08-26,SKU0167,86,105,14.0,128
2024-09-02,SKU0167,48,128,14.0,128
2024-09-09,SKU0167,101,265,14.0,128
2024-09-16,SKU0167,126,276,14.0,128
2024-09-23,SKU0167,110,145,14.0,128
2024-09-30,SKU0167,78,151,14.0,128
2024-10-07,SKU0167,121,210,14.0,128
2024-10-14,SKU0167,104,161,14.0,128
2024-10-21,SKU0167,104,186,14.0,128
2024-10-28,SKU0167,48,131,14.0,128
2024-11-04,SKU0167,44,147,14.0,128
2024-11-11,SKU0167,81,257,14.0,128
2024-11-18,SKU0167,85,104,14.0,128
2024-11-25,SKU0167,45,152,14.0,128
2024-12-02,SKU0167,111,297,14.0,128
2024-12-09,SKU0167,128,282,14.0,128
2024-12-16,SKU0167,185,247,14.0,128
2024-12-23,SKU0167,130,0,14.0,128
2024-12-30,SKU0167,65,109,14.0,128
2025-01-06,SKU0167,115,292,14.0,128
2025-01-13,SKU0167,104,122,14.0,128
2025-01-20,SKU0167,171,263,14.0,128
2025-01-27,SKU0167,147,179,14.0,128
2025-02-03,SKU0167,170,202,14.0,128
2025-02-10,SKU0167,117,136,14.0,128
2025-02-17,SKU0167,63,122,14.0,128
2025-02-24,SKU0167,53,177,14.0,128
2025-03-03,SKU0167,74,247,14.0,128
2025-03-10,SKU0167,88,294,14.0,128
2025-03-17,SKU0167,81,115,14.0,128
2025-03-24,SKU0167,72,211,14.0,128
2025-03-31,SKU0167,98,130,14.0,128
2025-04-07,SKU0167,116,278,14.0,128
2025-04-14,SKU0167,111,187,14.0,128
2025-04-21,SKU0167,100,212,14.0,128
2025-04-28,SKU0167,129,252,14.0,128
2025-05-05,SKU0167,93,177,14.0,128
2025-05-12,SKU0167,72,159,14.0,128
2025-05-19,SKU0167,117,257,14.0,128
2025-05-26,SKU0167,106,107,14.0,128
2025-06-02,SKU0167,128,157,14.0,128
2025-06-09,SKU0167,90,126,14.0,128
2025-06-16,SKU0167,93,142,14.0,128
2025-06-23,SKU0167,146,291,14.0,128
2025-06-30,SKU0167,155,105,14.0,128
2025-07-07,SKU0167,105,111,14.0,128
2025-07-14,SKU0167,113,298,14.0,128
2025-07-21,SKU0167,132,268,14.0,128
2025-07-28,SKU0167,199,265,14.0,128
2025-08-04,SKU0167,155,0,14.0,128
2025-08-11,SKU0167,164,224,14.0,128
2025-08-18,SKU0167,133,126,14.0,128
2025-08-25,SKU0167,162,289,14.0,128
2025-09-01,SKU0167,125,109,14.0,128
2025-09-08,SKU0167,158,192,14.0,128
2025-09-15,SKU0167,161,173,14.0,128
2025-09-22,SKU0167,141,157,14.0,128
2025-09-29,SKU0167,125,105,14.0,128
2025-10-06,SKU0167,107,128,14.0,128
2025-10-13,SKU0167,106,255,14.0,128
2025-10-20,SKU0167,103,193,14.0,128
2025-10-27,SKU0167,138,168,14.0,128
2025-11-03,SKU0167,131,227,14.0,128
2025-11-10,SKU0167,99,180,14.0,128
2025-11-17,SKU0167,95,169,14.0,128
2025-11-24,SKU0167,122,127,14.0,128
2025-12-01,SKU0167,136,103,14.0,128
2025-12-08,SKU0167,148,266,14.0,128
2025-12-15,SKU0167,137,291,14.0,128
2025-12-22,SKU0167,132,205,14.0,128
2025-12-29,SKU0167,130,272,14.0,128
2024-01-01,SKU0168,84,265,7.0,94
2024-01-08,SKU0168,93,162,7.0,94
2024-01-15,SKU0168,54,110,7.0,94
2024-01-22,SKU0168,70,236,7.0,94
2024-01-29,SKU0168,94,229,7.0,94
2024-02-05,SKU0168,99,112,7.0,94
2024-02-12,SKU0168,56,153,7.0,94
2024-02-19,SKU0168,112,225,7.0,94
2024-02-26,SKU0168,117,181,7.0,94
2024-03-04,SKU0168,94,0,7.0,94
2024-03-11,SKU0168,99,110,7.0,94
2024-03-18,SKU0168,104,283,7.0,94
2024-03-25,SKU0168,100,192,,94
2024-04-01,SKU0168,104,242,,94
2024-04-08,SKU0168,129,241,7.0,94
2024-04-15,SKU0168,124,174,7.0,94
2024-04-22,SKU0168,105,193,7.0,94
2024-04-29,SKU0168,87,143,7.0,94
2024-05-06,SKU0168,120,210,7.0,94
2024-05-13,SKU0168,147,287,,94
2024-05-20,SKU0168,122,0,7.0,94
2024-05-27,SKU0168,176,289,7.0,94
2024-06-03,SKU0168,134,0,7.0,94
2024-06-10,SKU0168,142,222,7.0,94
2024-06-17,SKU0168,105,174,7.0,94
2024-06-24,SKU0168,78,213,7.0,94
2024-07-01,SKU0168,68,228,7.0,94
2024-07-08,SKU0168,63,212,7.0,94
2024-07-15,SKU0168,80,102,7.0,94
2024-07-22,SKU0168,151,294,7.0,94
2024-07-29,SKU0168,94,0,7.0,94
2024-08-05,SKU0168,103,155,7.0,94
2024-08-12,SKU0168,115,248,7.0,94
2024-08-19,SKU0168,69,157,7.0,94
2024-08-26,SKU0168,78,260,7.0,94
2024-09-02,SKU0168,108,221,7.0,94
2024-09-09,SKU0168,118,272,7.0,94
2024-09-16,SKU0168,89,196,7.0,94
2024-09-23,SKU0168,80,135,7.0,94
2024-09-30,SKU0168,69,162,7.0,94
2024-10-07,SKU0168,79,151,7.0,94
2024-10-14,SKU0168,77,247,7.0,94
2024-10-21,SKU0168,138,250,7.0,94
2024-10-28,SKU0168,141,235,7.0,94
2024-11-04,SKU0168,97,0,7.0,94
2024-11-11,SKU0168,87,163,7.0,94
2024-11-18,SKU0168,68,223,7.0,94
2024-11-25,SKU0168,68,227,7.0,94
2024-12-02,SKU0168,86,143,7.0,94
2024-12-09,SKU0168,71,139,7.0,94
2024-12-16,SKU0168,56,189,7.0,94
2024-12-23,SKU0168,117,246,7.0,94
2024-12-30,SKU0168,83,179,7.0,94
2025-01-06,SKU0168,152,276,7.0,94
2025-01-13,SKU0168,143,256,7.0,94
2025-01-20,SKU0168,95,0,7.0,94
2025-01-27,SKU0168,62,201,7.0,94
2025-02-03,SKU0168,80,269,7.0,94
2025-02-10,SKU0168,105,209,7.0,94
2025-02-17,SKU0168,128,168,7.0,94
2025-02-24,SKU0168,175,288,7.0,94
2025-03-03,SKU0168,96,0,7.0,94
2025-03-10,SKU0168,100,158,7.0,94
2025-03-17,SKU0168,107,235,7.0,94
2025-03-24,SKU0168,144,222,7.0,94
2025-03-31,SKU0168,150,218,7.0,94
2025-04-07,SKU0168,145,235,7.0,94
2025-04-14,SKU0168,109,0,7.0,94
2025-04-21,SKU0168,81,192,7.0,94
2025-04-28,SKU0168,124,244,7.0,94
2025-05-05,SKU0168,104,0,7.0,94
2025-05-12,SKU0168,94,0,7.0,94
2025-05-19,SKU0168,121,277,7.0,94
2025-05-26,SKU0168,84,165,7.0,94
2025-06-02,SKU0168,48,162,7.0,94
2025-06-09,SKU0168,52,152,7.0,94
2025-06-16,SKU0168,66,223,7.0,94
2025-06-23,SKU0168,57,193,7.0,94
2025-06-30,SKU0168,56,154,7.0,94
2025-07-07,SKU0168,42,141,7.0,94
2025-07-14,SKU0168,68,227,7.0,94
2025-07-21,SKU0168,106,187,7.0,94
2025-07-28,SKU0168,60,176,7.0,94
2025-08-04,SKU0168,62,209,7.0,94
2025-08-11,SKU0168,81,272,7.0,94
2025-08-18,SKU0168,54,153,7.0,94
2025-08-25,SKU0168,72,163,7.0,94
2025-09-01,SKU0168,94,258,7.0,94
2025-09-08,SKU0168,154,285,7.0,94
2025-09-15,SKU0168,148,191,7.0,94
2025-09-22,SKU0168,133,0,7.0,94
2025-09-29,SKU0168,113,0,7.0,94
2025-10-06,SKU0168,122,150,7.0,94
2025-10-13,SKU0168,102,0,7.0,94
2025-10-20,SKU0168,131,240,7.0,94
2025-10-27,SKU0168,149,211,7.0,94
2025-11-03,SKU0168,124,223,7.0,94
2025-11-10,SKU0168,125,273,7.0,94
2025-11-17,SKU0168,130,296,7.0,94
2025-11-24,SKU0168,119,0,7.0,94
2025-12-01,SKU0168,73,125,7.0,94
2025-12-08,SKU0168,58,117,7.0,94
2025-12-15,SKU0168,56,188,7.0,94
2025-12-22,SKU0168,31,106,7.0,94
2025-12-29,SKU0168,47,141,7.0,94
2024-03-04,SKU0169,240,0,21.0,53
2024-03-11,SKU0169,226,0,21.0,53
2024-03-18,SKU0169,154,0,21.0,53
2024-03-25,SKU0169,83,0,21.0,53
2024-04-01,SKU0169,75,209,21.0,53
2024-04-08,SKU0169,132,268,21.0,53
2024-04-15,SKU0169,98,218,21.0,53
2024-04-22,SKU0169,51,109,21.0,53
2024-04-29,SKU0169,53,161,21.0,53
2024-05-06,SKU0169,119,264,21.0,53
2024-05-13,SKU0169,80,0,21.0,53
2024-05-20,SKU0169,84,127,,53
2024-05-27,SKU0169,62,189,21.0,53
2024-06-03,SKU0169,83,127,21.0,53
2024-06-10,SKU0169,83,277,21.0,53
2024-06-17,SKU0169,97,233,21.0,53
2024-06-24,SKU0169,66,0,21.0,53
2024-07-01,SKU0169,100,206,21.0,53
2024-07-08,SKU0169,101,246,21.0,53
2024-07-15,SKU0169,79,0,21.0,53
2024-07-22,SKU0169,109,294,21.0,53
2024-07-29,SKU0169,79,0,21.0,53
2024-08-05,SKU0169,76,109,21.0,53
2024-08-12,SKU0169,80,103,21.0,53
2024-08-19,SKU0169,130,273,21.0,53
2024-08-26,SKU0169,106,0,21.0,53
2024-09-02,SKU0169,85,120,21.0,53
2024-09-09,SKU0169,98,231,21.0,53
2024-09-16,SKU0169,61,0,21.0,53
2024-09-23,SKU0169,77,206,21.0,53
2024-09-30,SKU0169,130,268,21.0,53
2024-10-07,SKU0169,69,0,21.0,53
2024-10-14,SKU0169,59,186,21.0,53
2024-10-21,SKU0169,117,229,21.0,53
2024-10-28,SKU0169,79,0,21.0,53
2024-11-04,SKU0169,84,281,21.0,53
2024-11-11,SKU0169,82,258,21.0,53
2024-11-18,SKU0169,81,270,21.0,53
2024-11-25,SKU0169,65,134,21.0,53
2024-12-02,SKU0169,82,127,21.0,53
2024-12-09,SKU0169,66,181,21.0,53
2024-12-16,SKU0169,83,273,21.0,53
2024-12-23,SKU0169,60,0,21.0,53
2024-12-30,SKU0169,40,135,21.0,53
2025-01-06,SKU0169,35,119,21.0,53
2025-01-13,SKU0169,38,128,21.0,53
2025-01-20,SKU0169,63,213,21.0,53
2025-01-27,SKU0169,54,182,21.0,53
2025-02-03,SKU0169,96,226,,53
2025-02-10,SKU0169,45,110,21.0,53
2025-02-17,SKU0169,36,122,21.0,53
2025-02-24,SKU0169,84,280,21.0,53
2025-03-03,SKU0169,82,252,21.0,53
2025-03-10,SKU0169,44,147,21.0,53
2025-03-17,SKU0169,89,298,21.0,53
2025-03-24,SKU0169,66,0,21.0,53
2025-03-31,SKU0169,85,136,21.0,53
2025-04-07,SKU0169,85,286,21.0,53
2025-04-14,SKU0169,68,0,21.0,53
2025-04-21,SKU0169,56,0,21.0,53
2025-04-28,SKU0169,98,215,21.0,53
2025-05-05,SKU0169,78,0,21.0,53
2025-05-12,SKU0169,130,269,21.0,53
2025-05-19,SKU0169,63,0,21.0,53
2025-05-26,SKU0169,76,153,21.0,53
2025-06-02,SKU0169,57,0,21.0,53
2025-06-09,SKU0169,72,219,21.0,53
2025-06-16,SKU0169,97,293,21.0,53
2025-06-23,SKU0169,89,141,21.0,53
2025-06-30,SKU0169,76,190,21.0,53
2025-07-07,SKU0169,125,283,21.0,53
2025-07-14,SKU0169,85,0,21.0,53
2025-07-21,SKU0169,67,104,21.0,53
2025-07-28,SKU0169,83,240,21.0,53
2025-08-04,SKU0169,97,225,21.0,53
2025-08-11,SKU0169,99,179,21.0,53
2025-08-18,SKU0169,89,274,21.0,53
2025-08-25,SKU0169,86,269,21.0,53
2025-09-01,SKU0169,70,228,21.0,53
2025-09-08,SKU0169,117,273,21.0,53
2025-09-15,SKU0169,98,0,21.0,53
2025-09-22,SKU0169,60,0,21.0,53
2025-09-29,SKU0169,81,271,21.0,53
2025-10-06,SKU0169,53,0,21.0,53
2025-10-13,SKU0169,46,154,21.0,53
2025-10-20,SKU0169,46,155,21.0,53
2025-10-27,SKU0169,78,176,21.0,53
2025-11-03,SKU0169,78,133,21.0,53
2025-11-10,SKU0169,102,235,21.0,53
2025-11-17,SKU0169,62,127,21.0,53
2025-11-24,SKU0169,85,178,21.0,53
2025-12-01,SKU0169,62,0,21.0,53
2025-12-08,SKU0169,109,225,21.0,53
2025-12-15,SKU0169,72,0,21.0,53
2025-12-22,SKU0169,54,183,21.0,53
2025-12-29,SKU0169,39,132,21.0,53
2024-03-04,SKU0170,77,178,7.0,65
2024-03-11,SKU0170,82,222,7.0,65
2024-03-18,SKU0170,98,192,7.0,65
2024-03-25,SKU0170,139,298,7.0,65
2024-04-01,SKU0170,99,150,7.0,65
2024-04-08,SKU0170,87,211,7.0,65
2024-04-15,SKU0170,143,294,7.0,65
2024-04-22,SKU0170,141,296,7.0,65
2024-04-29,SKU0170,100,0,7.0,65
2024-05-06,SKU0170,107,166,7.0,65
2024-05-13,SKU0170,70,165,7.0,65
2024-05-20,SKU0170,90,122,7.0,65
2024-05-27,SKU0170,78,133,7.0,65
2024-06-03,SKU0170,112,285,7.0,65
2024-06-10,SKU0170,75,115,7.0,65
2024-06-17,SKU0170,77,179,7.0,65
2024-06-24,SKU0170,33,113,7.0,65
2024-07-01,SKU0170,80,214,7.0,65
2024-07-08,SKU0170,115,296,7.0,65
2024-07-15,SKU0170,103,193,7.0,65
2024-07-22,SKU0170,55,138,7.0,65
2024-07-29,SKU0170,47,102,7.0,65
2024-08-05,SKU0170,64,149,7.0,65
2024-08-12,SKU0170,44,147,7.0,65
2024-08-19,SKU0170,97,239,7.0,65
2024-08-26,SKU0170,73,0,7.0,65
2024-09-02,SKU0170,98,233,7.0,65
2024-09-09,SKU0170,136,271,7.0,65
2024-09-16,SKU0170,101,0,7.0,65
2024-09-23,SKU0170,85,181,7.0,65
2024-09-30,SKU0170,104,193,7.0,65
2024-10-07,SKU0170,41,107,7.0,65
2024-10-14,SKU0170,73,244,7.0,65
2024-10-21,SKU0170,30,103,7.0,65
2024-10-28,SKU0170,53,179,7.0,65
2024-11-04,SKU0170,115,260,7.0,65
2024-11-11,SKU0170,101,0,7.0,65
2024-11-18,SKU0170,97,292,7.0,65
2024-11-25,SKU0170,94,154,7.0,65
2024-12-02,SKU0170,59,135,7.0,65
2024-12-09,SKU0170,39,131,7.0,65
2024-12-16,SKU0170,71,225,7.0,65
2024-12-23,SKU0170,102,154,7.0,65
2024-12-30,SKU0170,69,153,7.0,65
2025-01-06,SKU0170,73,205,7.0,65
2025-01-13,SKU0170,58,194,7.0,65
2025-01-20,SKU0170,37,125,7.0,65
2025-01-27,SKU0170,44,104,7.0,65
2025-02-03,SKU0170,39,132,7.0,65
2025-02-10,SKU0170,66,220,7.0,65
2025-02-17,SKU0170,47,139,7.0,65
2025-02-24,SKU0170,84,280,7.0,65
2025-03-03,SKU0170,106,183,7.0,65
2025-03-10,SKU0170,102,188,7.0,65
2025-03-17,SKU0170,76,0,7.0,65
2025-03-24,SKU0170,79,165,7.0,65
2025-03-31,SKU0170,146,297,7.0,65
2025-04-07,SKU0170,110,0,7.0,65
2025-04-14,SKU0170,80,0,7.0,65
2025-04-21,SKU0170,120,226,7.0,65
2025-04-28,SKU0170,112,179,7.0,65
2025-05-05,SKU0170,93,179,7.0,65
2025-05-12,SKU0170,138,298,7.0,65
2025-05-19,SKU0170,126,0,7.0,65
2025-05-26,SKU0170,120,246,7.0,65
2025-06-02,SKU0170,140,285,7.0,65
2025-06-09,SKU0170,100,125,7.0,65
2025-06-16,SKU0170,92,221,7.0,65
2025-06-23,SKU0170,113,296,7.0,65
2025-06-30,SKU0170,68,140,7.0,65
2025-07-07,SKU0170,95,206,7.0,65
2025-07-14,SKU0170,121,230,7.0,65
2025-07-21,SKU0170,82,122,7.0,65
2025-07-28,SKU0170,78,261,7.0,65
2025-08-04,SKU0170,67,196,7.0,65
2025-08-11,SKU0170,84,184,7.0,65
2025-08-18,SKU0170,96,153,7.0,65
2025-08-25,SKU0170,84,0,7.0,65
2025-09-01,SKU0170,110,213,7.0,65
2025-09-08,SKU0170,74,0,7.0,65
2025-09-15,SKU0170,113,292,7.0,65
2025-09-22,SKU0170,84,0,7.0,65
2025-09-29,SKU0170,138,280,7.0,65
2025-10-06,SKU0170,123,282,7.0,65
2025-10-13,SKU0170,60,117,7.0,65
2025-10-20,SKU0170,63,210,7.0,65
2025-10-27,SKU0170,65,217,7.0,65
2025-11-03,SKU0170,42,142,7.0,65
2025-11-10,SKU0170,75,251,7.0,65
2025-11-17,SKU0170,138,250,7.0,65
2025-11-24,SKU0170,112,204,7.0,65
2025-12-01,SKU0170,97,214,7.0,65
2025-12-08,SKU0170,75,230,7.0,65
2025-12-15,SKU0170,76,140,7.0,65
2025-12-22,SKU0170,83,187,7.0,65
2025-12-29,SKU0170,98,172,7.0,65
2024-01-01,SKU0171,192,0,14.0,124
2024-01-08,SKU0171,158,138,14.0,124
2024-01-15,SKU0171,192,286,14.0,124
2024-01-22,SKU0171,143,0,14.0,124
2024-01-29,SKU0171,123,179,14.0,124
2024-02-05,SKU0171,160,249,14.0,124
2024-02-12,SKU0171,124,108,14.0,124
2024-02-19,SKU0171,142,284,14.0,124
2024-02-26,SKU0171,101,188,14.0,124
2024-03-04,SKU0171,130,236,14.0,124
2024-03-11,SKU0171,180,298,14.0,124
2024-03-18,SKU0171,138,100,14.0,124
2024-03-25,SKU0171,120,257,14.0,124
2024-04-01,SKU0171,139,253,14.0,124
2024-04-08,SKU0171,140,177,14.0,124
2024-04-15,SKU0171,167,187,14.0,124
2024-04-22,SKU0171,160,232,14.0,124
2024-04-29,SKU0171,209,295,14.0,124
2024-05-06,SKU0171,184,0,14.0,124
2024-05-13,SKU0171,176,206,14.0,124
2024-05-20,SKU0171,166,0,14.0,124
2024-05-27,SKU0171,185,267,14.0,124
2024-06-03,SKU0171,129,142,,124
2024-06-10,SKU0171,123,168,14.0,124
2024-06-17,SKU0171,92,228,14.0,124
2024-06-24,SKU0171,90,209,14.0,124
2024-07-01,SKU0171,84,283,14.0,124
2024-07-08,SKU0171,69,138,14.0,124
2024-07-15,SKU0171,108,231,14.0,124
2024-07-22,SKU0171,72,195,14.0,124
2024-07-29,SKU0171,83,279,14.0,124
2024-08-05,SKU0171,113,223,14.0,124
2024-08-12,SKU0171,124,168,14.0,124
2024-08-19,SKU0171,167,181,14.0,124
2024-08-26,SKU0171,133,177,14.0,124
2024-09-02,SKU0171,77,147,14.0,124
2024-09-09,SKU0171,112,152,14.0,124
2024-09-16,SKU0171,160,289,14.0,124
2024-09-23,SKU0171,107,151,14.0,124
2024-09-30,SKU0171,84,231,14.0,124
2024-10-07,SKU0171,129,234,14.0,124
2024-10-14,SKU0171,116,219,14.0,124
2024-10-21,SKU0171,119,189,14.0,124
2024-10-28,SKU0171,139,207,14.0,124
2024-11-04,SKU0171,111,100,14.0,124
2024-11-11,SKU0171,97,209,14.0,124
2024-11-18,SKU0171,148,270,14.0,124
2024-11-25,SKU0171,136,158,14.0,124
2024-12-02,SKU0171,190,238,14.0,124
2024-12-09,SKU0171,153,0,14.0,124
2024-12-16,SKU0171,145,121,14.0,124
2024-12-23,SKU0171,127,0,14.0,124
2024-12-30,SKU0171,63,100,14.0,124
2025-01-06,SKU0171,88,295,14.0,124
2025-01-13,SKU0171,120,292,14.0,124
2025-01-20,SKU0171,101,142,14.0,124
2025-01-27,SKU0171,128,224,14.0,124
2025-02-03,SKU0171,113,126,14.0,124
2025-02-10,SKU0171,86,183,14.0,124
2025-02-17,SKU0171,71,200,14.0,124
2025-02-24,SKU0171,89,196,14.0,124
2025-03-03,SKU0171,86,289,14.0,124
2025-03-10,SKU0171,70,145,14.0,124
2025-03-17,SKU0171,87,124,14.0,124
2025-03-24,SKU0171,131,223,14.0,124
2025-03-31,SKU0171,98,200,14.0,124
2025-04-07,SKU0171,93,134,14.0,124
2025-04-14,SKU0171,163,282,14.0,124
2025-04-21,SKU0171,152,234,14.0,124
2025-04-28,SKU0171,142,232,14.0,124
2025-05-05,SKU0171,131,0,14.0,124
2025-05-12,SKU0171,180,249,14.0,124
2025-05-19,SKU0171,122,134,14.0,124
2025-05-26,SKU0171,159,216,14.0,124
2025-06-02,SKU0171,142,209,14.0,124
2025-06-09,SKU0171,131,0,14.0,124
2025-06-16,SKU0171,140,203,14.0,124
2025-06-23,SKU0171,149,112,14.0,124
2025-06-30,SKU0171,141,266,14.0,124
2025-07-07,SKU0171,171,242,14.0,124
2025-07-14,SKU0171,139,0,14.0,124
2025-07-21,SKU0171,145,285,14.0,124
2025-07-28,SKU0171,138,142,14.0,124
2025-08-04,SKU0171,151,177,14.0,124
2025-08-11,SKU0171,141,188,14.0,124
2025-08-18,SKU0171,123,215,14.0,124
2025-08-25,SKU0171,89,137,14.0,124
2025-09-01,SKU0171,96,191,14.0,124
2025-09-08,SKU0171,133,193,14.0,124
2025-09-15,SKU0171,97,204,14.0,124
2025-09-22,SKU0171,93,239,14.0,124
2025-09-29,SKU0171,68,208,14.0,124
2025-10-06,SKU0171,46,155,14.0,124
2025-10-13,SKU0171,105,276,14.0,124
2025-10-20,SKU0171,110,127,14.0,124
2025-10-27,SKU0171,144,203,14.0,124
2025-11-03,SKU0171,119,160,14.0,124
2025-11-10,SKU0171,168,221,14.0,124
2025-11-17,SKU0171,163,262,14.0,124
2025-11-24,SKU0171,153,0,14.0,124
2025-12-01,SKU0171,173,288,14.0,124
2025-12-08,SKU0171,134,113,14.0,124
2025-12-15,SKU0171,76,105,14.0,124
2025-12-22,SKU0171,80,148,14.0,124
2025-12-29,SKU0171,68,227,14.0,124
2024-01-01,SKU0172,181,0,14.0,43
2024-01-08,SKU0172,97,0,14.0,43
2024-01-15,SKU0172,62,136,14.0,43
2024-01-22,SKU0172,44,0,14.0,43
2024-01-29,SKU0172,66,220,14.0,43
2024-02-05,SKU0172,66,200,14.0,43
2024-02-12,SKU0172,110,283,14.0,43
2024-02-19,SKU0172,48,0,14.0,43
2024-02-26,SKU0172,86,230,14.0,43
2024-03-04,SKU0172,77,199,14.0,43
2024-03-11,SKU0172,72,185,14.0,43
2024-03-18,SKU0172,83,278,14.0,43
2024-03-25,SKU0172,42,142,14.0,43
2024-04-01,SKU0172,82,275,14.0,43
2024-04-08,SKU0172,40,131,14.0,43
2024-04-15,SKU0172,46,131,14.0,43
2024-04-22,SKU0172,84,282,14.0,43
2024-04-29,SKU0172,43,0,14.0,43
2024-05-06,SKU0172,87,291,14.0,43
2024-05-13,SKU0172,56,151,14.0,43
2024-05-20,SKU0172,63,210,14.0,43
2024-05-27,SKU0172,72,240,14.0,43
2024-06-03,SKU0172,87,178,14.0,43
2024-06-10,SKU0172,64,0,14.0,43
2024-06-17,SKU0172,54,0,14.0,43
2024-06-24,SKU0172,54,183,14.0,43
2024-07-01,SKU0172,52,174,14.0,43
2024-07-08,SKU0172,68,228,14.0,43
2024-07-15,SKU0172,68,201,14.0,43
2024-07-22,SKU0172,55,184,14.0,43
2024-07-29,SKU0172,99,228,14.0,43
2024-08-05,SKU0172,55,183,14.0,43
2024-08-12,SKU0172,56,189,14.0,43
2024-08-19,SKU0172,85,284,14.0,43
2024-08-26,SKU0172,62,0,14.0,43
2024-09-02,SKU0172,85,244,14.0,43
2024-09-09,SKU0172,57,0,14.0,43
2024-09-16,SKU0172,87,292,14.0,43
2024-09-23,SKU0172,73,224,14.0,43
2024-09-30,SKU0172,59,197,14.0,43
2024-10-07,SKU0172,95,182,14.0,43
2024-10-14,SKU0172,42,132,14.0,43
2024-10-21,SKU0172,42,143,14.0,43
2024-10-28,SKU0172,69,231,14.0,43
2024-11-04,SKU0172,101,215,14.0,43
2024-11-11,SKU0172,51,134,14.0,43
2024-11-18,SKU0172,88,280,14.0,43
2024-11-25,SKU0172,66,0,14.0,43
2024-12-02,SKU0172,64,155,14.0,43
2024-12-09,SKU0172,44,0,14.0,43
2024-12-16,SKU0172,50,168,14.0,43
2024-12-23,SKU0172,62,143,14.0,43
2024-12-30,SKU0172,78,262,14.0,43
2025-01-06,SKU0172,51,140,14.0,43
2025-01-13,SKU0172,89,266,14.0,43
2025-01-20,SKU0172,73,0,14.0,43
2025-01-27,SKU0172,61,0,14.0,43
2025-02-03,SKU0172,82,221,14.0,43
2025-02-10,SKU0172,57,0,14.0,43
2025-02-17,SKU0172,77,188,14.0,43
2025-02-24,SKU0172,38,127,14.0,43
2025-03-03,SKU0172,80,232,14.0,43
2025-03-10,SKU0172,97,263,14.0,43
2025-03-17,SKU0172,73,0,14.0,43
2025-03-24,SKU0172,108,232,14.0,43
2025-03-31,SKU0172,86,181,14.0,43
2025-04-07,SKU0172,57,0,14.0,43
2025-04-14,SKU0172,90,225,14.0,43
2025-04-21,SKU0172,69,0,14.0,43
2025-04-28,SKU0172,59,129,14.0,43
2025-05-05,SKU0172,74,107,14.0,43
2025-05-12,SKU0172,63,0,14.0,43
2025-05-19,SKU0172,50,0,14.0,43
2025-05-26,SKU0172,47,157,14.0,43
2025-06-02,SKU0172,80,267,14.0,43
2025-06-09,SKU0172,60,155,14.0,43
2025-06-16,SKU0172,82,275,14.0,43
2025-06-23,SKU0172,80,219,14.0,43
2025-06-30,SKU0172,43,0,14.0,43
2025-07-07,SKU0172,46,156,14.0,43
2025-07-14,SKU0172,56,115,14.0,43
2025-07-21,SKU0172,92,273,14.0,43
2025-07-28,SKU0172,73,0,14.0,43
2025-08-04,SKU0172,89,299,14.0,43
2025-08-11,SKU0172,104,236,14.0,43
2025-08-18,SKU0172,57,136,14.0,43
2025-08-25,SKU0172,45,0,14.0,43
2025-09-01,SKU0172,78,206,14.0,43
2025-09-08,SKU0172,50,0,14.0,43
2025-09-15,SKU0172,32,108,14.0,43
2025-09-22,SKU0172,84,227,14.0,43
2025-09-29,SKU0172,52,163,14.0,43
2025-10-06,SKU0172,46,155,14.0,43
2025-10-13,SKU0172,50,169,14.0,43
2025-10-20,SKU0172,63,180,14.0,43
2025-10-27,SKU0172,74,111,14.0,43
2025-11-03,SKU0172,61,0,14.0,43
2025-11-10,SKU0172,76,237,14.0,43
2025-11-17,SKU0172,74,150,14.0,43
2025-11-24,SKU0172,64,163,14.0,43
2025-12-01,SKU0172,37,125,14.0,43
2025-12-08,SKU0172,68,227,14.0,43
2025-12-15,SKU0172,73,127,,43
2025-12-22,SKU0172,71,237,14.0,43
2025-12-29,SKU0172,77,253,14.0,43
2024-01-01,SKU0173,151,294,7.0,75
2024-01-08,SKU0173,118,221,7.0,75
2024-01-15,SKU0173,77,0,7.0,75
2024-01-22,SKU0173,85,229,7.0,75
2024-01-29,SKU0173,82,276,7.0,75
2024-02-05,SKU0173,41,139,7.0,75
2024-02-12,SKU0173,78,168,7.0,75
2024-02-19,SKU0173,66,213,7.0,75
2024-02-26,SKU0173,87,290,7.0,75
2024-03-04,SKU0173,136,221,7.0,75
2024-03-11,SKU0173,88,0,7.0,75
2024-03-18,SKU0173,43,145,7.0,75
2024-03-25,SKU0173,58,120,7.0,75
2024-04-01,SKU0173,59,198,7.0,75
2024-04-08,SKU0173,123,268,7.0,75
2024-04-15,SKU0173,124,245,7.0,75
2024-04-22,SKU0173,96,0,7.0,75
2024-04-29,SKU0173,113,262,7.0,75
2024-05-06,SKU0173,142,275,7.0,75
2024-05-13,SKU0173,101,0,7.0,75
2024-05-20,SKU0173,36,112,7.0,75
2024-05-27,SKU0173,65,205,7.0,75
2024-06-03,SKU0173,66,119,7.0,75
2024-06-10,SKU0173,47,157,7.0,75
2024-06-17,SKU0173,65,217,7.0,75
2024-06-24,SKU0173,124,236,7.0,75
2024-07-01,SKU0173,88,0,7.0,75
2024-07-08,SKU0173,139,242,7.0,75
2024-07-15,SKU0173,116,199,7.0,75
2024-07-22,SKU0173,106,200,7.0,75
2024-07-29,SKU0173,146,250,7.0,75
2024-08-05,SKU0173,109,0,7.0,75
2024-08-12,SKU0173,102,184,7.0,75
2024-08-19,SKU0173,86,0,7.0,75
2024-08-26,SKU0173,113,240,7.0,75
2024-09-02,SKU0173,107,144,7.0,75
2024-09-09,SKU0173,112,210,7.0,75
2024-09-16,SKU0173,78,0,7.0,75
2024-09-23,SKU0173,74,229,7.0,75
2024-09-30,SKU0173,115,177,7.0,75
2024-10-07,SKU0173,104,235,7.0,75
2024-10-14,SKU0173,84,0,7.0,75
2024-10-21,SKU0173,63,212,7.0,75
2024-10-28,SKU0173,106,293,7.0,75
2024-11-04,SKU0173,106,289,7.0,75
2024-11-11,SKU0173,88,123,7.0,75
2024-11-18,SKU0173,79,262,7.0,75
2024-11-25,SKU0173,119,285,7.0,75
2024-12-02,SKU0173,75,0,7.0,75
2024-12-09,SKU0173,73,131,7.0,75
2024-12-16,SKU0173,93,173,7.0,75
2024-12-23,SKU0173,50,113,7.0,75
2024-12-30,SKU0173,51,172,7.0,75
2025-01-06,SKU0173,60,197,7.0,75
2025-01-13,SKU0173,75,250,7.0,75
2025-01-20,SKU0173,126,252,7.0,75
2025-01-27,SKU0173,85,162,7.0,75
2025-02-03,SKU0173,104,222,7.0,75
2025-02-10,SKU0173,78,149,7.0,75
2025-02-17,SKU0173,92,159,7.0,75
2025-02-24,SKU0173,94,178,7.0,75
2025-03-03,SKU0173,137,271,7.0,75
2025-03-10,SKU0173,76,0,7.0,75
2025-03-17,SKU0173,78,104,7.0,75
2025-03-24,SKU0173,87,202,7.0,75
2025-03-31,SKU0173,81,236,7.0,75
2025-04-07,SKU0173,58,171,7.0,75
2025-04-14,SKU0173,103,282,7.0,75
2025-04-21,SKU0173,95,148,7.0,75
2025-04-28,SKU0173,143,257,7.0,75
2025-05-05,SKU0173,83,0,7.0,75
2025-05-12,SKU0173,76,118,7.0,75
2025-05-19,SKU0173,42,123,7.0,75
2025-05-26,SKU0173,42,142,7.0,75
2025-06-02,SKU0173,65,164,7.0,75
2025-06-09,SKU0173,59,199,7.0,75
2025-06-16,SKU0173,82,237,7.0,75
2025-06-23,SKU0173,94,267,7.0,75
2025-06-30,SKU0173,49,151,7.0,75
2025-07-07,SKU0173,78,262,7.0,75
2025-07-14,SKU0173,70,197,7.0,75
2025-07-21,SKU0173,112,280,7.0,75
2025-07-28,SKU0173,88,205,7.0,75
2025-08-04,SKU0173,93,154,7.0,75
2025-08-11,SKU0173,101,188,7.0,75
2025-08-18,SKU0173,61,195,7.0,75
2025-08-25,SKU0173,34,115,7.0,75
2025-09-01,SKU0173,43,144,7.0,75
2025-09-08,SKU0173,35,118,7.0,75
2025-09-15,SKU0173,67,212,7.0,75
2025-09-22,SKU0173,32,109,7.0,75
2025-09-29,SKU0173,38,129,7.0,75
2025-10-06,SKU0173,75,250,7.0,75
2025-10-13,SKU0173,60,174,7.0,75
2025-10-20,SKU0173,71,138,7.0,75
2025-10-27,SKU0173,102,265,7.0,75
2025-11-03,SKU0173,107,244,7.0,75
2025-11-10,SKU0173,81,157,7.0,75
2025-11-17,SKU0173,60,203,7.0,75
2025-11-24,SKU0173,49,165,7.0,75
2025-12-01,SKU0173,83,252,7.0,75
2025-12-08,SKU0173,49,161,7.0,75
2025-12-15,SKU0173,80,201,7.0,75
2025-12-22,SKU0173,45,136,7.0,75
2025-12-29,SKU0173,65,134,7.0,75
2024-01-01,SKU0174,164,0,21.0,111
2024-01-08,SKU0174,134,148,21.0,111
2024-01-15,SKU0174,169,216,21.0,111
2024-01-22,SKU0174,140,141,21.0,111
2024-01-29,SKU0174,144,181,21.0,111
2024-02-05,SKU0174,119,0,21.0,111
2024-02-12,SKU0174,121,168,21.0,111
2024-02-19,SKU0174,152,140,21.0,111
2024-02-26,SKU0174,156,206,21.0,111
2024-03-04,SKU0174,126,0,21.0,111
2024-03-11,SKU0174,123,140,21.0,111
2024-03-18,SKU0174,138,161,21.0,111
2024-03-25,SKU0174,122,213,21.0,111
2024-04-01,SKU0174,79,133,21.0,111
2024-04-08,SKU0174,49,133,21.0,111
2024-04-15,SKU0174,31,104,21.0,111
2024-04-22,SKU0174,69,231,21.0,111
2024-04-29,SKU0174,116,194,21.0,111
2024-05-06,SKU0174,118,295,21.0,111
2024-05-13,SKU0174,148,257,21.0,111
2024-05-20,SKU0174,140,144,21.0,111
2024-05-27,SKU0174,118,244,21.0,111
2024-06-03,SKU0174,144,219,21.0,111
2024-06-10,SKU0174,153,160,21.0,111
2024-06-17,SKU0174,92,114,21.0,111
2024-06-24,SKU0174,70,235,21.0,111
2024-07-01,SKU0174,94,241,21.0,111
2024-07-08,SKU0174,112,128,21.0,111
2024-07-15,SKU0174,95,222,21.0,111
2024-07-22,SKU0174,108,181,21.0,111
2024-07-29,SKU0174,122,247,,111
2024-08-05,SKU0174,114,191,21.0,111
2024-08-12,SKU0174,135,257,21.0,111
2024-08-19,SKU0174,117,0,21.0,111
2024-08-26,SKU0174,121,115,21.0,111
2024-09-02,SKU0174,79,130,21.0,111
2024-09-09,SKU0174,31,106,21.0,111
2024-09-16,SKU0174,30,102,21.0,111
2024-09-23,SKU0174,55,145,21.0,111
2024-09-30,SKU0174,70,158,21.0,111
2024-10-07,SKU0174,90,292,21.0,111
2024-10-14,SKU0174,54,181,21.0,111
2024-10-21,SKU0174,89,172,21.0,111
2024-10-28,SKU0174,97,190,21.0,111
2024-11-04,SKU0174,74,156,21.0,111
2024-11-11,SKU0174,61,205,21.0,111
2024-11-18,SKU0174,89,185,21.0,111
2024-11-25,SKU0174,133,200,21.0,111
2024-12-02,SKU0174,107,129,21.0,111
2024-12-09,SKU0174,134,264,21.0,111
2024-12-16,SKU0174,164,278,21.0,111
2024-12-23,SKU0174,144,0,21.0,111
2024-12-30,SKU0174,140,189,21.0,111
2025-01-06,SKU0174,154,253,21.0,111
2025-01-13,SKU0174,121,0,21.0,111
2025-01-20,SKU0174,113,294,21.0,111
2025-01-27,SKU0174,85,146,21.0,111
2025-02-03,SKU0174,66,221,21.0,111
2025-02-10,SKU0174,69,221,21.0,111
2025-02-17,SKU0174,139,285,21.0,111
2025-02-24,SKU0174,145,198,21.0,111
2025-03-03,SKU0174,123,0,21.0,111
2025-03-10,SKU0174,143,198,21.0,111
2025-03-17,SKU0174,133,178,21.0,111
2025-03-24,SKU0174,96,162,21.0,111
2025-03-31,SKU0174,146,277,21.0,111
2025-04-07,SKU0174,147,140,21.0,111
2025-04-14,SKU0174,112,0,21.0,111
2025-04-21,SKU0174,161,231,21.0,111
2025-04-28,SKU0174,121,140,21.0,111
2025-05-05,SKU0174,124,113,21.0,111
2025-05-12,SKU0174,146,281,21.0,111
2025-05-19,SKU0174,142,142,21.0,111
2025-05-26,SKU0174,113,151,21.0,111
2025-06-02,SKU0174,166,297,21.0,111
2025-06-09,SKU0174,124,0,21.0,111
2025-06-16,SKU0174,120,210,21.0,111
2025-06-23,SKU0174,93,107,21.0,111
2025-06-30,SKU0174,81,200,21.0,111
2025-07-07,SKU0174,130,239,21.0,111
2025-07-14,SKU0174,134,146,21.0,111
2025-07-21,SKU0174,118,0,21.0,111
2025-07-28,SKU0174,169,260,21.0,111
2025-08-04,SKU0174,138,0,21.0,111
2025-08-11,SKU0174,118,0,21.0,111
2025-08-18,SKU0174,155,288,21.0,111
2025-08-25,SKU0174,155,267,21.0,111
2025-09-01,SKU0174,152,236,21.0,111
2025-09-08,SKU0174,120,0,21.0,111
2025-09-15,SKU0174,135,155,21.0,111
2025-09-22,SKU0174,118,0,21.0,111
2025-09-29,SKU0174,172,251,21.0,111
2025-10-06,SKU0174,128,0,21.0,111
2025-10-13,SKU0174,104,180,21.0,111
2025-10-20,SKU0174,112,260,21.0,111
2025-10-27,SKU0174,98,161,21.0,111
2025-11-03,SKU0174,68,180,21.0,111
2025-11-10,SKU0174,82,276,21.0,111
2025-11-17,SKU0174,156,297,21.0,111
2025-11-24,SKU0174,121,0,21.0,111
2025-12-01,SKU0174,123,113,21.0,111
2025-12-08,SKU0174,120,113,21.0,111
2025-12-15,SKU0174,85,172,21.0,111
2025-12-22,SKU0174,144,242,21.0,111
2025-12-29,SKU0174,117,0,21.0,111
2024-01-01,SKU0175,183,168,14.0,142
2024-01-08,SKU0175,178,242,14.0,142
2024-01-15,SKU0175,154,140,14.0,142
2024-01-22,SKU0175,170,150,14.0,142
2024-01-29,SKU0175,134,183,14.0,142
2024-02-05,SKU0175,175,239,14.0,142
2024-02-12,SKU0175,171,170,14.0,142
2024-02-19,SKU0175,123,107,14.0,142
2024-02-26,SKU0175,96,120,14.0,142
2024-03-04,SKU0175,134,208,14.0,142
2024-03-11,SKU0175,122,172,14.0,142
2024-03-18,SKU0175,82,146,14.0,142
2024-03-25,SKU0175,63,213,14.0,142
2024-04-01,SKU0175,45,149,14.0,142
2024-04-08,SKU0175,35,119,14.0,142
2024-04-15,SKU0175,72,243,14.0,142
2024-04-22,SKU0175,98,121,14.0,142
2024-04-29,SKU0175,137,200,14.0,142
2024-05-06,SKU0175,138,153,14.0,142
2024-05-13,SKU0175,176,199,14.0,142
2024-05-20,SKU0175,171,158,14.0,142
2024-05-27,SKU0175,208,238,14.0,142
2024-06-03,SKU0175,185,0,14.0,142
2024-06-10,SKU0175,164,0,14.0,142
2024-06-17,SKU0175,131,189,14.0,142
2024-06-24,SKU0175,137,106,14.0,142
2024-07-01,SKU0175,132,262,14.0,142
2024-07-08,SKU0175,133,257,14.0,142
2024-07-15,SKU0175,138,118,14.0,142
2024-07-22,SKU0175,181,289,14.0,142
2024-07-29,SKU0175,162,0,14.0,142
2024-08-05,SKU0175,124,177,14.0,142
2024-08-12,SKU0175,86,151,14.0,142
2024-08-19,SKU0175,70,163,14.0,142
2024-08-26,SKU0175,94,176,14.0,142
2024-09-02,SKU0175,72,114,14.0,142
2024-09-09,SKU0175,79,266,14.0,142
2024-09-16,SKU0175,100,265,14.0,142
2024-09-23,SKU0175,76,182,,142
2024-09-30,SKU0175,112,230,14.0,142
2024-10-07,SKU0175,175,248,14.0,142
2024-10-14,SKU0175,168,141,14.0,142
2024-10-21,SKU0175,132,155,14.0,142
2024-10-28,SKU0175,151,101,14.0,142
2024-11-04,SKU0175,132,122,14.0,142
2024-11-11,SKU0175,123,120,14.0,142
2024-11-18,SKU0175,148,185,14.0,142
2024-11-25,SKU0175,170,259,14.0,142
2024-12-02,SKU0175,191,201,14.0,142
2024-12-09,SKU0175,155,0,14.0,142
2024-12-16,SKU0175,120,120,14.0,142
2024-12-23,SKU0175,135,249,14.0,142
2024-12-30,SKU0175,178,262,14.0,142
2025-01-06,SKU0175,144,206,14.0,142
2025-01-13,SKU0175,140,208,14.0,142
2025-01-20,SKU0175,112,165,,142
2025-01-27,SKU0175,97,223,14.0,142
2025-02-03,SKU0175,145,204,14.0,142
2025-02-10,SKU0175,219,290,14.0,142
2025-02-17,SKU0175,209,284,14.0,142
2025-02-24,SKU0175,164,0,14.0,142
2025-03-03,SKU0175,179,266,14.0,142
2025-03-10,SKU0175,192,281,14.0,142
2025-03-17,SKU0175,167,0,14.0,142
2025-03-24,SKU0175,152,0,14.0,142
2025-03-31,SKU0175,159,133,14.0,142
2025-04-07,SKU0175,107,103,14.0,142
2025-04-14,SKU0175,112,183,14.0,142
2025-04-21,SKU0175,76,170,14.0,142
2025-04-28,SKU0175,147,293,14.0,142
2025-05-05,SKU0175,99,136,14.0,142
2025-05-12,SKU0175,110,258,14.0,142
2025-05-19,SKU0175,125,234,14.0,142
2025-05-26,SKU0175,91,163,14.0,142
2025-06-02,SKU0175,112,163,14.0,142
2025-06-09,SKU0175,146,294,14.0,142
2025-06-16,SKU0175,160,197,14.0,142
2025-06-23,SKU0175,138,179,14.0,142
2025-06-30,SKU0175,146,176,14.0,142
2025-07-07,SKU0175,142,112,14.0,142
2025-07-14,SKU0175,110,204,14.0,142
2025-07-21,SKU0175,168,242,14.0,142
2025-07-28,SKU0175,165,115,14.0,142
2025-08-04,SKU0175,147,157,14.0,142
2025-08-11,SKU0175,167,291,14.0,142
2025-08-18,SKU0175,167,136,14.0,142
2025-08-25,SKU0175,142,206,14.0,142
2025-09-01,SKU0175,169,282,14.0,142
2025-09-08,SKU0175,143,0,14.0,142
2025-09-15,SKU0175,93,132,14.0,142
2025-09-22,SKU0175,75,251,14.0,142
2025-09-29,SKU0175,117,203,,142
2025-10-06,SKU0175,96,175,14.0,142
2025-10-13,SKU0175,163,296,14.0,142
2025-10-20,SKU0175,204,296,14.0,142
2025-10-27,SKU0175,176,129,14.0,142
2025-11-03,SKU0175,160,252,14.0,142
2025-11-10,SKU0175,209,297,14.0,142
2025-11-17,SKU0175,171,0,14.0,142
2025-11-24,SKU0175,151,131,14.0,142
2025-12-01,SKU0175,128,156,14.0,142
2025-12-08,SKU0175,178,282,14.0,142
2025-12-15,SKU0175,149,0,14.0,142
2025-12-22,SKU0175,141,135,14.0,142
2025-12-29,SKU0175,137,187,14.0,142
2024-03-04,SKU0176,310,0,14.0,23
2024-03-11,SKU0176,253,0,14.0,23
2024-03-18,SKU0176,237,0,,23
2024-03-25,SKU0176,182,0,14.0,23
2024-04-01,SKU0176,161,0,14.0,23
2024-04-08,SKU0176,98,0,14.0,23
2024-04-15,SKU0176,103,269,14.0,23
2024-04-22,SKU0176,58,0,14.0,23
2024-04-29,SKU0176,80,268,14.0,23
2024-05-06,SKU0176,66,0,14.0,23
2024-05-13,SKU0176,78,263,14.0,23
2024-05-20,SKU0176,55,0,14.0,23
2024-05-27,SKU0176,87,291,14.0,23
2024-06-03,SKU0176,71,0,14.0,23
2024-06-10,SKU0176,48,0,14.0,23
2024-06-17,SKU0176,82,274,14.0,23
2024-06-24,SKU0176,38,0,14.0,23
2024-07-01,SKU0176,39,132,14.0,23
2024-07-08,SKU0176,40,135,14.0,23
2024-07-15,SKU0176,30,101,14.0,23
2024-07-22,SKU0176,84,282,14.0,23
2024-07-29,SKU0176,44,0,14.0,23
2024-08-05,SKU0176,28,0,14.0,23
2024-08-12,SKU0176,43,145,14.0,23
2024-08-19,SKU0176,33,0,14.0,23
2024-08-26,SKU0176,79,265,14.0,23
2024-09-02,SKU0176,92,283,14.0,23
2024-09-09,SKU0176,68,0,14.0,23
2024-09-16,SKU0176,84,261,14.0,23
2024-09-23,SKU0176,69,232,14.0,23
2024-09-30,SKU0176,30,0,14.0,23
2024-10-07,SKU0176,36,123,14.0,23
2024-10-14,SKU0176,30,100,14.0,23
2024-10-21,SKU0176,75,203,14.0,23
2024-10-28,SKU0176,51,0,14.0,23
2024-11-04,SKU0176,67,225,14.0,23
2024-11-11,SKU0176,52,0,14.0,23
2024-11-18,SKU0176,84,282,14.0,23
2024-11-25,SKU0176,65,154,14.0,23
2024-12-02,SKU0176,50,0,14.0,23
2024-12-09,SKU0176,76,254,14.0,23
2024-12-16,SKU0176,85,247,14.0,23
2024-12-23,SKU0176,35,0,14.0,23
2024-12-30,SKU0176,56,189,14.0,23
2025-01-06,SKU0176,45,0,14.0,23
2025-01-13,SKU0176,85,286,14.0,23
2025-01-20,SKU0176,57,148,14.0,23
2025-01-27,SKU0176,47,0,14.0,23
2025-02-03,SKU0176,31,106,14.0,23
2025-02-10,SKU0176,55,185,14.0,23
2025-02-17,SKU0176,31,0,14.0,23
2025-02-24,SKU0176,59,195,14.0,23
2025-03-03,SKU0176,56,112,14.0,23
2025-03-10,SKU0176,71,223,,23
2025-03-17,SKU0176,90,253,14.0,23
2025-03-24,SKU0176,31,0,14.0,23
2025-03-31,SKU0176,68,228,14.0,23
2025-04-07,SKU0176,43,0,14.0,23
2025-04-14,SKU0176,28,0,14.0,23
2025-04-21,SKU0176,55,184,14.0,23
2025-04-28,SKU0176,90,232,14.0,23
2025-05-05,SKU0176,47,0,14.0,23
2025-05-12,SKU0176,79,264,14.0,23
2025-05-19,SKU0176,56,115,14.0,23
2025-05-26,SKU0176,46,156,14.0,23
2025-06-02,SKU0176,35,0,14.0,23
2025-06-09,SKU0176,52,176,14.0,23
2025-06-16,SKU0176,25,0,14.0,23
2025-06-23,SKU0176,42,140,14.0,23
2025-06-30,SKU0176,54,111,14.0,23
2025-07-07,SKU0176,86,289,14.0,23
2025-07-14,SKU0176,30,0,14.0,23
2025-07-21,SKU0176,94,273,14.0,23
2025-07-28,SKU0176,32,0,14.0,23
2025-08-04,SKU0176,54,181,14.0,23
2025-08-11,SKU0176,65,219,14.0,23
2025-08-18,SKU0176,80,239,14.0,23
2025-08-25,SKU0176,44,147,14.0,23
2025-09-01,SKU0176,53,177,14.0,23
2025-09-08,SKU0176,66,144,14.0,23
2025-09-15,SKU0176,37,126,14.0,23
2025-09-22,SKU0176,54,181,14.0,23
2025-09-29,SKU0176,35,117,14.0,23
2025-10-06,SKU0176,87,293,14.0,23
2025-10-13,SKU0176,48,0,14.0,23
2025-10-20,SKU0176,36,123,14.0,23
2025-10-27,SKU0176,45,152,14.0,23
2025-11-03,SKU0176,81,272,14.0,23
2025-11-10,SKU0176,25,0,14.0,23
2025-11-17,SKU0176,36,123,14.0,23
2025-11-24,SKU0176,73,170,14.0,23
2025-12-01,SKU0176,54,0,14.0,23
2025-12-08,SKU0176,33,113,14.0,23
2025-12-15,SKU0176,40,136,14.0,23
2025-12-22,SKU0176,23,0,14.0,23
2025-12-29,SKU0176,83,278,14.0,23
2025-03-31,SKU0177,356,0,7.0,132
2025-04-07,SKU0177,344,0,7.0,132
2025-04-14,SKU0177,260,0,7.0,132
2025-04-21,SKU0177,213,0,7.0,132
2025-04-28,SKU0177,157,0,7.0,132
2025-05-05,SKU0177,188,228,7.0,132
2025-05-12,SKU0177,182,196,7.0,132
2025-05-19,SKU0177,135,0,7.0,132
2025-05-26,SKU0177,175,274,7.0,132
2025-06-02,SKU0177,144,0,7.0,132
2025-06-09,SKU0177,184,292,7.0,132
2025-06-16,SKU0177,157,164,7.0,132
2025-06-23,SKU0177,215,286,7.0,132
2025-06-30,SKU0177,132,0,7.0,132
2025-07-07,SKU0177,141,211,7.0,132
2025-07-14,SKU0177,161,170,7.0,132
2025-07-21,SKU0177,144,182,7.0,132
2025-07-28,SKU0177,119,197,7.0,132
2025-08-04,SKU0177,98,115,7.0,132
2025-08-11,SKU0177,115,209,7.0,132
2025-08-18,SKU0177,141,203,7.0,132
2025-08-25,SKU0177,143,272,7.0,132
2025-09-01,SKU0177,191,238,7.0,132
2025-09-08,SKU0177,168,128,7.0,132
2025-09-15,SKU0177,164,188,7.0,132
2025-09-22,SKU0177,137,0,7.0,132
2025-09-29,SKU0177,119,137,7.0,132
2025-10-06,SKU0177,172,295,7.0,132
2025-10-13,SKU0177,143,0,7.0,132
2025-10-20,SKU0177,116,188,7.0,132
2025-10-27,SKU0177,87,204,7.0,132
2025-11-03,SKU0177,100,112,7.0,132
2025-11-10,SKU0177,163,269,7.0,132
2025-11-17,SKU0177,195,279,,132
2025-11-24,SKU0177,166,135,7.0,132
2025-12-01,SKU0177,183,221,7.0,132
2025-12-08,SKU0177,136,0,7.0,132
2025-12-15,SKU0177,120,158,7.0,132
2025-12-22,SKU0177,141,295,7.0,132
2025-12-29,SKU0177,180,191,7.0,132
2024-01-01,SKU0178,242,0,14.0,130
2024-01-08,SKU0178,229,0,14.0,130
2024-01-15,SKU0178,211,0,14.0,130
2024-01-22,SKU0178,184,0,14.0,130
2024-01-29,SKU0178,191,211,14.0,130
2024-02-05,SKU0178,141,0,14.0,130
2024-02-12,SKU0178,98,127,14.0,130
2024-02-19,SKU0178,141,257,14.0,130
2024-02-26,SKU0178,153,248,14.0,130
2024-03-04,SKU0178,158,195,14.0,130
2024-03-11,SKU0178,165,141,14.0,130
2024-03-18,SKU0178,140,235,14.0,130
2024-03-25,SKU0178,131,249,14.0,130
2024-04-01,SKU0178,132,217,14.0,130
2024-04-08,SKU0178,175,232,14.0,130
2024-04-15,SKU0178,124,136,14.0,130
2024-04-22,SKU0178,137,190,14.0,130
2024-04-29,SKU0178,120,149,14.0,130
2024-05-06,SKU0178,112,214,14.0,130
2024-05-13,SKU0178,108,172,14.0,130
2024-05-20,SKU0178,71,162,14.0,130
2024-05-27,SKU0178,52,172,14.0,130
2024-06-03,SKU0178,51,156,14.0,130
2024-06-10,SKU0178,123,299,14.0,130
2024-06-17,SKU0178,144,266,14.0,130
2024-06-24,SKU0178,138,246,14.0,130
2024-07-01,SKU0178,123,110,14.0,130
2024-07-08,SKU0178,93,139,14.0,130
2024-07-15,SKU0178,57,114,14.0,130
2024-07-22,SKU0178,87,293,14.0,130
2024-07-29,SKU0178,109,211,14.0,130
2024-08-05,SKU0178,129,165,14.0,130
2024-08-12,SKU0178,119,285,14.0,130
2024-08-19,SKU0178,131,211,14.0,130
2024-08-26,SKU0178,106,182,14.0,130
2024-09-02,SKU0178,64,118,14.0,130
2024-09-09,SKU0178,42,140,14.0,130
2024-09-16,SKU0178,44,148,14.0,130
2024-09-23,SKU0178,70,236,14.0,130
2024-09-30,SKU0178,69,232,14.0,130
2024-10-07,SKU0178,62,145,14.0,130
2024-10-14,SKU0178,82,275,14.0,130
2024-10-21,SKU0178,70,234,14.0,130
2024-10-28,SKU0178,53,163,14.0,130
2024-11-04,SKU0178,94,214,14.0,130
2024-11-11,SKU0178,74,120,14.0,130
2024-11-18,SKU0178,103,270,14.0,130
2024-11-25,SKU0178,133,138,14.0,130
2024-12-02,SKU0178,189,272,14.0,130
2024-12-09,SKU0178,161,130,14.0,130
2024-12-16,SKU0178,109,160,14.0,130
2024-12-23,SKU0178,114,234,14.0,130
2024-12-30,SKU0178,106,287,14.0,130
2025-01-06,SKU0178,124,166,14.0,130
2025-01-13,SKU0178,191,271,14.0,130
2025-01-20,SKU0178,156,0,14.0,130
2025-01-27,SKU0178,164,238,14.0,130
2025-02-03,SKU0178,187,232,14.0,130
2025-02-10,SKU0178,187,257,14.0,130
2025-02-17,SKU0178,160,0,14.0,130
2025-02-24,SKU0178,186,195,14.0,130
2025-03-03,SKU0178,148,0,14.0,130
2025-03-10,SKU0178,114,130,14.0,130
2025-03-17,SKU0178,92,152,14.0,130
2025-03-24,SKU0178,97,199,14.0,130
2025-03-31,SKU0178,70,134,14.0,130
2025-04-07,SKU0178,36,123,14.0,130
2025-04-14,SKU0178,81,271,14.0,130
2025-04-21,SKU0178,102,183,14.0,130
2025-04-28,SKU0178,124,181,14.0,130
2025-05-05,SKU0178,143,115,14.0,130
2025-05-12,SKU0178,152,177,14.0,130
2025-05-19,SKU0178,183,200,14.0,130
2025-05-26,SKU0178,171,0,14.0,130
2025-06-02,SKU0178,125,174,14.0,130
2025-06-09,SKU0178,114,238,14.0,130
2025-06-16,SKU0178,91,139,14.0,130
2025-06-23,SKU0178,39,113,14.0,130
2025-06-30,SKU0178,47,111,14.0,130
2025-07-07,SKU0178,69,233,14.0,130
2025-07-14,SKU0178,57,116,14.0,130
2025-07-21,SKU0178,98,244,14.0,130
2025-07-28,SKU0178,123,119,14.0,130
2025-08-04,SKU0178,128,208,14.0,130
2025-08-11,SKU0178,138,265,14.0,130
2025-08-18,SKU0178,200,287,14.0,130
2025-08-25,SKU0178,182,0,14.0,130
2025-09-01,SKU0178,143,113,14.0,130
2025-09-08,SKU0178,170,203,14.0,130
2025-09-15,SKU0178,187,241,14.0,130
2025-09-22,SKU0178,140,0,14.0,130
2025-09-29,SKU0178,160,299,14.0,130
2025-10-06,SKU0178,153,200,14.0,130
2025-10-13,SKU0178,141,0,14.0,130
2025-10-20,SKU0178,99,190,14.0,130
2025-10-27,SKU0178,56,101,14.0,130
2025-11-03,SKU0178,110,264,14.0,130
2025-11-10,SKU0178,92,188,14.0,130
2025-11-17,SKU0178,119,274,14.0,130
2025-11-24,SKU0178,88,103,14.0,130
2025-12-01,SKU0178,77,109,14.0,130
2025-12-08,SKU0178,96,135,14.0,130
2025-12-15,SKU0178,57,129,14.0,130
2025-12-22,SKU0178,39,132,14.0,130
2025-12-29,SKU0178,70,235,14.0,130
2024-01-01,SKU0179,361,0,21.0,121
2024-01-08,SKU0179,328,0,21.0,121
2024-01-15,SKU0179,234,0,21.0,121
2024-01-22,SKU0179,223,0,21.0,121
2024-01-29,SKU0179,151,0,21.0,121
2024-02-05,SKU0179,148,121,21.0,121
2024-02-12,SKU0179,148,242,21.0,121
2024-02-19,SKU0179,124,0,21.0,121
2024-02-26,SKU0179,122,130,21.0,121
2024-03-04,SKU0179,93,163,21.0,121
2024-03-11,SKU0179,134,293,21.0,121
2024-03-18,SKU0179,134,289,21.0,121
2024-03-25,SKU0179,135,214,21.0,121
2024-04-01,SKU0179,165,281,21.0,121
2024-04-08,SKU0179,121,0,21.0,121
2024-04-15,SKU0179,130,232,21.0,121
2024-04-22,SKU0179,175,192,21.0,121
2024-04-29,SKU0179,147,0,21.0,121
2024-05-06,SKU0179,136,282,21.0,121
2024-05-13,SKU0179,134,217,21.0,121
2024-05-20,SKU0179,172,274,21.0,121
2024-05-27,SKU0179,123,0,21.0,121
2024-06-03,SKU0179,137,249,21.0,121
2024-06-10,SKU0179,104,141,21.0,121
2024-06-17,SKU0179,96,128,21.0,121
2024-06-24,SKU0179,136,232,21.0,121
2024-07-01,SKU0179,149,284,21.0,121
2024-07-08,SKU0179,186,267,21.0,121
2024-07-15,SKU0179,168,258,21.0,121
2024-07-22,SKU0179,150,0,21.0,121
2024-07-29,SKU0179,128,0,,121
2024-08-05,SKU0179,180,297,21.0,121
2024-08-12,SKU0179,148,167,21.0,121
2024-08-19,SKU0179,152,140,21.0,121
2024-08-26,SKU0179,125,244,21.0,121
2024-09-02,SKU0179,78,165,21.0,121
2024-09-09,SKU0179,110,248,21.0,121
2024-09-16,SKU0179,84,116,21.0,121
2024-09-23,SKU0179,70,235,21.0,121
2024-09-30,SKU0179,44,125,21.0,121
2024-10-07,SKU0179,82,196,21.0,121
2024-10-14,SKU0179,141,273,21.0,121
2024-10-21,SKU0179,79,123,21.0,121
2024-10-28,SKU0179,98,297,21.0,121
2024-11-04,SKU0179,114,200,21.0,121
2024-11-11,SKU0179,123,293,21.0,121
2024-11-18,SKU0179,86,115,21.0,121
2024-11-25,SKU0179,121,213,21.0,121
2024-12-02,SKU0179,133,212,21.0,121
2024-12-09,SKU0179,107,167,21.0,121
2024-12-16,SKU0179,82,200,21.0,121
2024-12-23,SKU0179,118,236,21.0,121
2024-12-30,SKU0179,167,254,21.0,121
2025-01-06,SKU0179,147,0,21.0,121
2025-01-13,SKU0179,142,161,21.0,121
2025-01-20,SKU0179,165,203,21.0,121
2025-01-27,SKU0179,153,278,21.0,121
2025-02-03,SKU0179,120,219,21.0,121
2025-02-10,SKU0179,144,196,21.0,121
2025-02-17,SKU0179,167,222,21.0,121
2025-02-24,SKU0179,131,160,21.0,121
2025-03-03,SKU0179,177,297,21.0,121
2025-03-10,SKU0179,153,0,21.0,121
2025-03-17,SKU0179,129,0,21.0,121
2025-03-24,SKU0179,88,152,21.0,121
2025-03-31,SKU0179,64,154,21.0,121
2025-04-07,SKU0179,87,290,21.0,121
2025-04-14,SKU0179,84,169,21.0,121
2025-04-21,SKU0179,78,263,21.0,121
2025-04-28,SKU0179,136,262,21.0,121
2025-05-05,SKU0179,134,243,21.0,121
2025-05-12,SKU0179,174,290,21.0,121
2025-05-19,SKU0179,165,213,21.0,121
2025-05-26,SKU0179,177,231,21.0,121
2025-06-02,SKU0179,146,127,21.0,121
2025-06-09,SKU0179,115,152,21.0,121
2025-06-16,SKU0179,120,139,21.0,121
2025-06-23,SKU0179,105,261,21.0,121
2025-06-30,SKU0179,90,281,21.0,121
2025-07-07,SKU0179,87,103,21.0,121
2025-07-14,SKU0179,157,273,21.0,121
2025-07-21,SKU0179,132,0,21.0,121
2025-07-28,SKU0179,174,181,21.0,121
2025-08-04,SKU0179,134,0,21.0,121
2025-08-11,SKU0179,193,246,21.0,121
2025-08-18,SKU0179,154,153,21.0,121
2025-08-25,SKU0179,101,151,21.0,121
2025-09-01,SKU0179,112,146,21.0,121
2025-09-08,SKU0179,122,139,21.0,121
2025-09-15,SKU0179,87,212,21.0,121
2025-09-22,SKU0179,131,233,21.0,121
2025-09-29,SKU0179,125,238,21.0,121
2025-10-06,SKU0179,132,180,21.0,121
2025-10-13,SKU0179,101,209,21.0,121
2025-10-20,SKU0179,65,100,21.0,121
2025-10-27,SKU0179,82,181,21.0,121
2025-11-03,SKU0179,40,134,21.0,121
2025-11-10,SKU0179,84,189,21.0,121
2025-11-17,SKU0179,76,255,21.0,121
2025-11-24,SKU0179,95,105,21.0,121
2025-12-01,SKU0179,80,120,21.0,121
2025-12-08,SKU0179,92,210,21.0,121
2025-12-15,SKU0179,90,239,21.0,121
2025-12-22,SKU0179,83,166,21.0,121
2025-12-29,SKU0179,36,115,21.0,121
2024-06-03,SKU0180,69,220,7.0,130
2024-06-10,SKU0180,108,184,7.0,130
2024-06-17,SKU0180,75,198,7.0,130
2024-06-24,SKU0180,81,120,7.0,130
2024-07-01,SKU0180,44,147,7.0,130
2024-07-08,SKU0180,53,179,7.0,130
2024-07-15,SKU0180,76,224,7.0,130
2024-07-22,SKU0180,103,138,7.0,130
2024-07-29,SKU0180,113,299,7.0,130
2024-08-05,SKU0180,99,217,7.0,130
2024-08-12,SKU0180,85,211,7.0,130
2024-08-19,SKU0180,36,113,7.0,130
2024-08-26,SKU0180,57,193,7.0,130
2024-09-02,SKU0180,46,154,7.0,130
2024-09-09,SKU0180,56,188,7.0,130
2024-09-16,SKU0180,92,170,7.0,130
2024-09-23,SKU0180,47,108,7.0,130
2024-09-30,SKU0180,50,169,7.0,130
2024-10-07,SKU0180,53,177,7.0,130
2024-10-14,SKU0180,74,249,7.0,130
2024-10-21,SKU0180,101,289,7.0,130
2024-10-28,SKU0180,154,273,7.0,130
2024-11-04,SKU0180,187,240,7.0,130
2024-11-11,SKU0180,159,0,7.0,130
2024-11-18,SKU0180,131,0,7.0,130
2024-11-25,SKU0180,102,142,7.0,130
2024-12-02,SKU0180,127,282,7.0,130
2024-12-09,SKU0180,146,268,7.0,130
2024-12-16,SKU0180,133,0,7.0,130
2024-12-23,SKU0180,143,224,7.0,130
2024-12-30,SKU0180,128,158,7.0,130
2025-01-06,SKU0180,146,128,7.0,130
2025-01-13,SKU0180,148,257,7.0,130
2025-01-20,SKU0180,123,167,7.0,130
2025-01-27,SKU0180,93,208,7.0,130
2025-02-03,SKU0180,65,215,7.0,130
2025-02-10,SKU0180,111,207,7.0,130
2025-02-17,SKU0180,74,165,7.0,130
2025-02-24,SKU0180,64,186,7.0,130
2025-03-03,SKU0180,106,256,7.0,130
2025-03-10,SKU0180,122,213,7.0,130
2025-03-17,SKU0180,159,231,7.0,130
2025-03-24,SKU0180,201,247,7.0,130
2025-03-31,SKU0180,176,0,7.0,130
2025-04-07,SKU0180,152,224,7.0,130
2025-04-14,SKU0180,183,231,7.0,130
2025-04-21,SKU0180,144,0,7.0,130
2025-04-28,SKU0180,140,298,7.0,130
2025-05-05,SKU0180,193,242,7.0,130
2025-05-12,SKU0180,133,131,7.0,130
2025-05-19,SKU0180,187,262,7.0,130
2025-05-26,SKU0180,159,0,7.0,130
2025-06-02,SKU0180,145,0,7.0,130
2025-06-09,SKU0180,120,117,7.0,130
2025-06-16,SKU0180,102,159,7.0,130
2025-06-23,SKU0180,107,253,7.0,130
2025-06-30,SKU0180,100,197,7.0,130
2025-07-07,SKU0180,116,118,7.0,130
2025-07-14,SKU0180,124,212,7.0,130
2025-07-21,SKU0180,162,289,7.0,130
2025-07-28,SKU0180,175,205,7.0,130
2025-08-04,SKU0180,174,205,7.0,130
2025-08-11,SKU0180,199,249,7.0,130
2025-08-18,SKU0180,188,0,7.0,130
2025-08-25,SKU0180,178,267,7.0,130
2025-09-01,SKU0180,170,145,7.0,130
2025-09-08,SKU0180,139,209,7.0,130
2025-09-15,SKU0180,174,253,7.0,130
2025-09-22,SKU0180,175,184,7.0,130
2025-09-29,SKU0180,186,271,7.0,130
2025-10-06,SKU0180,134,0,7.0,130
2025-10-13,SKU0180,132,251,7.0,130
2025-10-20,SKU0180,90,126,7.0,130
2025-10-27,SKU0180,30,100,7.0,130
2025-11-03,SKU0180,57,193,7.0,130
2025-11-10,SKU0180,54,119,7.0,130
2025-11-17,SKU0180,41,117,7.0,130
2025-11-24,SKU0180,111,268,7.0,130
2025-12-01,SKU0180,89,127,7.0,130
2025-12-08,SKU0180,64,216,7.0,130
2025-12-15,SKU0180,80,267,7.0,130
2025-12-22,SKU0180,97,120,7.0,130
2025-12-29,SKU0180,142,235,7.0,130
2024-01-01,SKU0181,153,259,7.0,110
2024-01-08,SKU0181,113,0,7.0,110
2024-01-15,SKU0181,118,107,7.0,110
2024-01-22,SKU0181,77,140,7.0,110
2024-01-29,SKU0181,84,242,7.0,110
2024-02-05,SKU0181,58,185,7.0,110
2024-02-12,SKU0181,56,187,7.0,110
2024-02-19,SKU0181,96,214,7.0,110
2024-02-26,SKU0181,139,201,7.0,110
2024-03-04,SKU0181,97,164,7.0,110
2024-03-11,SKU0181,141,200,7.0,110
2024-03-18,SKU0181,111,0,7.0,110
2024-03-25,SKU0181,97,228,7.0,110
2024-04-01,SKU0181,117,142,7.0,110
2024-04-08,SKU0181,112,257,7.0,110
2024-04-15,SKU0181,116,170,7.0,110
2024-04-22,SKU0181,154,225,7.0,110
2024-04-29,SKU0181,125,126,7.0,110
2024-05-06,SKU0181,146,202,7.0,110
2024-05-13,SKU0181,114,117,7.0,110
2024-05-20,SKU0181,172,266,7.0,110
2024-05-27,SKU0181,125,0,7.0,110
2024-06-03,SKU0181,153,252,7.0,110
2024-06-10,SKU0181,128,131,7.0,110
2024-06-17,SKU0181,117,265,7.0,110
2024-06-24,SKU0181,114,213,7.0,110
2024-07-01,SKU0181,135,117,7.0,110
2024-07-08,SKU0181,126,212,7.0,110
2024-07-15,SKU0181,158,226,7.0,110
2024-07-22,SKU0181,141,0,7.0,110
2024-07-29,SKU0181,144,247,7.0,110
2024-08-05,SKU0181,119,0,7.0,110
2024-08-12,SKU0181,153,278,7.0,110
2024-08-19,SKU0181,113,117,7.0,110
2024-08-26,SKU0181,140,236,7.0,110
2024-09-02,SKU0181,124,239,7.0,110
2024-09-09,SKU0181,134,187,7.0,110
2024-09-16,SKU0181,100,217,7.0,110
2024-09-23,SKU0181,84,158,7.0,110
2024-09-30,SKU0181,110,131,7.0,110
2024-10-07,SKU0181,154,241,7.0,110
2024-10-14,SKU0181,136,0,7.0,110
2024-10-21,SKU0181,146,166,7.0,110
2024-10-28,SKU0181,96,115,7.0,110
2024-11-04,SKU0181,104,143,7.0,110
2024-11-11,SKU0181,64,170,7.0,110
2024-11-18,SKU0181,41,106,7.0,110
2024-11-25,SKU0181,66,201,7.0,110
2024-12-02,SKU0181,113,241,7.0,110
2024-12-09,SKU0181,105,246,7.0,110
2024-12-16,SKU0181,158,252,7.0,110
2024-12-23,SKU0181,152,171,7.0,110
2024-12-30,SKU0181,132,0,7.0,110
2025-01-06,SKU0181,160,190,7.0,110
2025-01-13,SKU0181,144,171,7.0,110
2025-01-20,SKU0181,125,0,7.0,110
2025-01-27,SKU0181,65,133,7.0,110
2025-02-03,SKU0181,30,100,7.0,110
2025-02-10,SKU0181,58,151,7.0,110
2025-02-17,SKU0181,43,146,7.0,110
2025-02-24,SKU0181,40,136,7.0,110
2025-03-03,SKU0181,75,251,7.0,110
2025-03-10,SKU0181,36,123,7.0,110
2025-03-17,SKU0181,89,298,7.0,110
2025-03-24,SKU0181,107,193,7.0,110
2025-03-31,SKU0181,145,284,7.0,110
2025-04-07,SKU0181,111,0,7.0,110
2025-04-14,SKU0181,64,115,7.0,110
2025-04-21,SKU0181,79,240,7.0,110
2025-04-28,SKU0181,111,191,7.0,110
2025-05-05,SKU0181,149,160,7.0,110
2025-05-12,SKU0181,109,113,7.0,110
2025-05-19,SKU0181,137,188,7.0,110
2025-05-26,SKU0181,149,233,7.0,110
2025-06-02,SKU0181,107,148,7.0,110
2025-06-09,SKU0181,135,197,7.0,110
2025-06-16,SKU0181,115,0,7.0,110
2025-06-23,SKU0181,128,231,7.0,110
2025-06-30,SKU0181,120,152,7.0,110
2025-07-07,SKU0181,64,131,7.0,110
2025-07-14,SKU0181,113,288,7.0,110
2025-07-21,SKU0181,83,168,7.0,110
2025-07-28,SKU0181,121,273,7.0,110
2025-08-04,SKU0181,145,151,7.0,110
2025-08-11,SKU0181,126,0,7.0,110
2025-08-18,SKU0181,132,143,7.0,110
2025-08-25,SKU0181,116,0,7.0,110
2025-09-01,SKU0181,70,164,7.0,110
2025-09-08,SKU0181,62,142,7.0,110
2025-09-15,SKU0181,99,237,7.0,110
2025-09-22,SKU0181,78,137,7.0,110
2025-09-29,SKU0181,104,218,7.0,110
2025-10-06,SKU0181,137,159,7.0,110
2025-10-13,SKU0181,168,207,7.0,110
2025-10-20,SKU0181,164,289,7.0,110
2025-10-27,SKU0181,140,0,7.0,110
2025-11-03,SKU0181,117,157,7.0,110
2025-11-10,SKU0181,173,285,7.0,110
2025-11-17,SKU0181,161,205,7.0,110
2025-11-24,SKU0181,104,129,7.0,110
2025-12-01,SKU0181,153,292,7.0,110
2025-12-08,SKU0181,135,204,7.0,110
2025-12-15,SKU0181,137,256,7.0,110
2025-12-22,SKU0181,145,196,7.0,110
2025-12-29,SKU0181,120,0,7.0,110
2024-01-01,SKU0182,113,142,7.0,114
2024-01-08,SKU0182,89,122,7.0,114
2024-01-15,SKU0182,71,136,7.0,114
2024-01-22,SKU0182,38,128,7.0,114
2024-01-29,SKU0182,76,255,7.0,114
2024-02-05,SKU0182,120,239,7.0,114
2024-02-12,SKU0182,64,117,7.0,114
2024-02-19,SKU0182,76,255,7.0,114
2024-02-26,SKU0182,52,175,7.0,114
2024-03-04,SKU0182,105,231,7.0,114
2024-03-11,SKU0182,83,141,7.0,114
2024-03-18,SKU0182,57,179,7.0,114
2024-03-25,SKU0182,71,206,7.0,114
2024-04-01,SKU0182,131,246,7.0,114
2024-04-08,SKU0182,113,202,7.0,114
2024-04-15,SKU0182,75,130,7.0,114
2024-04-22,SKU0182,59,199,7.0,114
2024-04-29,SKU0182,92,241,7.0,114
2024-05-06,SKU0182,102,277,7.0,114
2024-05-13,SKU0182,107,294,7.0,114
2024-05-20,SKU0182,108,276,7.0,114
2024-05-27,SKU0182,130,183,7.0,114
2024-06-03,SKU0182,168,262,7.0,114
2024-06-10,SKU0182,186,259,7.0,114
2024-06-17,SKU0182,146,0,,114
2024-06-24,SKU0182,116,0,7.0,114
2024-07-01,SKU0182,138,285,7.0,114
2024-07-08,SKU0182,148,278,7.0,114
2024-07-15,SKU0182,96,104,7.0,114
2024-07-22,SKU0182,103,252,7.0,114
2024-07-29,SKU0182,82,215,7.0,114
2024-08-05,SKU0182,74,173,7.0,114
2024-08-12,SKU0182,102,260,7.0,114
2024-08-19,SKU0182,149,294,7.0,114
2024-08-26,SKU0182,108,139,7.0,114
2024-09-02,SKU0182,132,257,7.0,114
2024-09-09,SKU0182,108,121,7.0,114
2024-09-16,SKU0182,126,199,7.0,114
2024-09-23,SKU0182,164,267,7.0,114
2024-09-30,SKU0182,180,294,7.0,114
2024-10-07,SKU0182,139,138,7.0,114
2024-10-14,SKU0182,143,114,7.0,114
2024-10-21,SKU0182,168,199,7.0,114
2024-10-28,SKU0182,191,294,7.0,114
2024-11-04,SKU0182,114,0,7.0,114
2024-11-11,SKU0182,90,174,7.0,114
2024-11-18,SKU0182,88,133,7.0,114
2024-11-25,SKU0182,67,219,7.0,114
2024-12-02,SKU0182,103,244,7.0,114
2024-12-09,SKU0182,80,220,7.0,114
2024-12-16,SKU0182,152,281,7.0,114
2024-12-23,SKU0182,154,209,7.0,114
2024-12-30,SKU0182,135,0,7.0,114
2025-01-06,SKU0182,123,0,7.0,114
2025-01-13,SKU0182,92,221,7.0,114
2025-01-20,SKU0182,96,250,7.0,114
2025-01-27,SKU0182,100,212,7.0,114
2025-02-03,SKU0182,118,113,7.0,114
2025-02-10,SKU0182,90,236,7.0,114
2025-02-17,SKU0182,93,203,7.0,114
2025-02-24,SKU0182,41,127,7.0,114
2025-03-03,SKU0182,114,277,7.0,114
2025-03-10,SKU0182,119,142,7.0,114
2025-03-17,SKU0182,175,296,7.0,114
2025-03-24,SKU0182,124,0,7.0,114
2025-03-31,SKU0182,104,150,7.0,114
2025-04-07,SKU0182,117,270,7.0,114
2025-04-14,SKU0182,101,141,7.0,114
2025-04-21,SKU0182,165,261,7.0,114
2025-04-28,SKU0182,123,0,7.0,114
2025-05-05,SKU0182,126,289,7.0,114
2025-05-12,SKU0182,156,277,7.0,114
2025-05-19,SKU0182,145,0,7.0,114
2025-05-26,SKU0182,173,271,7.0,114
2025-06-02,SKU0182,156,0,7.0,114
2025-06-09,SKU0182,135,0,7.0,114
2025-06-16,SKU0182,116,246,7.0,114
2025-06-23,SKU0182,140,210,7.0,114
2025-06-30,SKU0182,135,257,7.0,114
2025-07-07,SKU0182,159,239,7.0,114
2025-07-14,SKU0182,172,210,7.0,114
2025-07-21,SKU0182,114,100,7.0,114
2025-07-28,SKU0182,151,236,7.0,114
2025-08-04,SKU0182,145,183,7.0,114
2025-08-11,SKU0182,130,213,7.0,114
2025-08-18,SKU0182,141,159,7.0,114
2025-08-25,SKU0182,158,264,7.0,114
2025-09-01,SKU0182,118,143,7.0,114
2025-09-08,SKU0182,83,100,7.0,114
2025-09-15,SKU0182,104,127,7.0,114
2025-09-22,SKU0182,78,107,7.0,114
2025-09-29,SKU0182,70,116,7.0,114
2025-10-06,SKU0182,69,225,7.0,114
2025-10-13,SKU0182,71,143,7.0,114
2025-10-20,SKU0182,95,293,7.0,114
2025-10-27,SKU0182,112,273,7.0,114
2025-11-03,SKU0182,111,194,7.0,114
2025-11-10,SKU0182,123,220,7.0,114
2025-11-17,SKU0182,63,117,7.0,114
2025-11-24,SKU0182,53,149,7.0,114
2025-12-01,SKU0182,75,161,7.0,114
2025-12-08,SKU0182,95,200,7.0,114
2025-12-15,SKU0182,116,226,7.0,114
2025-12-22,SKU0182,136,171,7.0,114
2025-12-29,SKU0182,115,0,7.0,114
2024-01-01,SKU0183,282,0,14.0,149
2024-01-08,SKU0183,266,0,14.0,149
2024-01-15,SKU0183,210,0,14.0,149
2024-01-22,SKU0183,203,239,14.0,149
2024-01-29,SKU0183,161,0,14.0,149
2024-02-05,SKU0183,183,254,14.0,149
2024-02-12,SKU0183,140,124,14.0,149
2024-02-19,SKU0183,111,224,14.0,149
2024-02-26,SKU0183,117,265,14.0,149
2024-03-04,SKU0183,143,155,14.0,149
2024-03-11,SKU0183,115,200,14.0,149
2024-03-18,SKU0183,117,203,14.0,149
2024-03-25,SKU0183,149,205,14.0,149
2024-04-01,SKU0183,205,230,14.0,149
2024-04-08,SKU0183,193,0,14.0,149
2024-04-15,SKU0183,179,0,14.0,149
2024-04-22,SKU0183,145,134,14.0,149
2024-04-29,SKU0183,153,178,14.0,149
2024-05-06,SKU0183,199,263,14.0,149
2024-05-13,SKU0183,154,0,14.0,149
2024-05-20,SKU0183,179,253,14.0,149
2024-05-27,SKU0183,214,245,14.0,149
2024-06-03,SKU0183,214,257,14.0,149
2024-06-10,SKU0183,193,0,14.0,149
2024-06-17,SKU0183,177,0,14.0,149
2024-06-24,SKU0183,158,169,14.0,149
2024-07-01,SKU0183,180,240,14.0,149
2024-07-08,SKU0183,193,163,14.0,149
2024-07-15,SKU0183,164,226,14.0,149
2024-07-22,SKU0183,128,160,14.0,149
2024-07-29,SKU0183,126,142,14.0,149
2024-08-05,SKU0183,147,226,14.0,149
2024-08-12,SKU0183,179,268,14.0,149
2024-08-19,SKU0183,153,210,14.0,149
2024-08-26,SKU0183,165,155,14.0,149
2024-09-02,SKU0183,153,274,14.0,149
2024-09-09,SKU0183,100,133,14.0,149
2024-09-16,SKU0183,173,292,14.0,149
2024-09-23,SKU0183,175,147,14.0,149
2024-09-30,SKU0183,168,109,14.0,149
2024-10-07,SKU0183,197,179,14.0,149
2024-10-14,SKU0183,161,0,14.0,149
2024-10-21,SKU0183,120,177,14.0,149
2024-10-28,SKU0183,165,239,14.0,149
2024-11-04,SKU0183,157,103,14.0,149
2024-11-11,SKU0183,166,167,14.0,149
2024-11-18,SKU0183,169,263,14.0,149
2024-11-25,SKU0183,154,0,14.0,149
2024-12-02,SKU0183,162,295,14.0,149
2024-12-09,SKU0183,154,239,14.0,149
2024-12-16,SKU0183,148,189,14.0,149
2024-12-23,SKU0183,118,149,14.0,149
2024-12-30,SKU0183,165,254,14.0,149
2025-01-06,SKU0183,154,229,14.0,149
2025-01-13,SKU0183,201,219,14.0,149
2025-01-20,SKU0183,190,0,14.0,149
2025-01-27,SKU0183,133,110,14.0,149
2025-02-03,SKU0183,153,176,14.0,149
2025-02-10,SKU0183,206,277,14.0,149
2025-02-17,SKU0183,186,166,14.0,149
2025-02-24,SKU0183,154,0,14.0,149
2025-03-03,SKU0183,184,223,14.0,149
2025-03-10,SKU0183,166,0,14.0,149
2025-03-17,SKU0183,163,250,14.0,149
2025-03-24,SKU0183,224,254,14.0,149
2025-03-31,SKU0183,187,0,14.0,149
2025-04-07,SKU0183,160,0,14.0,149
2025-04-14,SKU0183,130,109,14.0,149
2025-04-21,SKU0183,172,183,14.0,149
2025-04-28,SKU0183,175,183,14.0,149
2025-05-05,SKU0183,164,208,14.0,149
2025-05-12,SKU0183,177,287,14.0,149
2025-05-19,SKU0183,133,162,14.0,149
2025-05-26,SKU0183,179,265,14.0,149
2025-06-02,SKU0183,157,162,14.0,149
2025-06-09,SKU0183,175,289,14.0,149
2025-06-16,SKU0183,177,162,14.0,149
2025-06-23,SKU0183,166,162,14.0,149
2025-06-30,SKU0183,199,274,14.0,149
2025-07-07,SKU0183,210,298,14.0,149
2025-07-14,SKU0183,199,261,14.0,149
2025-07-21,SKU0183,144,104,14.0,149
2025-07-28,SKU0183,132,121,14.0,149
2025-08-04,SKU0183,168,231,14.0,149
2025-08-11,SKU0183,183,251,14.0,149
2025-08-18,SKU0183,200,193,14.0,149
2025-08-25,SKU0183,151,102,14.0,149
2025-09-01,SKU0183,133,247,14.0,149
2025-09-08,SKU0183,193,264,14.0,149
2025-09-15,SKU0183,207,259,14.0,149
2025-09-22,SKU0183,158,0,14.0,149
2025-09-29,SKU0183,162,173,14.0,149
2025-10-06,SKU0183,165,148,14.0,149
2025-10-13,SKU0183,103,126,14.0,149
2025-10-20,SKU0183,52,102,14.0,149
2025-10-27,SKU0183,67,169,14.0,149
2025-11-03,SKU0183,72,240,14.0,149
2025-11-10,SKU0183,70,232,14.0,149
2025-11-17,SKU0183,93,268,14.0,149
2025-11-24,SKU0183,95,102,14.0,149
2025-12-01,SKU0183,125,228,14.0,149
2025-12-08,SKU0183,129,161,14.0,149
2025-12-15,SKU0183,74,132,14.0,149
2025-12-22,SKU0183,81,272,14.0,149
2025-12-29,SKU0183,60,130,14.0,149
2024-01-01,SKU0184,262,0,14.0,55
2024-01-08,SKU0184,177,0,14.0,55
2024-01-15,SKU0184,137,0,14.0,55
2024-01-22,SKU0184,107,0,14.0,55
2024-01-29,SKU0184,54,128,14.0,55
2024-02-05,SKU0184,89,164,14.0,55
2024-02-12,SKU0184,77,0,14.0,55
2024-02-19,SKU0184,45,139,14.0,55
2024-02-26,SKU0184,65,218,14.0,55
2024-03-04,SKU0184,58,194,14.0,55
2024-03-11,SKU0184,73,246,14.0,55
2024-03-18,SKU0184,69,182,14.0,55
2024-03-25,SKU0184,76,256,14.0,55
2024-04-01,SKU0184,43,106,14.0,55
2024-04-08,SKU0184,76,255,14.0,55
2024-04-15,SKU0184,66,223,14.0,55
2024-04-22,SKU0184,78,186,14.0,55
2024-04-29,SKU0184,106,176,14.0,55
2024-05-06,SKU0184,123,269,14.0,55
2024-05-13,SKU0184,61,0,14.0,55
2024-05-20,SKU0184,85,285,14.0,55
2024-05-27,SKU0184,113,289,14.0,55
2024-06-03,SKU0184,75,0,14.0,55
2024-06-10,SKU0184,49,165,14.0,55
2024-06-17,SKU0184,77,249,,55
2024-06-24,SKU0184,51,132,14.0,55
2024-07-01,SKU0184,91,229,14.0,55
2024-07-08,SKU0184,75,211,14.0,55
2024-07-15,SKU0184,119,255,14.0,55
2024-07-22,SKU0184,104,0,14.0,55
2024-07-29,SKU0184,62,191,14.0,55
2024-08-05,SKU0184,47,158,14.0,55
2024-08-12,SKU0184,87,261,14.0,55
2024-08-19,SKU0184,107,226,14.0,55
2024-08-26,SKU0184,141,293,14.0,55
2024-09-02,SKU0184,120,0,14.0,55
2024-09-09,SKU0184,56,0,14.0,55
2024-09-16,SKU0184,69,233,14.0,55
2024-09-23,SKU0184,106,280,14.0,55
2024-09-30,SKU0184,59,0,14.0,55
2024-10-07,SKU0184,61,119,14.0,55
2024-10-14,SKU0184,91,140,14.0,55
2024-10-21,SKU0184,79,0,14.0,55
2024-10-28,SKU0184,102,297,14.0,55
2024-11-04,SKU0184,71,0,14.0,55
2024-11-11,SKU0184,78,262,14.0,55
2024-11-18,SKU0184,113,215,14.0,55
2024-11-25,SKU0184,61,0,14.0,55
2024-12-02,SKU0184,93,173,14.0,55
2024-12-09,SKU0184,72,0,14.0,55
2024-12-16,SKU0184,64,216,14.0,55
2024-12-23,SKU0184,100,179,14.0,55
2024-12-30,SKU0184,102,225,14.0,55
2025-01-06,SKU0184,103,230,14.0,55
2025-01-13,SKU0184,80,0,14.0,55
2025-01-20,SKU0184,69,147,14.0,55
2025-01-27,SKU0184,45,153,14.0,55
2025-02-03,SKU0184,42,143,14.0,55
2025-02-10,SKU0184,62,207,14.0,55
2025-02-17,SKU0184,83,278,14.0,55
2025-02-24,SKU0184,35,109,14.0,55
2025-03-03,SKU0184,39,130,14.0,55
2025-03-10,SKU0184,41,139,14.0,55
2025-03-17,SKU0184,87,290,14.0,55
2025-03-24,SKU0184,37,126,14.0,55
2025-03-31,SKU0184,35,119,14.0,55
2025-04-07,SKU0184,89,298,14.0,55
2025-04-14,SKU0184,46,147,14.0,55
2025-04-21,SKU0184,65,158,14.0,55
2025-04-28,SKU0184,34,114,14.0,55
2025-05-05,SKU0184,35,118,14.0,55
2025-05-12,SKU0184,83,277,14.0,55
2025-05-19,SKU0184,94,178,14.0,55
2025-05-26,SKU0184,107,261,14.0,55
2025-06-02,SKU0184,115,290,14.0,55
2025-06-09,SKU0184,88,0,14.0,55
2025-06-16,SKU0184,74,248,14.0,55
2025-06-23,SKU0184,124,270,14.0,55
2025-06-30,SKU0184,108,0,14.0,55
2025-07-07,SKU0184,80,0,14.0,55
2025-07-14,SKU0184,59,199,14.0,55
2025-07-21,SKU0184,53,152,14.0,55
2025-07-28,SKU0184,74,248,14.0,55
2025-08-04,SKU0184,59,0,14.0,55
2025-08-11,SKU0184,131,279,14.0,55
2025-08-18,SKU0184,84,0,14.0,55
2025-08-25,SKU0184,80,269,14.0,55
2025-09-01,SKU0184,69,0,14.0,55
2025-09-08,SKU0184,55,184,14.0,55
2025-09-15,SKU0184,83,278,14.0,55
2025-09-22,SKU0184,115,216,14.0,55
2025-09-29,SKU0184,87,0,14.0,55
2025-10-06,SKU0184,103,275,14.0,55
2025-10-13,SKU0184,113,291,14.0,55
2025-10-20,SKU0184,59,0,14.0,55
2025-10-27,SKU0184,72,108,14.0,55
2025-11-03,SKU0184,58,0,14.0,55
2025-11-10,SKU0184,104,264,14.0,55
2025-11-17,SKU0184,62,0,14.0,55
2025-11-24,SKU0184,77,258,14.0,55
2025-12-01,SKU0184,57,190,14.0,55
2025-12-08,SKU0184,74,232,14.0,55
2025-12-15,SKU0184,90,148,14.0,55
2025-12-22,SKU0184,86,288,14.0,55
2025-12-29,SKU0184,50,167,14.0,55
2024-01-01,SKU0185,158,0,14.0,128
2024-01-08,SKU0185,130,200,14.0,128
2024-01-15,SKU0185,87,135,14.0,128
2024-01-22,SKU0185,131,192,14.0,128
2024-01-29,SKU0185,159,130,14.0,128
2024-02-05,SKU0185,161,222,14.0,128
2024-02-12,SKU0185,168,211,14.0,128
2024-02-19,SKU0185,145,103,14.0,128
2024-02-26,SKU0185,171,242,14.0,128
2024-03-04,SKU0185,140,0,14.0,128
2024-03-11,SKU0185,161,239,14.0,128
2024-03-18,SKU0185,203,282,14.0,128
2024-03-25,SKU0185,187,0,14.0,128
2024-04-01,SKU0185,152,0,14.0,128
2024-04-08,SKU0185,168,147,14.0,128
2024-04-15,SKU0185,156,0,14.0,128
2024-04-22,SKU0185,211,288,14.0,128
2024-04-29,SKU0185,150,0,14.0,128
2024-05-06,SKU0185,168,164,14.0,128
2024-05-13,SKU0185,134,106,14.0,128
2024-05-20,SKU0185,129,221,14.0,128
2024-05-27,SKU0185,143,248,14.0,128
2024-06-03,SKU0185,131,0,14.0,128
2024-06-10,SKU0185,191,250,14.0,128
2024-06-17,SKU0185,160,0,14.0,128
2024-06-24,SKU0185,175,255,14.0,128
2024-07-01,SKU0185,130,141,14.0,128
2024-07-08,SKU0185,125,294,14.0,128
2024-07-15,SKU0185,93,147,14.0,128
2024-07-22,SKU0185,128,172,14.0,128
2024-07-29,SKU0185,145,287,14.0,128
2024-08-05,SKU0185,152,213,14.0,128
2024-08-12,SKU0185,130,0,14.0,128
2024-08-19,SKU0185,197,288,14.0,128
2024-08-26,SKU0185,171,0,14.0,128
2024-09-02,SKU0185,196,265,14.0,128
2024-09-09,SKU0185,130,0,14.0,128
2024-09-16,SKU0185,86,155,14.0,128
2024-09-23,SKU0185,71,167,14.0,128
2024-09-30,SKU0185,91,113,14.0,128
2024-10-07,SKU0185,154,293,14.0,128
2024-10-14,SKU0185,162,244,14.0,128
2024-10-21,SKU0185,122,191,14.0,128
2024-10-28,SKU0185,160,188,14.0,128
2024-11-04,SKU0185,170,183,14.0,128
2024-11-11,SKU0185,145,0,14.0,128
2024-11-18,SKU0185,125,102,14.0,128
2024-11-25,SKU0185,72,100,14.0,128
2024-12-02,SKU0185,100,138,14.0,128
2024-12-09,SKU0185,105,123,14.0,128
2024-12-16,SKU0185,134,277,14.0,128
2024-12-23,SKU0185,157,295,14.0,128
2024-12-30,SKU0185,137,0,14.0,128
2025-01-06,SKU0185,133,196,14.0,128
2025-01-13,SKU0185,149,187,14.0,128
2025-01-20,SKU0185,156,249,14.0,128
2025-01-27,SKU0185,128,0,14.0,128
2025-02-03,SKU0185,171,204,14.0,128
2025-02-10,SKU0185,178,224,14.0,128
2025-02-17,SKU0185,166,135,14.0,128
2025-02-24,SKU0185,130,0,14.0,128
2025-03-03,SKU0185,106,132,14.0,128
2025-03-10,SKU0185,121,173,14.0,128
2025-03-17,SKU0185,161,245,14.0,128
2025-03-24,SKU0185,180,216,14.0,128
2025-03-31,SKU0185,161,154,14.0,128
2025-04-07,SKU0185,125,122,14.0,128
2025-04-14,SKU0185,70,145,14.0,128
2025-04-21,SKU0185,32,108,14.0,128
2025-04-28,SKU0185,30,100,14.0,128
2025-05-05,SKU0185,51,172,14.0,128
2025-05-12,SKU0185,43,146,14.0,128
2025-05-19,SKU0185,77,210,14.0,128
2025-05-26,SKU0185,53,177,14.0,128
2025-06-02,SKU0185,77,213,14.0,128
2025-06-09,SKU0185,76,206,14.0,128
2025-06-16,SKU0185,71,164,14.0,128
2025-06-23,SKU0185,31,105,14.0,128
2025-06-30,SKU0185,44,148,14.0,128
2025-07-07,SKU0185,88,212,14.0,128
2025-07-14,SKU0185,129,298,14.0,128
2025-07-21,SKU0185,82,154,14.0,128
2025-07-28,SKU0185,99,147,14.0,128
2025-08-04,SKU0185,109,239,14.0,128
2025-08-11,SKU0185,57,156,14.0,128
2025-08-18,SKU0185,79,264,14.0,128
2025-08-25,SKU0185,89,249,14.0,128
2025-09-01,SKU0185,63,188,14.0,128
2025-09-08,SKU0185,85,286,14.0,128
2025-09-15,SKU0185,60,203,14.0,128
2025-09-22,SKU0185,69,156,14.0,128
2025-09-29,SKU0185,98,220,,128
2025-10-06,SKU0185,167,281,14.0,128
2025-10-13,SKU0185,148,183,14.0,128
2025-10-20,SKU0185,97,118,14.0,128
2025-10-27,SKU0185,117,143,14.0,128
2025-11-03,SKU0185,88,104,14.0,128
2025-11-10,SKU0185,56,113,14.0,128
2025-11-17,SKU0185,55,184,14.0,128
2025-11-24,SKU0185,57,126,14.0,128
2025-12-01,SKU0185,85,157,14.0,128
2025-12-08,SKU0185,95,299,14.0,128
2025-12-15,SKU0185,84,139,14.0,128
2025-12-22,SKU0185,89,283,14.0,128
2025-12-29,SKU0185,55,150,14.0,128
2024-01-01,SKU0186,210,0,21.0,41
2024-01-08,SKU0186,130,0,21.0,41
2024-01-15,SKU0186,45,0,21.0,41
2024-01-22,SKU0186,37,125,21.0,41
2024-01-29,SKU0186,85,286,21.0,41
2024-02-05,SKU0186,55,120,21.0,41
2024-02-12,SKU0186,86,218,21.0,41
2024-02-19,SKU0186,72,0,21.0,41
2024-02-26,SKU0186,43,0,21.0,41
2024-03-04,SKU0186,34,116,21.0,41
2024-03-11,SKU0186,43,146,21.0,41
2024-03-18,SKU0186,73,135,21.0,41
2024-03-25,SKU0186,51,172,21.0,41
2024-04-01,SKU0186,46,108,21.0,41
2024-04-08,SKU0186,69,206,21.0,41
2024-04-15,SKU0186,85,284,21.0,41
2024-04-22,SKU0186,70,0,21.0,41
2024-04-29,SKU0186,69,232,21.0,41
2024-05-06,SKU0186,43,0,21.0,41
2024-05-13,SKU0186,87,293,21.0,41
2024-05-20,SKU0186,114,248,21.0,41
2024-05-27,SKU0186,100,0,21.0,41
2024-06-03,SKU0186,41,0,21.0,41
2024-06-10,SKU0186,76,251,21.0,41
2024-06-17,SKU0186,67,225,21.0,41
2024-06-24,SKU0186,81,189,21.0,41
2024-07-01,SKU0186,115,270,21.0,41
2024-07-08,SKU0186,58,0,21.0,41
2024-07-15,SKU0186,77,136,21.0,41
2024-07-22,SKU0186,70,236,21.0,41
2024-07-29,SKU0186,82,187,21.0,41
2024-08-05,SKU0186,70,236,21.0,41
2024-08-12,SKU0186,85,285,21.0,41
2024-08-19,SKU0186,76,246,21.0,41
2024-08-26,SKU0186,53,0,21.0,41
2024-09-02,SKU0186,41,0,21.0,41
2024-09-09,SKU0186,58,196,21.0,41
2024-09-16,SKU0186,59,197,21.0,41
2024-09-23,SKU0186,36,121,21.0,41
2024-09-30,SKU0186,41,139,21.0,41
2024-10-07,SKU0186,67,224,21.0,41
2024-10-14,SKU0186,77,229,21.0,41
2024-10-21,SKU0186,120,268,21.0,41
2024-10-28,SKU0186,121,270,21.0,41
2024-11-04,SKU0186,114,258,21.0,41
2024-11-11,SKU0186,66,0,21.0,41
2024-11-18,SKU0186,41,0,21.0,41
2024-11-25,SKU0186,84,232,21.0,41
2024-12-02,SKU0186,41,0,21.0,41
2024-12-09,SKU0186,50,167,21.0,41
2024-12-16,SKU0186,80,176,21.0,41
2024-12-23,SKU0186,41,138,21.0,41
2024-12-30,SKU0186,80,267,21.0,41
2025-01-06,SKU0186,84,181,21.0,41
2025-01-13,SKU0186,43,145,21.0,41
2025-01-20,SKU0186,122,299,21.0,41
2025-01-27,SKU0186,75,0,21.0,41
2025-02-03,SKU0186,55,179,21.0,41
2025-02-10,SKU0186,90,277,21.0,41
2025-02-17,SKU0186,96,267,21.0,41
2025-02-24,SKU0186,84,0,21.0,41
2025-03-03,SKU0186,77,171,21.0,41
2025-03-10,SKU0186,56,188,21.0,41
2025-03-17,SKU0186,65,219,21.0,41
2025-03-24,SKU0186,69,231,21.0,41
2025-03-31,SKU0186,74,249,21.0,41
2025-04-07,SKU0186,89,261,,41
2025-04-14,SKU0186,82,274,21.0,41
2025-04-21,SKU0186,68,0,21.0,41
2025-04-28,SKU0186,85,189,21.0,41
2025-05-05,SKU0186,70,0,21.0,41
2025-05-12,SKU0186,48,0,21.0,41
2025-05-19,SKU0186,93,221,21.0,41
2025-05-26,SKU0186,63,0,21.0,41
2025-06-02,SKU0186,89,299,21.0,41
2025-06-09,SKU0186,80,219,21.0,41
2025-06-16,SKU0186,72,242,21.0,41
2025-06-23,SKU0186,77,258,21.0,41
2025-06-30,SKU0186,65,151,21.0,41
2025-07-07,SKU0186,50,128,21.0,41
2025-07-14,SKU0186,46,156,21.0,41
2025-07-21,SKU0186,72,241,21.0,41
2025-07-28,SKU0186,30,103,21.0,41
2025-08-04,SKU0186,84,236,21.0,41
2025-08-11,SKU0186,89,274,21.0,41
2025-08-18,SKU0186,78,209,21.0,41
2025-08-25,SKU0186,57,192,21.0,41
2025-09-01,SKU0186,90,217,,41
2025-09-08,SKU0186,57,0,21.0,41
2025-09-15,SKU0186,47,0,21.0,41
2025-09-22,SKU0186,83,279,21.0,41
2025-09-29,SKU0186,34,115,21.0,41
2025-10-06,SKU0186,55,184,21.0,41
2025-10-13,SKU0186,54,171,,41
2025-10-20,SKU0186,105,269,21.0,41
2025-10-27,SKU0186,107,267,21.0,41
2025-11-03,SKU0186,66,0,21.0,41
2025-11-10,SKU0186,44,148,21.0,41
2025-11-17,SKU0186,58,196,21.0,41
2025-11-24,SKU0186,57,104,21.0,41
2025-12-01,SKU0186,110,287,21.0,41
2025-12-08,SKU0186,95,187,21.0,41
2025-12-15,SKU0186,51,173,21.0,41
2025-12-22,SKU0186,93,186,21.0,41
2025-12-29,SKU0186,65,0,21.0,41
2024-01-01,SKU0187,57,116,21.0,104
2024-01-08,SKU0187,51,171,21.0,104
2024-01-15,SKU0187,57,172,21.0,104
2024-01-22,SKU0187,39,132,21.0,104
2024-01-29,SKU0187,59,197,21.0,104
2024-02-05,SKU0187,92,213,21.0,104
2024-02-12,SKU0187,101,271,21.0,104
2024-02-19,SKU0187,73,198,21.0,104
2024-02-26,SKU0187,85,286,21.0,104
2024-03-04,SKU0187,115,183,21.0,104
2024-03-11,SKU0187,94,116,21.0,104
2024-03-18,SKU0187,122,277,21.0,104
2024-03-25,SKU0187,109,0,21.0,104
2024-04-01,SKU0187,60,132,21.0,104
2024-04-08,SKU0187,74,102,21.0,104
2024-04-15,SKU0187,56,116,21.0,104
2024-04-22,SKU0187,41,139,21.0,104
2024-04-29,SKU0187,95,229,21.0,104
2024-05-06,SKU0187,113,192,21.0,104
2024-05-13,SKU0187,162,229,21.0,104
2024-05-20,SKU0187,163,223,21.0,104
2024-05-27,SKU0187,150,274,21.0,104
2024-06-03,SKU0187,107,0,21.0,104
2024-06-10,SKU0187,128,299,21.0,104
2024-06-17,SKU0187,152,180,21.0,104
2024-06-24,SKU0187,151,270,21.0,104
2024-07-01,SKU0187,131,155,21.0,104
2024-07-08,SKU0187,188,289,21.0,104
2024-07-15,SKU0187,158,0,21.0,104
2024-07-22,SKU0187,111,176,21.0,104
2024-07-29,SKU0187,64,155,21.0,104
2024-08-05,SKU0187,30,101,21.0,104
2024-08-12,SKU0187,32,109,21.0,104
2024-08-19,SKU0187,58,196,21.0,104
2024-08-26,SKU0187,115,275,21.0,104
2024-09-02,SKU0187,76,129,21.0,104
2024-09-09,SKU0187,86,288,21.0,104
2024-09-16,SKU0187,71,114,21.0,104
2024-09-23,SKU0187,63,213,21.0,104
2024-09-30,SKU0187,74,249,21.0,104
2024-10-07,SKU0187,112,224,21.0,104
2024-10-14,SKU0187,106,280,21.0,104
2024-10-21,SKU0187,119,272,21.0,104
2024-10-28,SKU0187,115,294,21.0,104
2024-11-04,SKU0187,137,208,21.0,104
2024-11-11,SKU0187,113,0,21.0,104
2024-11-18,SKU0187,114,173,21.0,104
2024-11-25,SKU0187,123,147,21.0,104
2024-12-02,SKU0187,116,268,21.0,104
2024-12-09,SKU0187,104,0,21.0,104
2024-12-16,SKU0187,101,144,21.0,104
2024-12-23,SKU0187,92,163,21.0,104
2024-12-30,SKU0187,102,190,21.0,104
2025-01-06,SKU0187,111,154,21.0,104
2025-01-13,SKU0187,111,114,21.0,104
2025-01-20,SKU0187,131,133,21.0,104
2025-01-27,SKU0187,88,185,21.0,104
2025-02-03,SKU0187,99,225,21.0,104
2025-02-10,SKU0187,122,160,21.0,104
2025-02-17,SKU0187,119,230,21.0,104
2025-02-24,SKU0187,105,267,21.0,104
2025-03-03,SKU0187,97,135,21.0,104
2025-03-10,SKU0187,105,288,21.0,104
2025-03-17,SKU0187,47,122,21.0,104
2025-03-24,SKU0187,99,218,21.0,104
2025-03-31,SKU0187,102,234,21.0,104
2025-04-07,SKU0187,101,141,21.0,104
2025-04-14,SKU0187,113,291,21.0,104
2025-04-21,SKU0187,171,228,21.0,104
2025-04-28,SKU0187,128,121,21.0,104
2025-05-05,SKU0187,136,277,21.0,104
2025-05-12,SKU0187,143,167,21.0,104
2025-05-19,SKU0187,142,211,21.0,104
2025-05-26,SKU0187,126,0,21.0,104
2025-06-02,SKU0187,135,190,21.0,104
2025-06-09,SKU0187,173,242,21.0,104
2025-06-16,SKU0187,135,0,21.0,104
2025-06-23,SKU0187,119,178,21.0,104
2025-06-30,SKU0187,84,153,21.0,104
2025-07-07,SKU0187,75,200,21.0,104
2025-07-14,SKU0187,115,210,21.0,104
2025-07-21,SKU0187,155,287,21.0,104
2025-07-28,SKU0187,108,0,21.0,104
2025-08-04,SKU0187,113,142,21.0,104
2025-08-11,SKU0187,63,117,21.0,104
2025-08-18,SKU0187,123,290,21.0,104
2025-08-25,SKU0187,112,0,21.0,104
2025-09-01,SKU0187,93,222,21.0,104
2025-09-08,SKU0187,98,248,21.0,104
2025-09-15,SKU0187,109,121,21.0,104
2025-09-22,SKU0187,134,256,,104
2025-09-29,SKU0187,107,0,21.0,104
2025-10-06,SKU0187,159,264,21.0,104
2025-10-13,SKU0187,167,242,21.0,104
2025-10-20,SKU0187,137,0,21.0,104
2025-10-27,SKU0187,112,0,21.0,104
2025-11-03,SKU0187,97,130,21.0,104
2025-11-10,SKU0187,93,283,21.0,104
2025-11-17,SKU0187,50,126,21.0,104
2025-11-24,SKU0187,71,239,21.0,104
2025-12-01,SKU0187,143,292,21.0,104
2025-12-08,SKU0187,120,256,21.0,104
2025-12-15,SKU0187,106,163,21.0,104
2025-12-22,SKU0187,139,239,21.0,104
2025-12-29,SKU0187,125,0,21.0,104
2024-01-01,SKU0188,254,0,7.0,45
2024-01-08,SKU0188,192,0,7.0,45
2024-01-15,SKU0188,161,0,7.0,45
2024-01-22,SKU0188,83,0,7.0,45
2024-01-29,SKU0188,119,269,7.0,45
2024-02-05,SKU0188,122,289,7.0,45
2024-02-12,SKU0188,88,0,7.0,45
2024-02-19,SKU0188,60,0,7.0,45
2024-02-26,SKU0188,79,266,7.0,45
2024-03-04,SKU0188,101,204,7.0,45
2024-03-11,SKU0188,45,0,7.0,45
2024-03-18,SKU0188,62,195,7.0,45
2024-03-25,SKU0188,63,211,7.0,45
2024-04-01,SKU0188,73,244,7.0,45
2024-04-08,SKU0188,81,141,7.0,45
2024-04-15,SKU0188,56,0,7.0,45
2024-04-22,SKU0188,53,179,7.0,45
2024-04-29,SKU0188,48,163,7.0,45
2024-05-06,SKU0188,51,172,7.0,45
2024-05-13,SKU0188,46,152,7.0,45
2024-05-20,SKU0188,42,143,7.0,45
2024-05-27,SKU0188,89,248,7.0,45
2024-06-03,SKU0188,69,145,7.0,45
2024-06-10,SKU0188,68,161,7.0,45
2024-06-17,SKU0188,99,228,7.0,45
2024-06-24,SKU0188,87,0,7.0,45
2024-07-01,SKU0188,69,205,7.0,45
2024-07-08,SKU0188,54,0,7.0,45
2024-07-15,SKU0188,60,202,7.0,45
2024-07-22,SKU0188,52,103,7.0,45
2024-07-29,SKU0188,66,222,7.0,45
2024-08-05,SKU0188,49,166,7.0,45
2024-08-12,SKU0188,81,271,7.0,45
2024-08-19,SKU0188,47,0,7.0,45
2024-08-26,SKU0188,34,114,7.0,45
2024-09-02,SKU0188,36,122,7.0,45
2024-09-09,SKU0188,86,288,7.0,45
2024-09-16,SKU0188,72,173,7.0,45
2024-09-23,SKU0188,78,261,7.0,45
2024-09-30,SKU0188,124,267,7.0,45
2024-10-07,SKU0188,51,0,7.0,45
2024-10-14,SKU0188,67,224,7.0,45
2024-10-21,SKU0188,48,160,7.0,45
2024-10-28,SKU0188,34,115,7.0,45
2024-11-04,SKU0188,51,172,7.0,45
2024-11-11,SKU0188,59,199,7.0,45
2024-11-18,SKU0188,87,165,7.0,45
2024-11-25,SKU0188,88,192,7.0,45
2024-12-02,SKU0188,58,0,7.0,45
2024-12-09,SKU0188,50,121,7.0,45
2024-12-16,SKU0188,57,191,7.0,45
2024-12-23,SKU0188,84,223,7.0,45
2024-12-30,SKU0188,118,288,7.0,45
2025-01-06,SKU0188,62,0,7.0,45
2025-01-13,SKU0188,53,153,7.0,45
2025-01-20,SKU0188,69,232,7.0,45
2025-01-27,SKU0188,55,142,7.0,45
2025-02-03,SKU0188,75,250,7.0,45
2025-02-10,SKU0188,57,171,7.0,45
2025-02-17,SKU0188,39,121,7.0,45
2025-02-24,SKU0188,58,196,7.0,45
2025-03-03,SKU0188,67,104,7.0,45
2025-03-10,SKU0188,88,295,7.0,45
2025-03-17,SKU0188,65,0,7.0,45
2025-03-24,SKU0188,117,254,7.0,45
2025-03-31,SKU0188,54,0,7.0,45
2025-04-07,SKU0188,46,154,7.0,45
2025-04-14,SKU0188,50,167,7.0,45
2025-04-21,SKU0188,88,198,7.0,45
2025-04-28,SKU0188,66,0,7.0,45
2025-05-05,SKU0188,52,0,7.0,45
2025-05-12,SKU0188,80,159,7.0,45
2025-05-19,SKU0188,59,0,7.0,45
2025-05-26,SKU0188,42,143,7.0,45
2025-06-02,SKU0188,81,273,7.0,45
2025-06-09,SKU0188,122,291,7.0,45
2025-06-16,SKU0188,55,0,7.0,45
2025-06-23,SKU0188,86,186,7.0,45
2025-06-30,SKU0188,71,0,7.0,45
2025-07-07,SKU0188,106,221,7.0,45
2025-07-14,SKU0188,90,153,7.0,45
2025-07-21,SKU0188,117,263,7.0,45
2025-07-28,SKU0188,87,0,7.0,45
2025-08-04,SKU0188,53,177,7.0,45
2025-08-11,SKU0188,51,173,7.0,45
2025-08-18,SKU0188,70,104,7.0,45
2025-08-25,SKU0188,83,148,7.0,45
2025-09-01,SKU0188,62,0,7.0,45
2025-09-08,SKU0188,48,0,7.0,45
2025-09-15,SKU0188,38,128,7.0,45
2025-09-22,SKU0188,49,164,7.0,45
2025-09-29,SKU0188,72,211,7.0,45
2025-10-06,SKU0188,125,283,7.0,45
2025-10-13,SKU0188,79,160,7.0,45
2025-10-20,SKU0188,74,247,7.0,45
2025-10-27,SKU0188,70,234,7.0,45
2025-11-03,SKU0188,34,114,7.0,45
2025-11-10,SKU0188,56,189,7.0,45
2025-11-17,SKU0188,60,202,7.0,45
2025-11-24,SKU0188,94,288,7.0,45
2025-12-01,SKU0188,51,0,7.0,45
2025-12-08,SKU0188,35,119,7.0,45
2025-12-15,SKU0188,99,249,7.0,45
2025-12-22,SKU0188,56,0,7.0,45
2025-12-29,SKU0188,48,162,7.0,45
2024-10-28,SKU0189,137,232,14.0,73
2024-11-04,SKU0189,117,214,14.0,73
2024-11-11,SKU0189,104,0,14.0,73
2024-11-18,SKU0189,107,228,14.0,73
2024-11-25,SKU0189,101,277,14.0,73
2024-12-02,SKU0189,126,238,14.0,73
2024-12-09,SKU0189,132,239,14.0,73
2024-12-16,SKU0189,141,240,14.0,73
2024-12-23,SKU0189,128,189,14.0,73
2024-12-30,SKU0189,88,0,14.0,73
2025-01-06,SKU0189,53,151,14.0,73
2025-01-13,SKU0189,43,100,14.0,73
2025-01-20,SKU0189,68,137,14.0,73
2025-01-27,SKU0189,66,101,14.0,73
2025-02-03,SKU0189,95,268,14.0,73
2025-02-10,SKU0189,85,0,14.0,73
2025-02-17,SKU0189,69,231,14.0,73
2025-02-24,SKU0189,73,183,14.0,73
2025-03-03,SKU0189,121,210,14.0,73
2025-03-10,SKU0189,97,184,14.0,73
2025-03-17,SKU0189,74,0,14.0,73
2025-03-24,SKU0189,125,220,14.0,73
2025-03-31,SKU0189,96,125,14.0,73
2025-04-07,SKU0189,74,0,14.0,73
2025-04-14,SKU0189,48,101,14.0,73
2025-04-21,SKU0189,57,193,14.0,73
2025-04-28,SKU0189,48,131,14.0,73
2025-05-05,SKU0189,34,114,14.0,73
2025-05-12,SKU0189,66,220,14.0,73
2025-05-19,SKU0189,96,136,14.0,73
2025-05-26,SKU0189,109,212,14.0,73
2025-06-02,SKU0189,115,189,14.0,73
2025-06-09,SKU0189,146,269,14.0,73
2025-06-16,SKU0189,82,0,14.0,73
2025-06-23,SKU0189,38,127,,73
2025-06-30,SKU0189,79,209,14.0,73
2025-07-07,SKU0189,62,207,14.0,73
2025-07-14,SKU0189,67,153,14.0,73
2025-07-21,SKU0189,82,123,14.0,73
2025-07-28,SKU0189,34,115,14.0,73
2025-08-04,SKU0189,72,241,14.0,73
2025-08-11,SKU0189,77,257,14.0,73
2025-08-18,SKU0189,145,277,14.0,73
2025-08-25,SKU0189,89,110,14.0,73
2025-09-01,SKU0189,76,127,14.0,73
2025-09-08,SKU0189,102,217,14.0,73
2025-09-15,SKU0189,89,0,14.0,73
2025-09-22,SKU0189,75,137,14.0,73
2025-09-29,SKU0189,90,184,14.0,73
2025-10-06,SKU0189,69,230,14.0,73
2025-10-13,SKU0189,69,182,14.0,73
2025-10-20,SKU0189,78,263,14.0,73
2025-10-27,SKU0189,135,289,14.0,73
2025-11-03,SKU0189,82,0,14.0,73
2025-11-10,SKU0189,50,131,14.0,73
2025-11-17,SKU0189,61,206,14.0,73
2025-11-24,SKU0189,88,229,14.0,73
2025-12-01,SKU0189,132,256,14.0,73
2025-12-08,SKU0189,116,149,14.0,73
2025-12-15,SKU0189,104,0,14.0,73
2025-12-22,SKU0189,143,251,14.0,73
2025-12-29,SKU0189,122,0,14.0,73
2024-06-03,SKU0190,138,0,14.0,60
2024-06-10,SKU0190,86,0,14.0,60
2024-06-17,SKU0190,117,244,14.0,60
2024-06-24,SKU0190,100,0,14.0,60
2024-07-01,SKU0190,93,229,14.0,60
2024-07-08,SKU0190,74,0,14.0,60
2024-07-15,SKU0190,45,153,14.0,60
2024-07-22,SKU0190,106,269,14.0,60
2024-07-29,SKU0190,78,214,14.0,60
2024-08-05,SKU0190,41,116,14.0,60
2024-08-12,SKU0190,72,241,14.0,60
2024-08-19,SKU0190,47,159,14.0,60
2024-08-26,SKU0190,51,170,14.0,60
2024-09-02,SKU0190,67,224,14.0,60
2024-09-09,SKU0190,73,136,14.0,60
2024-09-16,SKU0190,90,260,14.0,60
2024-09-23,SKU0190,80,0,14.0,60
2024-09-30,SKU0190,47,154,14.0,60
2024-10-07,SKU0190,40,134,14.0,60
2024-10-14,SKU0190,74,249,14.0,60
2024-10-21,SKU0190,50,168,14.0,60
2024-10-28,SKU0190,99,233,14.0,60
2024-11-04,SKU0190,88,218,14.0,60
2024-11-11,SKU0190,56,176,14.0,60
2024-11-18,SKU0190,58,184,14.0,60
2024-11-25,SKU0190,79,119,14.0,60
2024-12-02,SKU0190,53,101,14.0,60
2024-12-09,SKU0190,84,283,14.0,60
2024-12-16,SKU0190,68,168,14.0,60
2024-12-23,SKU0190,61,205,14.0,60
2024-12-30,SKU0190,123,292,14.0,60
2025-01-06,SKU0190,86,115,14.0,60
2025-01-13,SKU0190,66,0,14.0,60
2025-01-20,SKU0190,46,156,14.0,60
2025-01-27,SKU0190,40,136,14.0,60
2025-02-03,SKU0190,71,210,14.0,60
2025-02-10,SKU0190,36,120,14.0,60
2025-02-17,SKU0190,68,227,14.0,60
2025-02-24,SKU0190,110,200,14.0,60
2025-03-03,SKU0190,74,148,14.0,60
2025-03-10,SKU0190,81,271,14.0,60
2025-03-17,SKU0190,105,193,14.0,60
2025-03-24,SKU0190,73,126,14.0,60
2025-03-31,SKU0190,71,239,14.0,60
2025-04-07,SKU0190,114,217,14.0,60
2025-04-14,SKU0190,63,0,14.0,60
2025-04-21,SKU0190,94,253,14.0,60
2025-04-28,SKU0190,98,278,14.0,60
2025-05-05,SKU0190,118,247,14.0,60
2025-05-12,SKU0190,77,173,14.0,60
2025-05-19,SKU0190,137,264,14.0,60
2025-05-26,SKU0190,68,0,14.0,60
2025-06-02,SKU0190,46,156,14.0,60
2025-06-09,SKU0190,86,281,14.0,60
2025-06-16,SKU0190,76,168,14.0,60
2025-06-23,SKU0190,76,143,14.0,60
2025-06-30,SKU0190,31,105,14.0,60
2025-07-07,SKU0190,36,122,14.0,60
2025-07-14,SKU0190,33,110,14.0,60
2025-07-21,SKU0190,63,211,14.0,60
2025-07-28,SKU0190,113,217,14.0,60
2025-08-04,SKU0190,96,168,14.0,60
2025-08-11,SKU0190,87,266,14.0,60
2025-08-18,SKU0190,62,0,14.0,60
2025-08-25,SKU0190,84,243,14.0,60
2025-09-01,SKU0190,134,266,14.0,60
2025-09-08,SKU0190,122,251,14.0,60
2025-09-15,SKU0190,74,0,14.0,60
2025-09-22,SKU0190,30,101,14.0,60
2025-09-29,SKU0190,74,247,14.0,60
2025-10-06,SKU0190,127,255,14.0,60
2025-10-13,SKU0190,115,0,14.0,60
2025-10-20,SKU0190,95,265,14.0,60
2025-10-27,SKU0190,119,243,14.0,60
2025-11-03,SKU0190,101,0,14.0,60
2025-11-10,SKU0190,65,0,14.0,60
2025-11-17,SKU0190,63,212,,60
2025-11-24,SKU0190,81,271,14.0,60
2025-12-01,SKU0190,53,178,14.0,60
2025-12-08,SKU0190,68,229,14.0,60
2025-12-15,SKU0190,80,250,14.0,60
2025-12-22,SKU0190,86,100,14.0,60
2025-12-29,SKU0190,97,145,14.0,60
2024-01-01,SKU0191,160,284,7.0,124
2024-01-08,SKU0191,135,0,7.0,124
2024-01-15,SKU0191,124,0,7.0,124
2024-01-22,SKU0191,149,250,7.0,124
2024-01-29,SKU0191,104,175,7.0,124
2024-02-05,SKU0191,88,241,7.0,124
2024-02-12,SKU0191,32,109,7.0,124
2024-02-19,SKU0191,56,189,7.0,124
2024-02-26,SKU0191,38,100,7.0,124
2024-03-04,SKU0191,42,140,7.0,124
2024-03-11,SKU0191,88,295,7.0,124
2024-03-18,SKU0191,90,203,7.0,124
2024-03-25,SKU0191,90,280,7.0,124
2024-04-01,SKU0191,104,186,7.0,124
2024-04-08,SKU0191,105,214,7.0,124
2024-04-15,SKU0191,133,167,7.0,124
2024-04-22,SKU0191,156,154,7.0,124
2024-04-29,SKU0191,144,152,7.0,124
2024-05-06,SKU0191,196,258,7.0,124
2024-05-13,SKU0191,196,256,7.0,124
2024-05-20,SKU0191,166,179,7.0,124
2024-05-27,SKU0191,150,270,7.0,124
2024-06-03,SKU0191,187,238,7.0,124
2024-06-10,SKU0191,185,220,7.0,124
2024-06-17,SKU0191,163,0,7.0,124
2024-06-24,SKU0191,140,0,7.0,124
2024-07-01,SKU0191,127,226,7.0,124
2024-07-08,SKU0191,130,291,7.0,124
2024-07-15,SKU0191,82,128,7.0,124
2024-07-22,SKU0191,76,142,7.0,124
2024-07-29,SKU0191,57,193,7.0,124
2024-08-05,SKU0191,100,224,7.0,124
2024-08-12,SKU0191,79,118,7.0,124
2024-08-19,SKU0191,115,198,7.0,124
2024-08-26,SKU0191,129,206,7.0,124
2024-09-02,SKU0191,118,103,7.0,124
2024-09-09,SKU0191,112,222,7.0,124
2024-09-16,SKU0191,49,123,,124
2024-09-23,SKU0191,47,130,7.0,124
2024-09-30,SKU0191,49,127,7.0,124
2024-10-07,SKU0191,67,226,7.0,124
2024-10-14,SKU0191,111,220,7.0,124
2024-10-21,SKU0191,87,194,7.0,124
2024-10-28,SKU0191,124,298,7.0,124
2024-11-04,SKU0191,186,244,7.0,124
2024-11-11,SKU0191,154,213,7.0,124
2024-11-18,SKU0191,117,195,7.0,124
2024-11-25,SKU0191,108,199,7.0,124
2024-12-02,SKU0191,128,239,7.0,124
2024-12-09,SKU0191,162,206,7.0,124
2024-12-16,SKU0191,128,0,7.0,124
2024-12-23,SKU0191,74,131,7.0,124
2024-12-30,SKU0191,73,224,7.0,124
2025-01-06,SKU0191,93,280,7.0,124
2025-01-13,SKU0191,114,244,7.0,124
2025-01-20,SKU0191,85,147,7.0,124
2025-01-27,SKU0191,154,299,7.0,124
2025-02-03,SKU0191,139,166,7.0,124
2025-02-10,SKU0191,179,268,7.0,124
2025-02-17,SKU0191,169,158,7.0,124
2025-02-24,SKU0191,186,219,7.0,124
2025-03-03,SKU0191,177,230,7.0,124
2025-03-10,SKU0191,156,170,7.0,124
2025-03-17,SKU0191,143,0,7.0,124
2025-03-24,SKU0191,85,131,7.0,124
2025-03-31,SKU0191,122,216,7.0,124
2025-04-07,SKU0191,138,137,7.0,124
2025-04-14,SKU0191,112,102,,124
2025-04-21,SKU0191,93,208,7.0,124
2025-04-28,SKU0191,129,266,7.0,124
2025-05-05,SKU0191,125,290,7.0,124
2025-05-12,SKU0191,142,202,7.0,124
2025-05-19,SKU0191,104,123,7.0,124
2025-05-26,SKU0191,83,114,7.0,124
2025-06-02,SKU0191,34,115,7.0,124
2025-06-09,SKU0191,38,127,7.0,124
2025-06-16,SKU0191,31,105,7.0,124
2025-06-23,SKU0191,66,185,7.0,124
2025-06-30,SKU0191,115,262,7.0,124
2025-07-07,SKU0191,155,178,7.0,124
2025-07-14,SKU0191,179,242,7.0,124
2025-07-21,SKU0191,125,0,7.0,124
2025-07-28,SKU0191,164,210,7.0,124
2025-08-04,SKU0191,130,217,7.0,124
2025-08-11,SKU0191,143,284,7.0,124
2025-08-18,SKU0191,171,274,7.0,124
2025-08-25,SKU0191,209,294,,124
2025-09-01,SKU0191,150,0,7.0,124
2025-09-08,SKU0191,150,162,7.0,124
2025-09-15,SKU0191,144,144,7.0,124
2025-09-22,SKU0191,132,232,7.0,124
2025-09-29,SKU0191,148,149,7.0,124
2025-10-06,SKU0191,209,299,7.0,124
2025-10-13,SKU0191,169,173,7.0,124
2025-10-20,SKU0191,147,208,7.0,124
2025-10-27,SKU0191,171,274,7.0,124
2025-11-03,SKU0191,163,272,7.0,124
2025-11-10,SKU0191,147,278,7.0,124
2025-11-17,SKU0191,188,230,7.0,124
2025-11-24,SKU0191,152,203,7.0,124
2025-12-01,SKU0191,120,127,7.0,124
2025-12-08,SKU0191,68,129,7.0,124
2025-12-15,SKU0191,51,171,7.0,124
2025-12-22,SKU0191,64,179,7.0,124
2025-12-29,SKU0191,35,117,7.0,124
2024-01-01,SKU0192,244,0,14.0,115
2024-01-08,SKU0192,206,0,14.0,115
2024-01-15,SKU0192,158,152,14.0,115
2024-01-22,SKU0192,167,293,14.0,115
2024-01-29,SKU0192,131,0,14.0,115
2024-02-05,SKU0192,135,215,14.0,115
2024-02-12,SKU0192,94,165,14.0,115
2024-02-19,SKU0192,163,286,14.0,115
2024-02-26,SKU0192,145,234,14.0,115
2024-03-04,SKU0192,114,173,14.0,115
2024-03-11,SKU0192,123,252,14.0,115
2024-03-18,SKU0192,139,295,14.0,115
2024-03-25,SKU0192,177,295,14.0,115
2024-04-01,SKU0192,122,115,14.0,115
2024-04-08,SKU0192,64,108,14.0,115
2024-04-15,SKU0192,67,109,14.0,115
2024-04-22,SKU0192,41,138,14.0,115
2024-04-29,SKU0192,37,125,14.0,115
2024-05-06,SKU0192,72,242,14.0,115
2024-05-13,SKU0192,76,186,14.0,115
2024-05-20,SKU0192,87,291,14.0,115
2024-05-27,SKU0192,70,153,14.0,115
2024-06-03,SKU0192,47,157,14.0,115
2024-06-10,SKU0192,76,256,14.0,115
2024-06-17,SKU0192,67,199,14.0,115
2024-06-24,SKU0192,98,276,14.0,115
2024-07-01,SKU0192,126,192,14.0,115
2024-07-08,SKU0192,98,229,14.0,115
2024-07-15,SKU0192,82,134,14.0,115
2024-07-22,SKU0192,89,147,14.0,115
2024-07-29,SKU0192,89,113,14.0,115
2024-08-05,SKU0192,133,294,14.0,115
2024-08-12,SKU0192,155,270,14.0,115
2024-08-19,SKU0192,127,0,14.0,115
2024-08-26,SKU0192,131,234,14.0,115
2024-09-02,SKU0192,174,228,14.0,115
2024-09-09,SKU0192,139,0,14.0,115
2024-09-16,SKU0192,175,217,14.0,115
2024-09-23,SKU0192,150,205,14.0,115
2024-09-30,SKU0192,163,173,14.0,115
2024-10-07,SKU0192,132,0,14.0,115
2024-10-14,SKU0192,164,288,14.0,115
2024-10-21,SKU0192,118,0,14.0,115
2024-10-28,SKU0192,128,165,14.0,115
2024-11-04,SKU0192,149,167,14.0,115
2024-11-11,SKU0192,131,116,14.0,115
2024-11-18,SKU0192,199,292,14.0,115
2024-11-25,SKU0192,177,0,14.0,115
2024-12-02,SKU0192,118,0,14.0,115
2024-12-09,SKU0192,98,193,14.0,115
2024-12-16,SKU0192,51,143,14.0,115
2024-12-23,SKU0192,63,210,14.0,115
2024-12-30,SKU0192,51,171,14.0,115
2025-01-06,SKU0192,49,166,14.0,115
2025-01-13,SKU0192,48,163,14.0,115
2025-01-20,SKU0192,54,116,14.0,115
2025-01-27,SKU0192,32,107,14.0,115
2025-02-03,SKU0192,70,234,14.0,115
2025-02-10,SKU0192,32,109,14.0,115
2025-02-17,SKU0192,53,179,14.0,115
2025-02-24,SKU0192,62,194,14.0,115
2025-03-03,SKU0192,74,249,14.0,115
2025-03-10,SKU0192,59,165,14.0,115
2025-03-17,SKU0192,57,191,14.0,115
2025-03-24,SKU0192,78,263,14.0,115
2025-03-31,SKU0192,74,202,14.0,115
2025-04-07,SKU0192,61,205,14.0,115
2025-04-14,SKU0192,94,267,14.0,115
2025-04-21,SKU0192,114,157,14.0,115
2025-04-28,SKU0192,132,248,14.0,115
2025-05-05,SKU0192,84,173,14.0,115
2025-05-12,SKU0192,42,142,14.0,115
2025-05-19,SKU0192,90,228,14.0,115
2025-05-26,SKU0192,111,150,14.0,115
2025-06-02,SKU0192,82,129,14.0,115
2025-06-09,SKU0192,89,185,14.0,115
2025-06-16,SKU0192,83,260,14.0,115
2025-06-23,SKU0192,90,269,14.0,115
2025-06-30,SKU0192,127,165,14.0,115
2025-07-07,SKU0192,78,112,14.0,115
2025-07-14,SKU0192,89,228,14.0,115
2025-07-21,SKU0192,89,298,14.0,115
2025-07-28,SKU0192,106,159,14.0,115
2025-08-04,SKU0192,120,258,14.0,115
2025-08-11,SKU0192,125,232,14.0,115
2025-08-18,SKU0192,79,178,14.0,115
2025-08-25,SKU0192,87,111,14.0,115
2025-09-01,SKU0192,43,107,14.0,115
2025-09-08,SKU0192,46,140,14.0,115
2025-09-15,SKU0192,50,167,14.0,115
2025-09-22,SKU0192,63,140,14.0,115
2025-09-29,SKU0192,52,167,14.0,115
2025-10-06,SKU0192,72,240,14.0,115
2025-10-13,SKU0192,69,129,14.0,115
2025-10-20,SKU0192,85,285,14.0,115
2025-10-27,SKU0192,99,199,14.0,115
2025-11-03,SKU0192,147,271,14.0,115
2025-11-10,SKU0192,103,135,14.0,115
2025-11-17,SKU0192,72,136,14.0,115
2025-11-24,SKU0192,99,180,14.0,115
2025-12-01,SKU0192,131,292,14.0,115
2025-12-08,SKU0192,113,206,14.0,115
2025-12-15,SKU0192,107,219,14.0,115
2025-12-22,SKU0192,111,268,14.0,115
2025-12-29,SKU0192,101,266,14.0,115
2024-01-01,SKU0193,136,0,14.0,68
2024-01-08,SKU0193,74,0,14.0,68
2024-01-15,SKU0193,67,224,14.0,68
2024-01-22,SKU0193,125,256,14.0,68
2024-01-29,SKU0193,124,234,14.0,68
2024-02-05,SKU0193,121,298,14.0,68
2024-02-12,SKU0193,75,0,14.0,68
2024-02-19,SKU0193,72,157,14.0,68
2024-02-26,SKU0193,101,216,14.0,68
2024-03-04,SKU0193,73,126,14.0,68
2024-03-11,SKU0193,76,255,14.0,68
2024-03-18,SKU0193,101,142,14.0,68
2024-03-25,SKU0193,99,153,14.0,68
2024-04-01,SKU0193,112,285,14.0,68
2024-04-08,SKU0193,63,121,14.0,68
2024-04-15,SKU0193,115,299,14.0,68
2024-04-22,SKU0193,68,0,14.0,68
2024-04-29,SKU0193,71,237,14.0,68
2024-05-06,SKU0193,33,112,14.0,68
2024-05-13,SKU0193,41,138,14.0,68
2024-05-20,SKU0193,56,189,14.0,68
2024-05-27,SKU0193,31,104,14.0,68
2024-06-03,SKU0193,49,166,14.0,68
2024-06-10,SKU0193,111,247,14.0,68
2024-06-17,SKU0193,94,249,14.0,68
2024-06-24,SKU0193,62,208,14.0,68
2024-07-01,SKU0193,93,215,14.0,68
2024-07-08,SKU0193,118,265,14.0,68
2024-07-15,SKU0193,87,0,14.0,68
2024-07-22,SKU0193,56,188,14.0,68
2024-07-29,SKU0193,123,273,14.0,68
2024-08-05,SKU0193,99,0,14.0,68
2024-08-12,SKU0193,138,259,14.0,68
2024-08-19,SKU0193,84,0,14.0,68
2024-08-26,SKU0193,103,155,14.0,68
2024-09-02,SKU0193,95,256,14.0,68
2024-09-09,SKU0193,49,119,14.0,68
2024-09-16,SKU0193,92,193,14.0,68
2024-09-23,SKU0193,91,166,14.0,68
2024-09-30,SKU0193,125,279,14.0,68
2024-10-07,SKU0193,61,105,14.0,68
2024-10-14,SKU0193,76,191,14.0,68
2024-10-21,SKU0193,86,209,14.0,68
2024-10-28,SKU0193,94,124,14.0,68
2024-11-04,SKU0193,74,129,14.0,68
2024-11-11,SKU0193,71,237,14.0,68
2024-11-18,SKU0193,95,277,14.0,68
2024-11-25,SKU0193,83,179,14.0,68
2024-12-02,SKU0193,117,258,14.0,68
2024-12-09,SKU0193,114,163,14.0,68
2024-12-16,SKU0193,99,201,14.0,68
2024-12-23,SKU0193,117,178,14.0,68
2024-12-30,SKU0193,105,260,14.0,68
2025-01-06,SKU0193,151,288,14.0,68
2025-01-13,SKU0193,97,0,14.0,68
2025-01-20,SKU0193,126,218,14.0,68
2025-01-27,SKU0193,129,229,14.0,68
2025-02-03,SKU0193,73,0,14.0,68
2025-02-10,SKU0193,86,178,14.0,68
2025-02-17,SKU0193,63,119,14.0,68
2025-02-24,SKU0193,110,207,14.0,68
2025-03-03,SKU0193,129,265,14.0,68
2025-03-10,SKU0193,109,0,14.0,68
2025-03-17,SKU0193,103,134,14.0,68
2025-03-24,SKU0193,84,0,14.0,68
2025-03-31,SKU0193,73,0,14.0,68
2025-04-07,SKU0193,72,182,14.0,68
2025-04-14,SKU0193,88,263,14.0,68
2025-04-21,SKU0193,98,267,14.0,68
2025-04-28,SKU0193,97,106,14.0,68
2025-05-05,SKU0193,80,0,14.0,68
2025-05-12,SKU0193,58,142,14.0,68
2025-05-19,SKU0193,88,238,14.0,68
2025-05-26,SKU0193,44,148,14.0,68
2025-06-02,SKU0193,30,100,,68
2025-06-09,SKU0193,65,219,14.0,68
2025-06-16,SKU0193,36,110,14.0,68
2025-06-23,SKU0193,48,160,14.0,68
2025-06-30,SKU0193,58,196,14.0,68
2025-07-07,SKU0193,70,100,14.0,68
2025-07-14,SKU0193,43,146,14.0,68
2025-07-21,SKU0193,101,238,14.0,68
2025-07-28,SKU0193,44,124,14.0,68
2025-08-04,SKU0193,86,273,14.0,68
2025-08-11,SKU0193,68,216,,68
2025-08-18,SKU0193,59,197,14.0,68
2025-08-25,SKU0193,53,179,14.0,68
2025-09-01,SKU0193,60,201,14.0,68
2025-09-08,SKU0193,91,298,14.0,68
2025-09-15,SKU0193,98,184,14.0,68
2025-09-22,SKU0193,84,226,14.0,68
2025-09-29,SKU0193,72,190,14.0,68
2025-10-06,SKU0193,62,209,14.0,68
2025-10-13,SKU0193,47,159,14.0,68
2025-10-20,SKU0193,94,298,14.0,68
2025-10-27,SKU0193,66,158,14.0,68
2025-11-03,SKU0193,111,188,14.0,68
2025-11-10,SKU0193,83,0,14.0,68
2025-11-17,SKU0193,68,0,14.0,68
2025-11-24,SKU0193,81,272,14.0,68
2025-12-01,SKU0193,86,254,14.0,68
2025-12-08,SKU0193,93,180,14.0,68
2025-12-15,SKU0193,102,220,14.0,68
2025-12-22,SKU0193,93,123,14.0,68
2025-12-29,SKU0193,145,296,14.0,68
2024-06-03,SKU0194,101,233,,44
2024-06-10,SKU0194,67,0,21.0,44
2024-06-17,SKU0194,47,0,21.0,44
2024-06-24,SKU0194,106,263,21.0,44
2024-07-01,SKU0194,74,0,21.0,44
2024-07-08,SKU0194,75,253,21.0,44
2024-07-15,SKU0194,49,0,21.0,44
2024-07-22,SKU0194,75,226,21.0,44
2024-07-29,SKU0194,59,186,21.0,44
2024-08-05,SKU0194,68,116,21.0,44
2024-08-12,SKU0194,77,237,21.0,44
2024-08-19,SKU0194,96,216,21.0,44
2024-08-26,SKU0194,82,0,21.0,44
2024-09-02,SKU0194,81,273,21.0,44
2024-09-09,SKU0194,77,124,21.0,44
2024-09-16,SKU0194,67,226,21.0,44
2024-09-23,SKU0194,58,194,21.0,44
2024-09-30,SKU0194,103,290,21.0,44
2024-10-07,SKU0194,114,236,21.0,44
2024-10-14,SKU0194,62,0,21.0,44
2024-10-21,SKU0194,59,198,21.0,44
2024-10-28,SKU0194,46,122,21.0,44
2024-11-04,SKU0194,76,256,21.0,44
2024-11-11,SKU0194,40,136,,44
2024-11-18,SKU0194,66,217,21.0,44
2024-11-25,SKU0194,106,258,21.0,44
2024-12-02,SKU0194,81,0,21.0,44
2024-12-09,SKU0194,84,280,21.0,44
2024-12-16,SKU0194,88,248,21.0,44
2024-12-23,SKU0194,64,117,21.0,44
2024-12-30,SKU0194,90,179,21.0,44
2025-01-06,SKU0194,100,200,21.0,44
2025-01-13,SKU0194,87,0,21.0,44
2025-01-20,SKU0194,57,0,21.0,44
2025-01-27,SKU0194,89,298,21.0,44
2025-02-03,SKU0194,73,0,21.0,44
2025-02-10,SKU0194,74,247,21.0,44
2025-02-17,SKU0194,59,146,21.0,44
2025-02-24,SKU0194,48,162,21.0,44
2025-03-03,SKU0194,60,202,21.0,44
2025-03-10,SKU0194,89,243,21.0,44
2025-03-17,SKU0194,81,219,21.0,44
2025-03-24,SKU0194,48,136,21.0,44
2025-03-31,SKU0194,51,109,21.0,44
2025-04-07,SKU0194,116,268,21.0,44
2025-04-14,SKU0194,69,156,21.0,44
2025-04-21,SKU0194,99,256,21.0,44
2025-04-28,SKU0194,66,208,21.0,44
2025-05-05,SKU0194,73,246,21.0,44
2025-05-12,SKU0194,55,0,21.0,44
2025-05-19,SKU0194,85,286,21.0,44
2025-05-26,SKU0194,55,0,21.0,44
2025-06-02,SKU0194,68,227,21.0,44
2025-06-09,SKU0194,71,237,21.0,44
2025-06-16,SKU0194,51,0,21.0,44
2025-06-23,SKU0194,115,284,21.0,44
2025-06-30,SKU0194,72,0,21.0,44
2025-07-07,SKU0194,66,222,21.0,44
2025-07-14,SKU0194,32,109,21.0,44
2025-07-21,SKU0194,58,196,21.0,44
2025-07-28,SKU0194,95,178,21.0,44
2025-08-04,SKU0194,61,202,21.0,44
2025-08-11,SKU0194,70,228,21.0,44
2025-08-18,SKU0194,79,266,21.0,44
2025-08-25,SKU0194,71,148,21.0,44
2025-09-01,SKU0194,37,125,21.0,44
2025-09-08,SKU0194,94,242,21.0,44
2025-09-15,SKU0194,110,295,21.0,44
2025-09-22,SKU0194,60,0,21.0,44
2025-09-29,SKU0194,77,259,21.0,44
2025-10-06,SKU0194,58,153,21.0,44
2025-10-13,SKU0194,94,264,21.0,44
2025-10-20,SKU0194,132,296,21.0,44
2025-10-27,SKU0194,58,0,21.0,44
2025-11-03,SKU0194,69,156,21.0,44
2025-11-10,SKU0194,58,0,21.0,44
2025-11-17,SKU0194,41,139,21.0,44
2025-11-24,SKU0194,39,133,21.0,44
2025-12-01,SKU0194,77,259,21.0,44
2025-12-08,SKU0194,83,278,21.0,44
2025-12-15,SKU0194,41,107,21.0,44
2025-12-22,SKU0194,45,152,21.0,44
2025-12-29,SKU0194,101,290,21.0,44
2024-01-01,SKU0195,309,0,7.0,92
2024-01-08,SKU0195,226,0,7.0,92
2024-01-15,SKU0195,177,0,7.0,92
2024-01-22,SKU0195,112,0,7.0,92
2024-01-29,SKU0195,99,222,7.0,92
2024-02-05,SKU0195,93,247,7.0,92
2024-02-12,SKU0195,152,262,7.0,92
2024-02-19,SKU0195,94,0,7.0,92
2024-02-26,SKU0195,120,184,7.0,92
2024-03-04,SKU0195,109,106,7.0,92
2024-03-11,SKU0195,121,190,7.0,92
2024-03-18,SKU0195,153,222,7.0,92
2024-03-25,SKU0195,118,156,7.0,92
2024-04-01,SKU0195,120,175,7.0,92
2024-04-08,SKU0195,116,225,7.0,92
2024-04-15,SKU0195,93,0,7.0,92
2024-04-22,SKU0195,82,251,7.0,92
2024-04-29,SKU0195,46,155,7.0,92
2024-05-06,SKU0195,103,283,7.0,92
2024-05-13,SKU0195,48,127,7.0,92
2024-05-20,SKU0195,46,105,7.0,92
2024-05-27,SKU0195,78,260,7.0,92
2024-06-03,SKU0195,48,160,7.0,92
2024-06-10,SKU0195,96,226,7.0,92
2024-06-17,SKU0195,82,154,7.0,92
2024-06-24,SKU0195,52,153,7.0,92
2024-07-01,SKU0195,102,217,7.0,92
2024-07-08,SKU0195,95,256,7.0,92
2024-07-15,SKU0195,119,117,7.0,92
2024-07-22,SKU0195,129,228,7.0,92
2024-07-29,SKU0195,102,0,7.0,92
2024-08-05,SKU0195,89,238,7.0,92
2024-08-12,SKU0195,68,204,7.0,92
2024-08-19,SKU0195,77,117,7.0,92
2024-08-26,SKU0195,136,274,7.0,92
2024-09-02,SKU0195,118,127,7.0,92
2024-09-09,SKU0195,106,106,7.0,92
2024-09-16,SKU0195,155,291,7.0,92
2024-09-23,SKU0195,164,259,7.0,92
2024-09-30,SKU0195,163,242,7.0,92
2024-10-07,SKU0195,130,187,7.0,92
2024-10-14,SKU0195,134,214,7.0,92
2024-10-21,SKU0195,113,0,7.0,92
2024-10-28,SKU0195,99,102,7.0,92
2024-11-04,SKU0195,74,236,7.0,92
2024-11-11,SKU0195,70,125,7.0,92
2024-11-18,SKU0195,111,222,7.0,92
2024-11-25,SKU0195,128,225,7.0,92
2024-12-02,SKU0195,139,269,7.0,92
2024-12-09,SKU0195,104,0,7.0,92
2024-12-16,SKU0195,101,250,7.0,92
2024-12-23,SKU0195,122,241,7.0,92
2024-12-30,SKU0195,109,235,7.0,92
2025-01-06,SKU0195,169,298,7.0,92
2025-01-13,SKU0195,92,0,7.0,92
2025-01-20,SKU0195,112,179,7.0,92
2025-01-27,SKU0195,95,0,7.0,92
2025-02-03,SKU0195,139,249,7.0,92
2025-02-10,SKU0195,120,0,7.0,92
2025-02-17,SKU0195,96,0,7.0,92
2025-02-24,SKU0195,146,282,7.0,92
2025-03-03,SKU0195,117,0,7.0,92
2025-03-10,SKU0195,108,255,7.0,92
2025-03-17,SKU0195,47,121,7.0,92
2025-03-24,SKU0195,58,194,7.0,92
2025-03-31,SKU0195,70,190,7.0,92
2025-04-07,SKU0195,79,151,7.0,92
2025-04-14,SKU0195,87,145,7.0,92
2025-04-21,SKU0195,77,154,7.0,92
2025-04-28,SKU0195,95,254,7.0,92
2025-05-05,SKU0195,154,254,7.0,92
2025-05-12,SKU0195,105,0,7.0,92
2025-05-19,SKU0195,60,143,7.0,92
2025-05-26,SKU0195,44,147,7.0,92
2025-06-02,SKU0195,82,274,7.0,92
2025-06-09,SKU0195,93,129,7.0,92
2025-06-16,SKU0195,83,130,7.0,92
2025-06-23,SKU0195,139,229,7.0,92
2025-06-30,SKU0195,128,0,7.0,92
2025-07-07,SKU0195,99,0,7.0,92
2025-07-14,SKU0195,95,166,7.0,92
2025-07-21,SKU0195,155,265,7.0,92
2025-07-28,SKU0195,143,180,7.0,92
2025-08-04,SKU0195,94,0,7.0,92
2025-08-11,SKU0195,168,284,7.0,92
2025-08-18,SKU0195,146,0,7.0,92
2025-08-25,SKU0195,118,0,7.0,92
2025-09-01,SKU0195,130,171,7.0,92
2025-09-08,SKU0195,114,0,,92
2025-09-15,SKU0195,77,119,7.0,92
2025-09-22,SKU0195,66,213,7.0,92
2025-09-29,SKU0195,36,120,7.0,92
2025-10-06,SKU0195,70,236,7.0,92
2025-10-13,SKU0195,84,222,7.0,92
2025-10-20,SKU0195,96,196,7.0,92
2025-10-27,SKU0195,84,163,7.0,92
2025-11-03,SKU0195,81,273,7.0,92
2025-11-10,SKU0195,111,193,7.0,92
2025-11-17,SKU0195,115,259,7.0,92
2025-11-24,SKU0195,99,0,7.0,92
2025-12-01,SKU0195,158,232,7.0,92
2025-12-08,SKU0195,106,0,7.0,92
2025-12-15,SKU0195,89,201,7.0,92
2025-12-22,SKU0195,146,253,7.0,92
2025-12-29,SKU0195,114,0,7.0,92
2024-01-01,SKU0196,256,0,14.0,120
2024-01-08,SKU0196,179,0,14.0,120
2024-01-15,SKU0196,158,227,14.0,120
2024-01-22,SKU0196,114,102,14.0,120
2024-01-29,SKU0196,66,132,14.0,120
2024-02-05,SKU0196,66,115,14.0,120
2024-02-12,SKU0196,127,298,14.0,120
2024-02-19,SKU0196,91,191,14.0,120
2024-02-26,SKU0196,41,129,14.0,120
2024-03-04,SKU0196,63,212,14.0,120
2024-03-11,SKU0196,39,125,14.0,120
2024-03-18,SKU0196,87,292,14.0,120
2024-03-25,SKU0196,89,118,14.0,120
2024-04-01,SKU0196,86,163,14.0,120
2024-04-08,SKU0196,65,211,14.0,120
2024-04-15,SKU0196,57,193,,120
2024-04-22,SKU0196,35,117,14.0,120
2024-04-29,SKU0196,62,209,14.0,120
2024-05-06,SKU0196,60,202,14.0,120
2024-05-13,SKU0196,51,173,14.0,120
2024-05-20,SKU0196,110,260,14.0,120
2024-05-27,SKU0196,110,202,14.0,120
2024-06-03,SKU0196,105,184,14.0,120
2024-06-10,SKU0196,122,254,14.0,120
2024-06-17,SKU0196,112,189,14.0,120
2024-06-24,SKU0196,74,199,14.0,120
2024-07-01,SKU0196,92,278,14.0,120
2024-07-08,SKU0196,93,132,14.0,120
2024-07-15,SKU0196,142,286,14.0,120
2024-07-22,SKU0196,140,299,14.0,120
2024-07-29,SKU0196,120,0,14.0,120
2024-08-05,SKU0196,112,256,14.0,120
2024-08-12,SKU0196,108,237,14.0,120
2024-08-19,SKU0196,101,163,14.0,120
2024-08-26,SKU0196,103,175,14.0,120
2024-09-02,SKU0196,70,139,14.0,120
2024-09-09,SKU0196,86,289,14.0,120
2024-09-16,SKU0196,77,179,14.0,120
2024-09-23,SKU0196,105,210,14.0,120
2024-09-30,SKU0196,124,102,14.0,120
2024-10-07,SKU0196,125,115,14.0,120
2024-10-14,SKU0196,203,299,14.0,120
2024-10-21,SKU0196,143,0,14.0,120
2024-10-28,SKU0196,75,103,14.0,120
2024-11-04,SKU0196,61,204,14.0,120
2024-11-11,SKU0196,52,175,14.0,120
2024-11-18,SKU0196,108,233,14.0,120
2024-11-25,SKU0196,106,213,14.0,120
2024-12-02,SKU0196,139,278,14.0,120
2024-12-09,SKU0196,183,227,14.0,120
2024-12-16,SKU0196,141,0,14.0,120
2024-12-23,SKU0196,172,187,,120
2024-12-30,SKU0196,153,0,14.0,120
2025-01-06,SKU0196,182,273,14.0,120
2025-01-13,SKU0196,140,0,14.0,120
2025-01-20,SKU0196,156,265,14.0,120
2025-01-27,SKU0196,145,268,14.0,120
2025-02-03,SKU0196,134,165,14.0,120
2025-02-10,SKU0196,137,111,14.0,120
2025-02-17,SKU0196,142,111,14.0,120
2025-02-24,SKU0196,99,100,14.0,120
2025-03-03,SKU0196,56,175,14.0,120
2025-03-10,SKU0196,72,240,14.0,120
2025-03-17,SKU0196,63,211,14.0,120
2025-03-24,SKU0196,65,110,14.0,120
2025-03-31,SKU0196,61,119,14.0,120
2025-04-07,SKU0196,41,139,14.0,120
2025-04-14,SKU0196,63,213,14.0,120
2025-04-21,SKU0196,79,264,14.0,120
2025-04-28,SKU0196,33,111,14.0,120
2025-05-05,SKU0196,44,148,14.0,120
2025-05-12,SKU0196,42,113,14.0,120
2025-05-19,SKU0196,56,162,14.0,120
2025-05-26,SKU0196,80,269,14.0,120
2025-06-02,SKU0196,62,107,14.0,120
2025-06-09,SKU0196,58,196,,120
2025-06-16,SKU0196,50,134,14.0,120
2025-06-23,SKU0196,33,111,14.0,120
2025-06-30,SKU0196,56,110,14.0,120
2025-07-07,SKU0196,76,254,14.0,120
2025-07-14,SKU0196,132,271,14.0,120
2025-07-21,SKU0196,77,151,14.0,120
2025-07-28,SKU0196,43,119,14.0,120
2025-08-04,SKU0196,42,143,14.0,120
2025-08-11,SKU0196,59,198,14.0,120
2025-08-18,SKU0196,77,145,14.0,120
2025-08-25,SKU0196,52,174,14.0,120
2025-09-01,SKU0196,52,176,14.0,120
2025-09-08,SKU0196,81,270,14.0,120
2025-09-15,SKU0196,90,130,14.0,120
2025-09-22,SKU0196,64,175,14.0,120
2025-09-29,SKU0196,74,137,14.0,120
2025-10-06,SKU0196,70,234,14.0,120
2025-10-13,SKU0196,95,204,14.0,120
2025-10-20,SKU0196,140,290,14.0,120
2025-10-27,SKU0196,104,123,14.0,120
2025-11-03,SKU0196,141,268,14.0,120
2025-11-10,SKU0196,168,295,14.0,120
2025-11-17,SKU0196,150,0,14.0,120
2025-11-24,SKU0196,127,169,14.0,120
2025-12-01,SKU0196,149,274,14.0,120
2025-12-08,SKU0196,120,0,14.0,120
2025-12-15,SKU0196,81,135,14.0,120
2025-12-22,SKU0196,65,131,14.0,120
2025-12-29,SKU0196,94,239,14.0,120
2024-01-01,SKU0197,344,0,21.0,35
2024-01-08,SKU0197,328,0,21.0,35
2024-01-15,SKU0197,267,0,21.0,35
2024-01-22,SKU0197,177,0,21.0,35
2024-01-29,SKU0197,125,0,21.0,35
2024-02-05,SKU0197,37,0,21.0,35
2024-02-12,SKU0197,46,155,21.0,35
2024-02-19,SKU0197,82,274,21.0,35
2024-02-26,SKU0197,75,177,21.0,35
2024-03-04,SKU0197,69,156,21.0,35
2024-03-11,SKU0197,90,250,21.0,35
2024-03-18,SKU0197,68,213,21.0,35
2024-03-25,SKU0197,98,214,21.0,35
2024-04-01,SKU0197,79,0,21.0,35
2024-04-08,SKU0197,83,277,21.0,35
2024-04-15,SKU0197,85,272,21.0,35
2024-04-22,SKU0197,40,129,21.0,35
2024-04-29,SKU0197,37,126,21.0,35
2024-05-06,SKU0197,43,146,21.0,35
2024-05-13,SKU0197,44,148,21.0,35
2024-05-20,SKU0197,79,264,21.0,35
2024-05-27,SKU0197,74,247,21.0,35
2024-06-03,SKU0197,54,0,21.0,35
2024-06-10,SKU0197,48,160,21.0,35
2024-06-17,SKU0197,56,118,21.0,35
2024-06-24,SKU0197,80,268,21.0,35
2024-07-01,SKU0197,54,106,21.0,35
2024-07-08,SKU0197,82,276,21.0,35
2024-07-15,SKU0197,53,0,21.0,35
2024-07-22,SKU0197,98,229,21.0,35
2024-07-29,SKU0197,78,0,21.0,35
2024-08-05,SKU0197,53,110,21.0,35
2024-08-12,SKU0197,65,219,21.0,35
2024-08-19,SKU0197,96,275,21.0,35
2024-08-26,SKU0197,63,176,21.0,35
2024-09-02,SKU0197,47,135,21.0,35
2024-09-09,SKU0197,85,285,21.0,35
2024-09-16,SKU0197,41,137,21.0,35
2024-09-23,SKU0197,73,244,21.0,35
2024-09-30,SKU0197,48,0,21.0,35
2024-10-07,SKU0197,81,270,21.0,35
2024-10-14,SKU0197,36,0,21.0,35
2024-10-21,SKU0197,72,242,21.0,35
2024-10-28,SKU0197,48,0,21.0,35
2024-11-04,SKU0197,92,293,21.0,35
2024-11-11,SKU0197,60,161,21.0,35
2024-11-18,SKU0197,73,203,21.0,35
2024-11-25,SKU0197,68,148,21.0,35
2024-12-02,SKU0197,82,274,21.0,35
2024-12-09,SKU0197,66,133,21.0,35
2024-12-16,SKU0197,55,185,21.0,35
2024-12-23,SKU0197,34,116,21.0,35
2024-12-30,SKU0197,106,294,21.0,35
2025-01-06,SKU0197,56,105,21.0,35
2025-01-13,SKU0197,43,0,21.0,35
2025-01-20,SKU0197,69,233,21.0,35
2025-01-27,SKU0197,82,230,21.0,35
2025-02-03,SKU0197,61,0,21.0,35
2025-02-10,SKU0197,65,217,21.0,35
2025-02-17,SKU0197,41,0,21.0,35
2025-02-24,SKU0197,82,275,21.0,35
2025-03-03,SKU0197,66,144,21.0,35
2025-03-10,SKU0197,78,262,21.0,35
2025-03-17,SKU0197,81,270,21.0,35
2025-03-24,SKU0197,48,0,21.0,35
2025-03-31,SKU0197,60,202,21.0,35
2025-04-07,SKU0197,36,0,21.0,35
2025-04-14,SKU0197,40,135,21.0,35
2025-04-21,SKU0197,98,241,21.0,35
2025-04-28,SKU0197,60,188,21.0,35
2025-05-05,SKU0197,80,267,21.0,35
2025-05-12,SKU0197,105,255,21.0,35
2025-05-19,SKU0197,79,190,21.0,35
2025-05-26,SKU0197,50,0,21.0,35
2025-06-02,SKU0197,37,125,21.0,35
2025-06-09,SKU0197,66,223,21.0,35
2025-06-16,SKU0197,61,206,21.0,35
2025-06-23,SKU0197,61,129,21.0,35
2025-06-30,SKU0197,94,210,21.0,35
2025-07-07,SKU0197,76,167,21.0,35
2025-07-14,SKU0197,93,256,21.0,35
2025-07-21,SKU0197,73,194,21.0,35
2025-07-28,SKU0197,48,160,21.0,35
2025-08-04,SKU0197,76,255,21.0,35
2025-08-11,SKU0197,38,0,21.0,35
2025-08-18,SKU0197,81,272,21.0,35
2025-08-25,SKU0197,60,0,21.0,35
2025-09-01,SKU0197,49,165,21.0,35
2025-09-08,SKU0197,54,180,21.0,35
2025-09-15,SKU0197,80,269,21.0,35
2025-09-22,SKU0197,78,234,21.0,35
2025-09-29,SKU0197,68,165,21.0,35
2025-10-06,SKU0197,66,137,21.0,35
2025-10-13,SKU0197,39,0,21.0,35
2025-10-20,SKU0197,69,232,21.0,35
2025-10-27,SKU0197,76,173,21.0,35
2025-11-03,SKU0197,61,0,21.0,35
2025-11-10,SKU0197,47,0,21.0,35
2025-11-17,SKU0197,38,128,21.0,35
2025-11-24,SKU0197,58,153,21.0,35
2025-12-01,SKU0197,45,150,21.0,35
2025-12-08,SKU0197,48,162,21.0,35
2025-12-15,SKU0197,84,279,21.0,35
2025-12-22,SKU0197,69,0,21.0,35
2025-12-29,SKU0197,76,256,21.0,35
2025-03-31,SKU0198,283,0,14.0,23
2025-04-07,SKU0198,209,0,14.0,23
2025-04-14,SKU0198,118,0,14.0,23
2025-04-21,SKU0198,60,0,14.0,23
2025-04-28,SKU0198,66,222,14.0,23
2025-05-05,SKU0198,61,204,14.0,23
2025-05-12,SKU0198,36,0,14.0,23
2025-05-19,SKU0198,63,212,14.0,23
2025-05-26,SKU0198,80,268,14.0,23
2025-06-02,SKU0198,53,128,14.0,23
2025-06-09,SKU0198,48,162,14.0,23
2025-06-16,SKU0198,45,129,14.0,23
2025-06-23,SKU0198,30,101,14.0,23
2025-06-30,SKU0198,36,121,14.0,23
2025-07-07,SKU0198,42,142,14.0,23
2025-07-14,SKU0198,41,138,14.0,23
2025-07-21,SKU0198,33,113,14.0,23
2025-07-28,SKU0198,56,135,14.0,23
2025-08-04,SKU0198,32,108,14.0,23
2025-08-11,SKU0198,32,108,14.0,23
2025-08-18,SKU0198,78,263,14.0,23
2025-08-25,SKU0198,40,0,14.0,23
2025-09-01,SKU0198,63,212,14.0,23
2025-09-08,SKU0198,37,0,14.0,23
2025-09-15,SKU0198,82,275,14.0,23
2025-09-22,SKU0198,78,261,14.0,23
2025-09-29,SKU0198,102,298,14.0,23
2025-10-06,SKU0198,75,0,14.0,23
2025-10-13,SKU0198,30,0,,23
2025-10-20,SKU0198,38,128,14.0,23
2025-10-27,SKU0198,72,243,14.0,23
2025-11-03,SKU0198,29,0,14.0,23
2025-11-10,SKU0198,76,255,14.0,23
2025-11-17,SKU0198,90,291,14.0,23
2025-11-24,SKU0198,100,276,14.0,23
2025-12-01,SKU0198,41,110,14.0,23
2025-12-08,SKU0198,39,131,14.0,23
2025-12-15,SKU0198,42,140,14.0,23
2025-12-22,SKU0198,72,239,14.0,23
2025-12-29,SKU0198,47,0,14.0,23
2024-01-01,SKU0199,87,0,30.0,51
2024-01-08,SKU0199,66,0,30.0,51
2024-01-15,SKU0199,48,160,30.0,51
2024-01-22,SKU0199,35,117,30.0,51
2024-01-29,SKU0199,43,110,30.0,51
2024-02-05,SKU0199,83,278,30.0,51
2024-02-12,SKU0199,67,0,30.0,51
2024-02-19,SKU0199,34,116,30.0,51
2024-02-26,SKU0199,43,106,30.0,51
2024-03-04,SKU0199,105,259,30.0,51
2024-03-11,SKU0199,72,0,30.0,51
2024-03-18,SKU0199,32,108,30.0,51
2024-03-25,SKU0199,42,140,30.0,51
2024-04-01,SKU0199,58,194,30.0,51
2024-04-08,SKU0199,80,232,30.0,51
2024-04-15,SKU0199,84,274,30.0,51
2024-04-22,SKU0199,67,0,30.0,51
2024-04-29,SKU0199,81,272,30.0,51
2024-05-06,SKU0199,108,266,30.0,51
2024-05-13,SKU0199,67,0,30.0,51
2024-05-20,SKU0199,82,276,30.0,51
2024-05-27,SKU0199,72,0,30.0,51
2024-06-03,SKU0199,40,134,30.0,51
2024-06-10,SKU0199,58,195,30.0,51
2024-06-17,SKU0199,87,196,30.0,51
2024-06-24,SKU0199,107,203,30.0,51
2024-07-01,SKU0199,59,0,30.0,51
2024-07-08,SKU0199,112,244,30.0,51
2024-07-15,SKU0199,93,0,30.0,51
2024-07-22,SKU0199,81,0,30.0,51
2024-07-29,SKU0199,85,230,30.0,51
2024-08-05,SKU0199,62,193,30.0,51
2024-08-12,SKU0199,115,264,30.0,51
2024-08-19,SKU0199,57,114,30.0,51
2024-08-26,SKU0199,83,258,30.0,51
2024-09-02,SKU0199,55,185,30.0,51
2024-09-09,SKU0199,43,144,30.0,51
2024-09-16,SKU0199,78,262,30.0,51
2024-09-23,SKU0199,30,102,30.0,51
2024-09-30,SKU0199,74,247,30.0,51
2024-10-07,SKU0199,53,0,30.0,51
2024-10-14,SKU0199,64,214,30.0,51
2024-10-21,SKU0199,39,122,30.0,51
2024-10-28,SKU0199,53,177,30.0,51
2024-11-04,SKU0199,78,169,30.0,51
2024-11-11,SKU0199,101,294,30.0,51
2024-11-18,SKU0199,43,104,30.0,51
2024-11-25,SKU0199,55,141,30.0,51
2024-12-02,SKU0199,71,228,30.0,51
2024-12-09,SKU0199,38,129,30.0,51
2024-12-16,SKU0199,40,134,30.0,51
2024-12-23,SKU0199,51,173,30.0,51
2024-12-30,SKU0199,82,275,30.0,51
2025-01-06,SKU0199,38,129,30.0,51
2025-01-13,SKU0199,76,223,30.0,51
2025-01-20,SKU0199,75,105,30.0,51
2025-01-27,SKU0199,83,175,30.0,51
2025-02-03,SKU0199,92,262,30.0,51
2025-02-10,SKU0199,101,297,30.0,51
2025-02-17,SKU0199,108,282,30.0,51
2025-02-24,SKU0199,60,0,30.0,51
2025-03-03,SKU0199,74,249,30.0,51
2025-03-10,SKU0199,57,0,30.0,51
2025-03-17,SKU0199,128,296,30.0,51
2025-03-24,SKU0199,98,0,30.0,51
2025-03-31,SKU0199,117,254,30.0,51
2025-04-07,SKU0199,101,0,30.0,51
2025-04-14,SKU0199,105,218,30.0,51
2025-04-21,SKU0199,59,160,30.0,51
2025-04-28,SKU0199,35,119,30.0,51
2025-05-05,SKU0199,30,100,30.0,51
2025-05-12,SKU0199,69,233,30.0,51
2025-05-19,SKU0199,71,238,30.0,51
2025-05-26,SKU0199,77,240,30.0,51
2025-06-02,SKU0199,81,159,30.0,51
2025-06-09,SKU0199,53,0,30.0,51
2025-06-16,SKU0199,48,162,30.0,51
2025-06-23,SKU0199,53,122,30.0,51
2025-06-30,SKU0199,76,255,30.0,51
2025-07-07,SKU0199,69,129,30.0,51
2025-07-14,SKU0199,77,257,30.0,51
2025-07-21,SKU0199,74,243,30.0,51
2025-07-28,SKU0199,51,0,30.0,51
2025-08-04,SKU0199,30,102,30.0,51
2025-08-11,SKU0199,35,119,30.0,51
2025-08-18,SKU0199,71,237,30.0,51
2025-08-25,SKU0199,79,189,30.0,51
2025-09-01,SKU0199,125,255,30.0,51
2025-09-08,SKU0199,57,0,30.0,51
2025-09-15,SKU0199,53,112,30.0,51
2025-09-22,SKU0199,104,284,30.0,51
2025-09-29,SKU0199,43,124,30.0,51
2025-10-06,SKU0199,86,289,30.0,51
2025-10-13,SKU0199,71,193,30.0,51
2025-10-20,SKU0199,100,264,,51
2025-10-27,SKU0199,67,0,30.0,51
2025-11-03,SKU0199,54,0,30.0,51
2025-11-10,SKU0199,120,267,30.0,51
2025-11-17,SKU0199,91,0,30.0,51
2025-11-24,SKU0199,59,0,30.0,51
2025-12-01,SKU0199,72,242,30.0,51
2025-12-08,SKU0199,51,163,30.0,51
2025-12-15,SKU0199,107,269,30.0,51
2025-12-22,SKU0199,51,0,30.0,51
2025-12-29,SKU0199,36,122,30.0,51
2024-10-28,SKU0200,313,0,7.0,36
2024-11-04,SKU0200,255,0,7.0,36
2024-11-11,SKU0200,156,0,7.0,36
2024-11-18,SKU0200,122,0,7.0,36
2024-11-25,SKU0200,105,276,7.0,36
2024-12-02,SKU0200,51,0,7.0,36
2024-12-09,SKU0200,42,143,7.0,36
2024-12-16,SKU0200,96,273,7.0,36
2024-12-23,SKU0200,92,287,7.0,36
2024-12-30,SKU0200,65,0,7.0,36
2025-01-06,SKU0200,71,239,7.0,36
2025-01-13,SKU0200,75,250,7.0,36
2025-01-20,SKU0200,112,281,7.0,36
2025-01-27,SKU0200,40,0,7.0,36
2025-02-03,SKU0200,43,146,7.0,36
2025-02-10,SKU0200,87,293,7.0,36
2025-02-17,SKU0200,92,276,7.0,36
2025-02-24,SKU0200,60,111,7.0,36
2025-03-03,SKU0200,80,152,7.0,36
2025-03-10,SKU0200,78,164,7.0,36
2025-03-17,SKU0200,38,0,7.0,36
2025-03-24,SKU0200,67,134,7.0,36
2025-03-31,SKU0200,50,0,7.0,36
2025-04-07,SKU0200,75,252,,36
2025-04-14,SKU0200,59,0,7.0,36
2025-04-21,SKU0200,54,146,7.0,36
2025-04-28,SKU0200,33,110,7.0,36
2025-05-05,SKU0200,33,110,7.0,36
2025-05-12,SKU0200,55,186,7.0,36
2025-05-19,SKU0200,62,207,7.0,36
2025-05-26,SKU0200,80,168,7.0,36
2025-06-02,SKU0200,57,0,7.0,36
2025-06-09,SKU0200,63,210,7.0,36
2025-06-16,SKU0200,76,255,7.0,36
2025-06-23,SKU0200,112,260,7.0,36
2025-06-30,SKU0200,68,137,7.0,36
2025-07-07,SKU0200,36,122,7.0,36
2025-07-14,SKU0200,75,251,7.0,36
2025-07-21,SKU0200,62,207,7.0,36
2025-07-28,SKU0200,67,223,7.0,36
2025-08-04,SKU0200,50,0,7.0,36
2025-08-11,SKU0200,70,234,7.0,36
2025-08-18,SKU0200,84,283,7.0,36
2025-08-25,SKU0200,66,0,7.0,36
2025-09-01,SKU0200,79,169,7.0,36
2025-09-08,SKU0200,38,0,7.0,36
2025-09-15,SKU0200,82,274,7.0,36
2025-09-22,SKU0200,41,123,7.0,36
2025-09-29,SKU0200,86,256,7.0,36
2025-10-06,SKU0200,77,257,7.0,36
2025-10-13,SKU0200,75,207,7.0,36
2025-10-20,SKU0200,65,110,7.0,36
2025-10-27,SKU0200,92,225,7.0,36
2025-11-03,SKU0200,43,0,7.0,36
2025-11-10,SKU0200,69,233,7.0,36
2025-11-17,SKU0200,46,155,7.0,36
2025-11-24,SKU0200,118,289,7.0,36
2025-12-01,SKU0200,105,0,7.0,36
2025-12-08,SKU0200,70,0,7.0,36
2025-12-15,SKU0200,69,151,7.0,36
2025-12-22,SKU0200,37,126,7.0,36
2025-12-29,SKU0200,86,289,7.0,36
